{
    "annotations": {
        "list": [
            {
                "builtIn": 1,
                "datasource": {
                    "type": "grafana",
                    "uid": "-- Grafana --"
                },
                "enable": true,
                "hide": true,
                "iconColor": "rgba(0, 211, 255, 1)",
                "name": "Annotations & Alerts",
                "target": {
                    "limit": 100,
                    "matchAny": false,
                    "tags": [],
                    "type": "dashboard"
                },
                "type": "dashboard"
            }
        ]
    },
    "editable": true,
    "fiscalYearStartMonth": 0,
    "graphTooltip": 0,
    "id": 15,
    "links": [],
    "liveNow": false,
    "panels": [
        {
            "gridPos": {
                "h": 1,
                "w": 24,
                "x": 0,
                "y": 0
            },
            "id": 10,
            "title": "Бизнес метрики",
            "type": "row"
        },
        {
            "datasource": {
                "type": "prometheus",
                "uid": "grafanacloud-prom"
            },
            "fieldConfig": {
                "defaults": {
                    "color": {
                        "mode": "palette-classic"
                    },
                    "custom": {
                        "axisLabel": "",
                        "axisPlacement": "auto",
                        "barAlignment": 0,
                        "drawStyle": "line",
                        "fillOpacity": 0,
                        "gradientMode": "none",
                        "hideFrom": {
                            "legend": false,
                            "tooltip": false,
                            "viz": false
                        },
                        "lineInterpolation": "linear",
                        "lineWidth": 1,
                        "pointSize": 5,
                        "scaleDistribution": {
                            "type": "linear"
                        },
                        "showPoints": "auto",
                        "spanNulls": false,
                        "stacking": {
                            "group": "A",
                            "mode": "none"
                        },
                        "thresholdsStyle": {
                            "mode": "off"
                        }
                    },
                    "mappings": [],
                    "thresholds": {
                        "mode": "absolute",
                        "steps": [
                            {
                                "color": "green"
                            },
                            {
                                "color": "red",
                                "value": 80
                            }
                        ]
                    }
                },
                "overrides": []
            },
            "gridPos": {
                "h": 8,
                "w": 11,
                "x": 0,
                "y": 1
            },
            "id": 6,
            "options": {
                "legend": {
                    "calcs": [],
                    "displayMode": "list",
                    "placement": "bottom"
                },
                "tooltip": {
                    "mode": "single",
                    "sort": "none"
                }
            },
            "targets": [
                {
                    "datasource": {
                        "type": "prometheus",
                        "uid": "grafanacloud-prom"
                    },
                    "editorMode": "code",
                    "expr": "tinkoff_last_price",
                    "legendFormat": "{{figi}}",
                    "range": true,
                    "refId": "A"
                }
            ],
            "title": "Цена",
            "type": "timeseries"
        },
        {
            "aliasColors": {},
            "bars": false,
            "dashLength": 10,
            "dashes": false,
            "datasource": {
                "type": "prometheus",
                "uid": "grafanacloud-prom"
            },
            "fill": 1,
            "fillGradient": 0,
            "gridPos": {
                "h": 8,
                "w": 10,
                "x": 11,
                "y": 1
            },
            "hiddenSeries": false,
            "id": 12,
            "legend": {
                "avg": false,
                "current": false,
                "max": false,
                "min": false,
                "show": true,
                "total": false,
                "values": false
            },
            "lines": true,
            "linewidth": 1,
            "nullPointMode": "null",
            "options": {
                "alertThreshold": true
            },
            "percentage": false,
            "pluginVersion": "8.5.2",
            "pointradius": 2,
            "points": false,
            "renderer": "flot",
            "seriesOverrides": [
                {
                    "alias": "balance 2169020167 BBG000000001",
                    "yaxis": 2
                }
            ],
            "spaceLength": 10,
            "stack": false,
            "steppedLine": false,
            "targets": [
                {
                    "datasource": {
                        "type": "prometheus",
                        "uid": "grafanacloud-prom"
                    },
                    "editorMode": "code",
                    "expr": "tinkoff_position",
                    "legendFormat": "position {{account}} {{currency}}",
                    "range": true,
                    "refId": "A"
                },
                {
                    "datasource": {
                        "type": "prometheus",
                        "uid": "grafanacloud-prom"
                    },
                    "editorMode": "code",
                    "expr": "tinkoff_balance",
                    "hide": false,
                    "legendFormat": "balance {{account}} {{figi}}",
                    "range": true,
                    "refId": "B"
                }
            ],
            "thresholds": [],
            "timeRegions": [],
            "title": "Позиция/Баланс",
            "tooltip": {
                "shared": true,
                "sort": 0,
                "value_type": "individual"
            },
            "type": "graph",
            "xaxis": {
                "mode": "time",
                "show": true,
                "values": []
            },
            "yaxes": [
                {
                    "format": "short",
                    "logBase": 1,
                    "show": true
                },
                {
                    "format": "short",
                    "logBase": 1,
                    "show": true
                }
            ],
            "yaxis": {
                "align": false
            }
        },
        {
            "datasource": {
                "type": "prometheus",
                "uid": "grafanacloud-prom"
            },
            "fieldConfig": {
                "defaults": {
                    "color": {
                        "mode": "thresholds"
                    },
                    "mappings": [],
                    "thresholds": {
                        "mode": "absolute",
                        "steps": [
                            {
                                "color": "green"
                            },
                            {
                                "color": "red",
                                "value": 80
                            }
                        ]
                    }
                },
                "overrides": []
            },
            "gridPos": {
                "h": 4,
                "w": 3,
                "x": 21,
                "y": 1
            },
            "id": 16,
            "options": {
                "colorMode": "value",
                "graphMode": "area",
                "justifyMode": "auto",
                "orientation": "auto",
                "reduceOptions": {
                    "calcs": [
                        "lastNotNull"
                    ],
                    "fields": "",
                    "values": false
                },
                "textMode": "auto"
            },
            "pluginVersion": "8.5.2",
            "targets": [
                {
                    "datasource": {
                        "type": "prometheus",
                        "uid": "grafanacloud-prom"
                    },
                    "editorMode": "code",
                    "expr": "tinkoff_position",
                    "legendFormat": "__auto",
                    "range": true,
                    "refId": "A"
                }
            ],
            "title": "Текущие позиции (руб)",
            "type": "stat"
        },
        {
            "datasource": {
                "type": "prometheus",
                "uid": "grafanacloud-prom"
            },
            "description": "",
            "fieldConfig": {
                "defaults": {
                    "color": {
                        "mode": "thresholds"
                    },
                    "mappings": [],
                    "thresholds": {
                        "mode": "absolute",
                        "steps": [
                            {
                                "color": "green"
                            },
                            {
                                "color": "red",
                                "value": 80
                            }
                        ]
                    }
                },
                "overrides": []
            },
            "gridPos": {
                "h": 4,
                "w": 3,
                "x": 21,
                "y": 5
            },
            "id": 14,
            "options": {
                "colorMode": "value",
                "graphMode": "area",
                "justifyMode": "auto",
                "orientation": "auto",
                "reduceOptions": {
                    "calcs": [
                        "lastNotNull"
                    ],
                    "fields": "",
                    "values": false
                },
                "textMode": "auto"
            },
            "pluginVersion": "8.5.2",
            "targets": [
                {
                    "datasource": {
                        "type": "prometheus",
                        "uid": "grafanacloud-prom"
                    },
                    "editorMode": "code",
                    "expr": "tinkoff_balance",
                    "legendFormat": "{{account}} - {{figi}}",
                    "range": true,
                    "refId": "A"
                }
            ],
            "title": "Текущий баланс (шт)",
            "type": "stat"
        },
        {
            "collapsed": false,
            "gridPos": {
                "h": 1,
                "w": 24,
                "x": 0,
                "y": 9
            },
            "id": 8,
            "panels": [],
            "title": "Технические метрики",
            "type": "row"
        },
        {
            "datasource": {
                "type": "prometheus",
                "uid": "grafanacloud-prom"
            },
            "fieldConfig": {
                "defaults": {
                    "color": {
                        "mode": "palette-classic"
                    },
                    "custom": {
                        "axisLabel": "",
                        "axisPlacement": "auto",
                        "barAlignment": 0,
                        "drawStyle": "line",
                        "fillOpacity": 0,
                        "gradientMode": "none",
                        "hideFrom": {
                            "legend": false,
                            "tooltip": false,
                            "viz": false
                        },
                        "lineInterpolation": "stepBefore",
                        "lineWidth": 1,
                        "pointSize": 5,
                        "scaleDistribution": {
                            "type": "linear"
                        },
                        "showPoints": "auto",
                        "spanNulls": false,
                        "stacking": {
                            "group": "A",
                            "mode": "none"
                        },
                        "thresholdsStyle": {
                            "mode": "off"
                        }
                    },
                    "mappings": [],
                    "thresholds": {
                        "mode": "absolute",
                        "steps": [
                            {
                                "color": "green"
                            },
                            {
                                "color": "red",
                                "value": 80
                            }
                        ]
                    },
                    "unit": "s"
                },
                "overrides": []
            },
            "gridPos": {
                "h": 8,
                "w": 12,
                "x": 0,
                "y": 10
            },
            "id": 2,
            "options": {
                "legend": {
                    "calcs": [],
                    "displayMode": "list",
                    "placement": "bottom"
                },
                "tooltip": {
                    "mode": "single",
                    "sort": "none"
                }
            },
            "targets": [
                {
                    "datasource": {
                        "type": "prometheus",
                        "uid": "grafanacloud-prom"
                    },
                    "editorMode": "code",
                    "expr": "histogram_quantile(0.99, sum(rate(bot_step_time_seconds_bucket[$__rate_interval])) by (le))",
                    "hide": false,
                    "legendFormat": "quantile99",
                    "range": true,
                    "refId": "A"
                },
                {
                    "datasource": {
                        "type": "prometheus",
                        "uid": "grafanacloud-prom"
                    },
                    "editorMode": "code",
                    "expr": "histogram_quantile(1, sum(rate(bot_step_time_seconds_bucket[$__rate_interval])) by (le))",
                    "hide": false,
                    "legendFormat": "max",
                    "range": true,
                    "refId": "B"
                }
            ],
            "title": "Время обработки пришедшей свечи",
            "type": "timeseries"
        },
        {
            "datasource": {
                "type": "prometheus",
                "uid": "grafanacloud-prom"
            },
            "fieldConfig": {
                "defaults": {
                    "color": {
                        "mode": "palette-classic"
                    },
                    "custom": {
                        "axisLabel": "",
                        "axisPlacement": "auto",
                        "barAlignment": 0,
                        "drawStyle": "line",
                        "fillOpacity": 0,
                        "gradientMode": "none",
                        "hideFrom": {
                            "legend": false,
                            "tooltip": false,
                            "viz": false
                        },
                        "lineInterpolation": "linear",
                        "lineWidth": 1,
                        "pointSize": 5,
                        "scaleDistribution": {
                            "type": "linear"
                        },
                        "showPoints": "auto",
                        "spanNulls": false,
                        "stacking": {
                            "group": "A",
                            "mode": "none"
                        },
                        "thresholdsStyle": {
                            "mode": "off"
                        }
                    },
                    "mappings": [],
                    "thresholds": {
                        "mode": "absolute",
                        "steps": [
                            {
                                "color": "green"
                            },
                            {
                                "color": "red",
                                "value": 80
                            }
                        ]
                    }
                },
                "overrides": []
            },
            "gridPos": {
                "h": 8,
                "w": 12,
                "x": 12,
                "y": 10
            },
            "id": 4,
            "options": {
                "legend": {
                    "calcs": [],
                    "displayMode": "list",
                    "placement": "bottom"
                },
                "tooltip": {
                    "mode": "single",
                    "sort": "none"
                }
            },
            "targets": [
                {
                    "datasource": {
                        "type": "prometheus",
                        "uid": "grafanacloud-prom"
                    },
                    "editorMode": "code",
                    "expr": "rate(grpc_client_msg_sent_total[$__rate_interval])",
                    "legendFormat": "{{grpc_method}}",
                    "range": true,
                    "refId": "A"
                }
            ],
            "title": "msg_sent",
            "type": "timeseries"
        }
    ],
    "refresh": false,
    "schemaVersion": 36,
    "style": "dark",
    "tags": [],
    "templating": {
        "list": []
    },
    "time": {
        "from": "now-6h",
        "to": "now"
    },
    "timepicker": {},
    "timezone": "",
    "title": "Alex",
    "uid": "dtQeshXnk",
    "version": 9,
    "weekStart": ""
}