{"candles":[{"open":135.07,"high":136.79,"low":135.03,"close":136.7,"volume":72254,"time":"2022-05-17T07:00:00.000Z","is_complete":true},{"open":136.69,"high":138,"low":135.84,"close":135.84,"volume":107420,"time":"2022-05-17T07:01:00.000Z","is_complete":true},{"open":136.35,"high":137.3,"low":136.12,"close":136.22,"volume":53616,"time":"2022-05-17T07:02:00.000Z","is_complete":true},{"open":136.42,"high":136.44,"low":135.7,"close":135.98,"volume":16222,"time":"2022-05-17T07:03:00.000Z","is_complete":true},{"open":135.98,"high":136.5,"low":135.78,"close":136.26,"volume":31198,"time":"2022-05-17T07:04:00.000Z","is_complete":true},{"open":136.42,"high":136.83,"low":136.42,"close":136.61,"volume":11776,"time":"2022-05-17T07:05:00.000Z","is_complete":true},{"open":136.79,"high":136.85,"low":136.13,"close":136.25,"volume":26859,"time":"2022-05-17T07:06:00.000Z","is_complete":true},{"open":136.16,"high":136.35,"low":135.96,"close":136.13,"volume":19478,"time":"2022-05-17T07:07:00.000Z","is_complete":true},{"open":136.2,"high":136.9,"low":136,"close":136.9,"volume":29284,"time":"2022-05-17T07:08:00.000Z","is_complete":true},{"open":136.89,"high":136.98,"low":136.24,"close":136.5,"volume":33249,"time":"2022-05-17T07:09:00.000Z","is_complete":true},{"open":136.66,"high":136.66,"low":136.16,"close":136.34,"volume":10898,"time":"2022-05-17T07:10:00.000Z","is_complete":true},{"open":136.31,"high":136.88,"low":136,"close":136.47,"volume":32860,"time":"2022-05-17T07:11:00.000Z","is_complete":true},{"open":136.48,"high":136.49,"low":136,"close":136,"volume":26562,"time":"2022-05-17T07:12:00.000Z","is_complete":true},{"open":136.02,"high":136.17,"low":135.96,"close":136.02,"volume":10438,"time":"2022-05-17T07:13:00.000Z","is_complete":true},{"open":136.02,"high":136.02,"low":135.09,"close":135.13,"volume":45474,"time":"2022-05-17T07:14:00.000Z","is_complete":true},{"open":135.45,"high":135.75,"low":135.31,"close":135.73,"volume":4248,"time":"2022-05-17T07:15:00.000Z","is_complete":true},{"open":135.73,"high":135.76,"low":135.5,"close":135.7,"volume":5470,"time":"2022-05-17T07:16:00.000Z","is_complete":true},{"open":135.72,"high":135.94,"low":135.44,"close":135.7,"volume":17689,"time":"2022-05-17T07:17:00.000Z","is_complete":true},{"open":135.68,"high":135.95,"low":135.5,"close":135.84,"volume":7578,"time":"2022-05-17T07:18:00.000Z","is_complete":true},{"open":135.95,"high":136.25,"low":135.68,"close":135.95,"volume":14998,"time":"2022-05-17T07:19:00.000Z","is_complete":true},{"open":136.2,"high":136.25,"low":135.91,"close":136.17,"volume":3948,"time":"2022-05-17T07:20:00.000Z","is_complete":true},{"open":136.17,"high":136.18,"low":135.85,"close":136,"volume":6983,"time":"2022-05-17T07:21:00.000Z","is_complete":true},{"open":135.9,"high":136.18,"low":135.9,"close":136.18,"volume":2873,"time":"2022-05-17T07:22:00.000Z","is_complete":true},{"open":136.17,"high":136.5,"low":136.12,"close":136.36,"volume":26614,"time":"2022-05-17T07:23:00.000Z","is_complete":true},{"open":136.36,"high":136.5,"low":136.2,"close":136.39,"volume":16216,"time":"2022-05-17T07:24:00.000Z","is_complete":true},{"open":136.38,"high":136.44,"low":136.2,"close":136.38,"volume":1074,"time":"2022-05-17T07:25:00.000Z","is_complete":true},{"open":136.29,"high":136.29,"low":136.1,"close":136.1,"volume":3913,"time":"2022-05-17T07:26:00.000Z","is_complete":true},{"open":136.1,"high":136.13,"low":135.9,"close":135.98,"volume":6174,"time":"2022-05-17T07:27:00.000Z","is_complete":true},{"open":135.99,"high":136.19,"low":135.9,"close":136.19,"volume":23020,"time":"2022-05-17T07:28:00.000Z","is_complete":true},{"open":136.19,"high":136.38,"low":135.76,"close":136,"volume":53327,"time":"2022-05-17T07:29:00.000Z","is_complete":true},{"open":136.09,"high":136.3,"low":135.84,"close":136.3,"volume":1599,"time":"2022-05-17T07:30:00.000Z","is_complete":true},{"open":136.13,"high":136.3,"low":136.02,"close":136.2,"volume":1196,"time":"2022-05-17T07:31:00.000Z","is_complete":true},{"open":136.2,"high":136.24,"low":136.19,"close":136.19,"volume":417,"time":"2022-05-17T07:32:00.000Z","is_complete":true},{"open":136.12,"high":136.2,"low":136.12,"close":136.2,"volume":1485,"time":"2022-05-17T07:33:00.000Z","is_complete":true},{"open":136.26,"high":136.47,"low":136.2,"close":136.47,"volume":3286,"time":"2022-05-17T07:34:00.000Z","is_complete":true},{"open":136.47,"high":136.87,"low":136.47,"close":136.69,"volume":21236,"time":"2022-05-17T07:35:00.000Z","is_complete":true},{"open":136.83,"high":136.9,"low":136.54,"close":136.54,"volume":18117,"time":"2022-05-17T07:36:00.000Z","is_complete":true},{"open":136.84,"high":136.85,"low":136.53,"close":136.7,"volume":2344,"time":"2022-05-17T07:37:00.000Z","is_complete":true},{"open":136.56,"high":136.77,"low":136.56,"close":136.76,"volume":5042,"time":"2022-05-17T07:38:00.000Z","is_complete":true},{"open":136.76,"high":136.89,"low":136.69,"close":136.82,"volume":1580,"time":"2022-05-17T07:39:00.000Z","is_complete":true},{"open":136.8,"high":136.81,"low":136.59,"close":136.64,"volume":2582,"time":"2022-05-17T07:40:00.000Z","is_complete":true},{"open":136.77,"high":136.78,"low":136.34,"close":136.47,"volume":14820,"time":"2022-05-17T07:41:00.000Z","is_complete":true},{"open":136.48,"high":136.68,"low":136.33,"close":136.63,"volume":1404,"time":"2022-05-17T07:42:00.000Z","is_complete":true},{"open":136.4,"high":136.78,"low":136.35,"close":136.78,"volume":3265,"time":"2022-05-17T07:43:00.000Z","is_complete":true},{"open":136.68,"high":136.78,"low":136.48,"close":136.72,"volume":3749,"time":"2022-05-17T07:44:00.000Z","is_complete":true},{"open":136.66,"high":136.76,"low":136.6,"close":136.7,"volume":4187,"time":"2022-05-17T07:45:00.000Z","is_complete":true},{"open":136.67,"high":136.67,"low":136.43,"close":136.55,"volume":241,"time":"2022-05-17T07:46:00.000Z","is_complete":true},{"open":136.47,"high":136.47,"low":136.37,"close":136.47,"volume":255,"time":"2022-05-17T07:47:00.000Z","is_complete":true},{"open":136.47,"high":136.5,"low":136.38,"close":136.47,"volume":1209,"time":"2022-05-17T07:48:00.000Z","is_complete":true},{"open":136.47,"high":136.6,"low":136.37,"close":136.55,"volume":2932,"time":"2022-05-17T07:49:00.000Z","is_complete":true},{"open":136.5,"high":136.5,"low":136.35,"close":136.47,"volume":1961,"time":"2022-05-17T07:50:00.000Z","is_complete":true},{"open":136.46,"high":136.46,"low":136.14,"close":136.14,"volume":5050,"time":"2022-05-17T07:51:00.000Z","is_complete":true},{"open":136.14,"high":136.3,"low":136.08,"close":136.1,"volume":10594,"time":"2022-05-17T07:52:00.000Z","is_complete":true},{"open":136.2,"high":136.2,"low":136.14,"close":136.2,"volume":1077,"time":"2022-05-17T07:53:00.000Z","is_complete":true},{"open":136.2,"high":136.2,"low":136.15,"close":136.15,"volume":239,"time":"2022-05-17T07:54:00.000Z","is_complete":true},{"open":136.2,"high":136.36,"low":136.2,"close":136.36,"volume":990,"time":"2022-05-17T07:55:00.000Z","is_complete":true},{"open":136.36,"high":136.46,"low":136.01,"close":136.22,"volume":7777,"time":"2022-05-17T07:56:00.000Z","is_complete":true},{"open":136.2,"high":136.45,"low":136.2,"close":136.32,"volume":2311,"time":"2022-05-17T07:57:00.000Z","is_complete":true},{"open":136.4,"high":136.46,"low":136.4,"close":136.46,"volume":3422,"time":"2022-05-17T07:58:00.000Z","is_complete":true},{"open":136.45,"high":136.45,"low":136.37,"close":136.4,"volume":123,"time":"2022-05-17T07:59:00.000Z","is_complete":true},{"open":136.37,"high":136.44,"low":136.3,"close":136.4,"volume":2006,"time":"2022-05-17T08:00:00.000Z","is_complete":true},{"open":136.44,"high":136.44,"low":136.44,"close":136.44,"volume":3,"time":"2022-05-17T08:01:00.000Z","is_complete":true},{"open":136.41,"high":136.44,"low":136.4,"close":136.43,"volume":360,"time":"2022-05-17T08:02:00.000Z","is_complete":true},{"open":136.44,"high":136.5,"low":136.44,"close":136.5,"volume":5318,"time":"2022-05-17T08:03:00.000Z","is_complete":true},{"open":136.44,"high":136.5,"low":136.4,"close":136.5,"volume":205,"time":"2022-05-17T08:04:00.000Z","is_complete":true},{"open":136.5,"high":136.6,"low":136.48,"close":136.6,"volume":1040,"time":"2022-05-17T08:05:00.000Z","is_complete":true},{"open":136.6,"high":136.79,"low":136.6,"close":136.7,"volume":8624,"time":"2022-05-17T08:06:00.000Z","is_complete":true},{"open":136.7,"high":136.76,"low":136.7,"close":136.74,"volume":635,"time":"2022-05-17T08:07:00.000Z","is_complete":true},{"open":136.74,"high":136.8,"low":136.73,"close":136.74,"volume":3440,"time":"2022-05-17T08:08:00.000Z","is_complete":true},{"open":136.77,"high":136.8,"low":136.76,"close":136.8,"volume":2590,"time":"2022-05-17T08:09:00.000Z","is_complete":true},{"open":136.8,"high":136.87,"low":136,"close":136.25,"volume":43500,"time":"2022-05-17T08:10:00.000Z","is_complete":true},{"open":136.19,"high":136.41,"low":136.16,"close":136.36,"volume":2731,"time":"2022-05-17T08:11:00.000Z","is_complete":true},{"open":136.35,"high":136.72,"low":136.31,"close":136.72,"volume":12918,"time":"2022-05-17T08:12:00.000Z","is_complete":true},{"open":136.72,"high":136.72,"low":136.51,"close":136.51,"volume":13,"time":"2022-05-17T08:13:00.000Z","is_complete":true},{"open":136.68,"high":136.69,"low":136.31,"close":136.31,"volume":1006,"time":"2022-05-17T08:14:00.000Z","is_complete":true},{"open":136.3,"high":136.55,"low":136.3,"close":136.38,"volume":594,"time":"2022-05-17T08:15:00.000Z","is_complete":true},{"open":136.48,"high":136.58,"low":136.38,"close":136.45,"volume":1238,"time":"2022-05-17T08:16:00.000Z","is_complete":true},{"open":136.5,"high":136.5,"low":136.39,"close":136.42,"volume":953,"time":"2022-05-17T08:17:00.000Z","is_complete":true},{"open":136.39,"high":136.46,"low":136.38,"close":136.38,"volume":1420,"time":"2022-05-17T08:18:00.000Z","is_complete":true},{"open":136.45,"high":136.46,"low":136.45,"close":136.45,"volume":11,"time":"2022-05-17T08:19:00.000Z","is_complete":true},{"open":136.45,"high":136.6,"low":136.45,"close":136.6,"volume":7326,"time":"2022-05-17T08:20:00.000Z","is_complete":true},{"open":136.51,"high":136.56,"low":136.48,"close":136.56,"volume":557,"time":"2022-05-17T08:21:00.000Z","is_complete":true},{"open":136.55,"high":136.67,"low":136.51,"close":136.51,"volume":1189,"time":"2022-05-17T08:22:00.000Z","is_complete":true},{"open":136.55,"high":136.68,"low":136.55,"close":136.68,"volume":1026,"time":"2022-05-17T08:23:00.000Z","is_complete":true},{"open":136.66,"high":136.66,"low":136.59,"close":136.59,"volume":661,"time":"2022-05-17T08:24:00.000Z","is_complete":true},{"open":136.65,"high":136.65,"low":136.56,"close":136.57,"volume":333,"time":"2022-05-17T08:25:00.000Z","is_complete":true},{"open":136.57,"high":136.59,"low":136.56,"close":136.57,"volume":170,"time":"2022-05-17T08:26:00.000Z","is_complete":true},{"open":136.59,"high":136.8,"low":136.59,"close":136.6,"volume":7204,"time":"2022-05-17T08:27:00.000Z","is_complete":true},{"open":136.68,"high":136.75,"low":136.68,"close":136.75,"volume":1952,"time":"2022-05-17T08:28:00.000Z","is_complete":true},{"open":136.73,"high":136.77,"low":136.73,"close":136.73,"volume":1964,"time":"2022-05-17T08:29:00.000Z","is_complete":true},{"open":136.74,"high":136.74,"low":136.65,"close":136.65,"volume":3946,"time":"2022-05-17T08:30:00.000Z","is_complete":true},{"open":136.64,"high":136.73,"low":136.59,"close":136.7,"volume":1647,"time":"2022-05-17T08:31:00.000Z","is_complete":true},{"open":136.73,"high":136.78,"low":136.73,"close":136.78,"volume":791,"time":"2022-05-17T08:32:00.000Z","is_complete":true},{"open":136.78,"high":136.88,"low":136.76,"close":136.87,"volume":6534,"time":"2022-05-17T08:33:00.000Z","is_complete":true},{"open":136.86,"high":136.88,"low":136.77,"close":136.88,"volume":12690,"time":"2022-05-17T08:34:00.000Z","is_complete":true},{"open":136.84,"high":136.87,"low":136.77,"close":136.77,"volume":1812,"time":"2022-05-17T08:35:00.000Z","is_complete":true},{"open":136.78,"high":136.86,"low":136.78,"close":136.78,"volume":1585,"time":"2022-05-17T08:36:00.000Z","is_complete":true},{"open":136.84,"high":137.8,"low":136.79,"close":137.5,"volume":80465,"time":"2022-05-17T08:37:00.000Z","is_complete":true},{"open":137.55,"high":137.76,"low":137.42,"close":137.58,"volume":9427,"time":"2022-05-17T08:38:00.000Z","is_complete":true},{"open":137.42,"high":137.5,"low":136.83,"close":137.44,"volume":13484,"time":"2022-05-17T08:39:00.000Z","is_complete":true},{"open":137.4,"high":137.46,"low":137.02,"close":137.11,"volume":8780,"time":"2022-05-17T08:40:00.000Z","is_complete":true},{"open":137.04,"high":137.5,"low":137.03,"close":137.46,"volume":12379,"time":"2022-05-17T08:41:00.000Z","is_complete":true},{"open":137.29,"high":137.47,"low":136.84,"close":137.1,"volume":26579,"time":"2022-05-17T08:42:00.000Z","is_complete":true},{"open":137,"high":137.2,"low":137,"close":137.19,"volume":2216,"time":"2022-05-17T08:43:00.000Z","is_complete":true},{"open":137.19,"high":137.47,"low":137.09,"close":137.46,"volume":9470,"time":"2022-05-17T08:44:00.000Z","is_complete":true},{"open":137.46,"high":137.79,"low":137.45,"close":137.66,"volume":17139,"time":"2022-05-17T08:45:00.000Z","is_complete":true},{"open":137.76,"high":137.78,"low":137.41,"close":137.62,"volume":5470,"time":"2022-05-17T08:46:00.000Z","is_complete":true},{"open":137.43,"high":137.44,"low":137.05,"close":137.34,"volume":10544,"time":"2022-05-17T08:47:00.000Z","is_complete":true},{"open":137.29,"high":137.43,"low":137.29,"close":137.3,"volume":1256,"time":"2022-05-17T08:48:00.000Z","is_complete":true},{"open":137.35,"high":137.4,"low":137.09,"close":137.09,"volume":4668,"time":"2022-05-17T08:49:00.000Z","is_complete":true},{"open":137.2,"high":137.35,"low":137.11,"close":137.12,"volume":1888,"time":"2022-05-17T08:50:00.000Z","is_complete":true},{"open":137.25,"high":137.3,"low":137.09,"close":137.28,"volume":3397,"time":"2022-05-17T08:51:00.000Z","is_complete":true},{"open":137.28,"high":137.39,"low":137.12,"close":137.32,"volume":3890,"time":"2022-05-17T08:52:00.000Z","is_complete":true},{"open":137.31,"high":137.32,"low":137.16,"close":137.32,"volume":2910,"time":"2022-05-17T08:53:00.000Z","is_complete":true},{"open":137.28,"high":137.47,"low":137.25,"close":137.44,"volume":1565,"time":"2022-05-17T08:54:00.000Z","is_complete":true},{"open":137.46,"high":137.62,"low":137.46,"close":137.6,"volume":5792,"time":"2022-05-17T08:55:00.000Z","is_complete":true},{"open":137.62,"high":137.77,"low":137.6,"close":137.7,"volume":3169,"time":"2022-05-17T08:56:00.000Z","is_complete":true},{"open":137.69,"high":137.69,"low":137.61,"close":137.69,"volume":1412,"time":"2022-05-17T08:57:00.000Z","is_complete":true},{"open":137.69,"high":137.75,"low":137.63,"close":137.63,"volume":3712,"time":"2022-05-17T08:58:00.000Z","is_complete":true},{"open":137.63,"high":137.75,"low":137.63,"close":137.75,"volume":1278,"time":"2022-05-17T08:59:00.000Z","is_complete":true},{"open":137.7,"high":137.74,"low":137.6,"close":137.65,"volume":3909,"time":"2022-05-17T09:00:00.000Z","is_complete":true},{"open":137.66,"high":137.77,"low":137.25,"close":137.25,"volume":7327,"time":"2022-05-17T09:01:00.000Z","is_complete":true},{"open":137.48,"high":137.7,"low":137.31,"close":137.7,"volume":11613,"time":"2022-05-17T09:02:00.000Z","is_complete":true},{"open":137.5,"high":137.78,"low":137.13,"close":137.52,"volume":27591,"time":"2022-05-17T09:03:00.000Z","is_complete":true},{"open":137.55,"high":137.66,"low":137.22,"close":137.22,"volume":10564,"time":"2022-05-17T09:04:00.000Z","is_complete":true},{"open":137.25,"high":137.45,"low":137.2,"close":137.27,"volume":5090,"time":"2022-05-17T09:05:00.000Z","is_complete":true},{"open":137.28,"high":137.49,"low":137.28,"close":137.49,"volume":2184,"time":"2022-05-17T09:06:00.000Z","is_complete":true},{"open":137.49,"high":137.5,"low":137.38,"close":137.47,"volume":1097,"time":"2022-05-17T09:07:00.000Z","is_complete":true},{"open":137.47,"high":137.5,"low":137.4,"close":137.4,"volume":2928,"time":"2022-05-17T09:08:00.000Z","is_complete":true},{"open":137.5,"high":137.68,"low":137.4,"close":137.65,"volume":6094,"time":"2022-05-17T09:09:00.000Z","is_complete":true},{"open":137.6,"high":137.67,"low":137.32,"close":137.54,"volume":5409,"time":"2022-05-17T09:10:00.000Z","is_complete":true},{"open":137.5,"high":137.5,"low":137.35,"close":137.4,"volume":1147,"time":"2022-05-17T09:11:00.000Z","is_complete":true},{"open":137.4,"high":137.5,"low":137.37,"close":137.49,"volume":1090,"time":"2022-05-17T09:12:00.000Z","is_complete":true},{"open":137.49,"high":137.65,"low":137.33,"close":137.6,"volume":3958,"time":"2022-05-17T09:13:00.000Z","is_complete":true},{"open":137.59,"high":137.61,"low":137.42,"close":137.6,"volume":3860,"time":"2022-05-17T09:14:00.000Z","is_complete":true},{"open":137.6,"high":137.7,"low":137.4,"close":137.63,"volume":2350,"time":"2022-05-17T09:15:00.000Z","is_complete":true},{"open":137.52,"high":137.73,"low":137.51,"close":137.67,"volume":1338,"time":"2022-05-17T09:16:00.000Z","is_complete":true},{"open":137.54,"high":137.7,"low":137.51,"close":137.57,"volume":2374,"time":"2022-05-17T09:17:00.000Z","is_complete":true},{"open":137.69,"high":137.7,"low":137.51,"close":137.56,"volume":1928,"time":"2022-05-17T09:18:00.000Z","is_complete":true},{"open":137.7,"high":137.7,"low":137.49,"close":137.49,"volume":3534,"time":"2022-05-17T09:19:00.000Z","is_complete":true},{"open":137.5,"high":137.68,"low":137.41,"close":137.41,"volume":3923,"time":"2022-05-17T09:20:00.000Z","is_complete":true},{"open":137.56,"high":137.61,"low":137.37,"close":137.37,"volume":2475,"time":"2022-05-17T09:21:00.000Z","is_complete":true},{"open":137.38,"high":137.53,"low":137.35,"close":137.38,"volume":9696,"time":"2022-05-17T09:22:00.000Z","is_complete":true},{"open":137.37,"high":137.52,"low":137.11,"close":137.11,"volume":29504,"time":"2022-05-17T09:23:00.000Z","is_complete":true},{"open":137.3,"high":137.43,"low":136.77,"close":137.27,"volume":27513,"time":"2022-05-17T09:24:00.000Z","is_complete":true},{"open":137.25,"high":137.3,"low":137.15,"close":137.3,"volume":1405,"time":"2022-05-17T09:25:00.000Z","is_complete":true},{"open":137.29,"high":137.32,"low":137,"close":137,"volume":13557,"time":"2022-05-17T09:26:00.000Z","is_complete":true},{"open":137.1,"high":137.27,"low":137.07,"close":137.26,"volume":2118,"time":"2022-05-17T09:27:00.000Z","is_complete":true},{"open":137.19,"high":137.35,"low":137.11,"close":137.13,"volume":1557,"time":"2022-05-17T09:28:00.000Z","is_complete":true},{"open":137.15,"high":137.3,"low":137.07,"close":137.07,"volume":3426,"time":"2022-05-17T09:29:00.000Z","is_complete":true},{"open":137.25,"high":137.29,"low":137.08,"close":137.08,"volume":1198,"time":"2022-05-17T09:30:00.000Z","is_complete":true},{"open":137.08,"high":137.2,"low":137.07,"close":137.2,"volume":3246,"time":"2022-05-17T09:31:00.000Z","is_complete":true},{"open":137.19,"high":137.2,"low":137.11,"close":137.12,"volume":3094,"time":"2022-05-17T09:32:00.000Z","is_complete":true},{"open":137.2,"high":137.35,"low":137.2,"close":137.23,"volume":2637,"time":"2022-05-17T09:33:00.000Z","is_complete":true},{"open":137.34,"high":137.37,"low":137.21,"close":137.36,"volume":1506,"time":"2022-05-17T09:34:00.000Z","is_complete":true},{"open":137.36,"high":137.36,"low":137.22,"close":137.22,"volume":1144,"time":"2022-05-17T09:35:00.000Z","is_complete":true},{"open":137.34,"high":137.37,"low":137.22,"close":137.35,"volume":1375,"time":"2022-05-17T09:36:00.000Z","is_complete":true},{"open":137.35,"high":137.48,"low":137.22,"close":137.41,"volume":1907,"time":"2022-05-17T09:37:00.000Z","is_complete":true},{"open":137.27,"high":137.42,"low":137.26,"close":137.41,"volume":1629,"time":"2022-05-17T09:38:00.000Z","is_complete":true},{"open":137.41,"high":137.47,"low":137.41,"close":137.43,"volume":2548,"time":"2022-05-17T09:39:00.000Z","is_complete":true},{"open":137.43,"high":137.5,"low":137.43,"close":137.5,"volume":12974,"time":"2022-05-17T09:40:00.000Z","is_complete":true},{"open":137.5,"high":137.5,"low":137.27,"close":137.31,"volume":1699,"time":"2022-05-17T09:41:00.000Z","is_complete":true},{"open":137.48,"high":137.49,"low":137.48,"close":137.49,"volume":1217,"time":"2022-05-17T09:42:00.000Z","is_complete":true},{"open":137.49,"high":137.5,"low":137.41,"close":137.48,"volume":1084,"time":"2022-05-17T09:43:00.000Z","is_complete":true},{"open":137.47,"high":137.5,"low":137.31,"close":137.5,"volume":1378,"time":"2022-05-17T09:44:00.000Z","is_complete":true},{"open":137.48,"high":137.49,"low":137.41,"close":137.41,"volume":1133,"time":"2022-05-17T09:45:00.000Z","is_complete":true},{"open":137.49,"high":137.5,"low":137.38,"close":137.48,"volume":1414,"time":"2022-05-17T09:46:00.000Z","is_complete":true},{"open":137.48,"high":137.48,"low":137.25,"close":137.47,"volume":1417,"time":"2022-05-17T09:47:00.000Z","is_complete":true},{"open":137.47,"high":137.48,"low":137.32,"close":137.33,"volume":1119,"time":"2022-05-17T09:48:00.000Z","is_complete":true},{"open":137.33,"high":137.33,"low":137.3,"close":137.3,"volume":1342,"time":"2022-05-17T09:49:00.000Z","is_complete":true},{"open":137.32,"high":137.53,"low":137.32,"close":137.36,"volume":3236,"time":"2022-05-17T09:50:00.000Z","is_complete":true},{"open":137.52,"high":137.59,"low":137.36,"close":137.59,"volume":1165,"time":"2022-05-17T09:51:00.000Z","is_complete":true},{"open":137.38,"high":137.57,"low":137.38,"close":137.45,"volume":1079,"time":"2022-05-17T09:52:00.000Z","is_complete":true},{"open":137.56,"high":137.59,"low":137.56,"close":137.59,"volume":1074,"time":"2022-05-17T09:53:00.000Z","is_complete":true},{"open":137.48,"high":137.59,"low":137.45,"close":137.45,"volume":1532,"time":"2022-05-17T09:54:00.000Z","is_complete":true},{"open":137.45,"high":137.59,"low":137.41,"close":137.59,"volume":1286,"time":"2022-05-17T09:55:00.000Z","is_complete":true},{"open":137.59,"high":137.59,"low":137.48,"close":137.58,"volume":2281,"time":"2022-05-17T09:56:00.000Z","is_complete":true},{"open":137.49,"high":137.59,"low":137.48,"close":137.48,"volume":2271,"time":"2022-05-17T09:57:00.000Z","is_complete":true},{"open":137.56,"high":137.59,"low":137.54,"close":137.59,"volume":1235,"time":"2022-05-17T09:58:00.000Z","is_complete":true},{"open":137.54,"high":137.59,"low":137.49,"close":137.58,"volume":1118,"time":"2022-05-17T09:59:00.000Z","is_complete":true},{"open":137.58,"high":137.59,"low":137.22,"close":137.22,"volume":7088,"time":"2022-05-17T10:00:00.000Z","is_complete":true},{"open":137.48,"high":137.48,"low":137.2,"close":137.24,"volume":4271,"time":"2022-05-17T10:01:00.000Z","is_complete":true},{"open":137.36,"high":137.43,"low":137.25,"close":137.28,"volume":1373,"time":"2022-05-17T10:02:00.000Z","is_complete":true},{"open":137.39,"high":137.44,"low":137.26,"close":137.26,"volume":2089,"time":"2022-05-17T10:03:00.000Z","is_complete":true},{"open":137.39,"high":137.39,"low":137.38,"close":137.39,"volume":1104,"time":"2022-05-17T10:04:00.000Z","is_complete":true},{"open":137.29,"high":137.44,"low":137.28,"close":137.41,"volume":3594,"time":"2022-05-17T10:05:00.000Z","is_complete":true},{"open":137.4,"high":137.44,"low":137.31,"close":137.31,"volume":1544,"time":"2022-05-17T10:06:00.000Z","is_complete":true},{"open":137.42,"high":137.44,"low":137.33,"close":137.34,"volume":3550,"time":"2022-05-17T10:07:00.000Z","is_complete":true},{"open":137.35,"high":137.44,"low":137.31,"close":137.39,"volume":1579,"time":"2022-05-17T10:08:00.000Z","is_complete":true},{"open":137.39,"high":137.4,"low":137.32,"close":137.32,"volume":2297,"time":"2022-05-17T10:09:00.000Z","is_complete":true},{"open":137.32,"high":137.5,"low":137.32,"close":137.5,"volume":8376,"time":"2022-05-17T10:10:00.000Z","is_complete":true},{"open":137.4,"high":137.4,"low":137.35,"close":137.35,"volume":1481,"time":"2022-05-17T10:11:00.000Z","is_complete":true},{"open":137.4,"high":137.72,"low":137.33,"close":137.71,"volume":18658,"time":"2022-05-17T10:12:00.000Z","is_complete":true},{"open":137.69,"high":137.89,"low":137.69,"close":137.84,"volume":22930,"time":"2022-05-17T10:13:00.000Z","is_complete":true},{"open":137.79,"high":138.3,"low":137.76,"close":138.3,"volume":78259,"time":"2022-05-17T10:14:00.000Z","is_complete":true},{"open":138.3,"high":138.3,"low":138,"close":138,"volume":6331,"time":"2022-05-17T10:15:00.000Z","is_complete":true},{"open":137.96,"high":138.17,"low":137.86,"close":138,"volume":3672,"time":"2022-05-17T10:16:00.000Z","is_complete":true},{"open":137.85,"high":137.97,"low":137.76,"close":137.88,"volume":6787,"time":"2022-05-17T10:17:00.000Z","is_complete":true},{"open":137.87,"high":138.14,"low":137.79,"close":138.14,"volume":2755,"time":"2022-05-17T10:18:00.000Z","is_complete":true},{"open":137.92,"high":138.06,"low":137.78,"close":137.88,"volume":6014,"time":"2022-05-17T10:19:00.000Z","is_complete":true},{"open":137.86,"high":137.88,"low":137.78,"close":137.86,"volume":2386,"time":"2022-05-17T10:20:00.000Z","is_complete":true},{"open":137.84,"high":137.84,"low":137.6,"close":137.75,"volume":4900,"time":"2022-05-17T10:21:00.000Z","is_complete":true},{"open":137.64,"high":137.77,"low":137.54,"close":137.7,"volume":3803,"time":"2022-05-17T10:22:00.000Z","is_complete":true},{"open":137.66,"high":137.8,"low":137.5,"close":137.5,"volume":75991,"time":"2022-05-17T10:23:00.000Z","is_complete":true},{"open":137.51,"high":137.7,"low":137.5,"close":137.58,"volume":5789,"time":"2022-05-17T10:24:00.000Z","is_complete":true},{"open":137.56,"high":137.8,"low":137.51,"close":137.7,"volume":1930,"time":"2022-05-17T10:25:00.000Z","is_complete":true},{"open":137.73,"high":137.73,"low":137.58,"close":137.61,"volume":1526,"time":"2022-05-17T10:26:00.000Z","is_complete":true},{"open":137.61,"high":137.82,"low":137.61,"close":137.68,"volume":1219,"time":"2022-05-17T10:27:00.000Z","is_complete":true},{"open":137.7,"high":137.82,"low":137.67,"close":137.67,"volume":3331,"time":"2022-05-17T10:28:00.000Z","is_complete":true},{"open":137.67,"high":137.82,"low":137.57,"close":137.7,"volume":3667,"time":"2022-05-17T10:29:00.000Z","is_complete":true},{"open":137.7,"high":137.7,"low":137.58,"close":137.58,"volume":3594,"time":"2022-05-17T10:30:00.000Z","is_complete":true},{"open":137.51,"high":138.12,"low":137.5,"close":137.85,"volume":20336,"time":"2022-05-17T10:31:00.000Z","is_complete":true},{"open":138.08,"high":138.14,"low":137.91,"close":138.03,"volume":1533,"time":"2022-05-17T10:32:00.000Z","is_complete":true},{"open":138.03,"high":138.4,"low":138.03,"close":138.38,"volume":9651,"time":"2022-05-17T10:33:00.000Z","is_complete":true},{"open":138.31,"high":139,"low":138.28,"close":138.5,"volume":62605,"time":"2022-05-17T10:34:00.000Z","is_complete":true},{"open":138.6,"high":138.87,"low":138.56,"close":138.62,"volume":8624,"time":"2022-05-17T10:35:00.000Z","is_complete":true},{"open":138.73,"high":138.75,"low":138.45,"close":138.51,"volume":5367,"time":"2022-05-17T10:36:00.000Z","is_complete":true},{"open":138.58,"high":138.69,"low":138.5,"close":138.64,"volume":8107,"time":"2022-05-17T10:37:00.000Z","is_complete":true},{"open":138.58,"high":139.16,"low":138.5,"close":138.68,"volume":31597,"time":"2022-05-17T10:38:00.000Z","is_complete":true},{"open":139,"high":139,"low":138.67,"close":138.8,"volume":4646,"time":"2022-05-17T10:39:00.000Z","is_complete":true},{"open":138.8,"high":138.94,"low":138.64,"close":138.64,"volume":4801,"time":"2022-05-17T10:40:00.000Z","is_complete":true},{"open":138.79,"high":138.85,"low":138.62,"close":138.7,"volume":3445,"time":"2022-05-17T10:41:00.000Z","is_complete":true},{"open":138.69,"high":138.88,"low":138.63,"close":138.83,"volume":2919,"time":"2022-05-17T10:42:00.000Z","is_complete":true},{"open":138.75,"high":138.87,"low":138.74,"close":138.87,"volume":1150,"time":"2022-05-17T10:43:00.000Z","is_complete":true},{"open":138.78,"high":138.87,"low":138.67,"close":138.85,"volume":1851,"time":"2022-05-17T10:44:00.000Z","is_complete":true},{"open":138.85,"high":138.89,"low":138.66,"close":138.66,"volume":3062,"time":"2022-05-17T10:45:00.000Z","is_complete":true},{"open":138.71,"high":138.75,"low":138.55,"close":138.65,"volume":4229,"time":"2022-05-17T10:46:00.000Z","is_complete":true},{"open":138.57,"high":138.6,"low":138.4,"close":138.53,"volume":7353,"time":"2022-05-17T10:47:00.000Z","is_complete":true},{"open":138.43,"high":138.5,"low":138.4,"close":138.41,"volume":1305,"time":"2022-05-17T10:48:00.000Z","is_complete":true},{"open":138.4,"high":138.4,"low":138.31,"close":138.32,"volume":4300,"time":"2022-05-17T10:49:00.000Z","is_complete":true},{"open":138.31,"high":138.38,"low":138.25,"close":138.31,"volume":5716,"time":"2022-05-17T10:50:00.000Z","is_complete":true},{"open":138.26,"high":138.31,"low":138.26,"close":138.26,"volume":1268,"time":"2022-05-17T10:51:00.000Z","is_complete":true},{"open":138.3,"high":138.38,"low":138.25,"close":138.38,"volume":3115,"time":"2022-05-17T10:52:00.000Z","is_complete":true},{"open":138.4,"high":138.4,"low":138.28,"close":138.4,"volume":1725,"time":"2022-05-17T10:53:00.000Z","is_complete":true},{"open":138.4,"high":138.68,"low":138.4,"close":138.6,"volume":2911,"time":"2022-05-17T10:54:00.000Z","is_complete":true},{"open":138.64,"high":138.78,"low":138.57,"close":138.6,"volume":1542,"time":"2022-05-17T10:55:00.000Z","is_complete":true},{"open":138.68,"high":138.79,"low":138.57,"close":138.73,"volume":1680,"time":"2022-05-17T10:56:00.000Z","is_complete":true},{"open":138.62,"high":138.74,"low":138.5,"close":138.74,"volume":4577,"time":"2022-05-17T10:57:00.000Z","is_complete":true},{"open":138.65,"high":138.75,"low":138.64,"close":138.74,"volume":7834,"time":"2022-05-17T10:58:00.000Z","is_complete":true},{"open":138.68,"high":138.8,"low":138.63,"close":138.8,"volume":3918,"time":"2022-05-17T10:59:00.000Z","is_complete":true},{"open":138.8,"high":138.8,"low":138.63,"close":138.8,"volume":6494,"time":"2022-05-17T11:00:00.000Z","is_complete":true},{"open":138.8,"high":138.85,"low":138.8,"close":138.84,"volume":1716,"time":"2022-05-17T11:01:00.000Z","is_complete":true},{"open":138.83,"high":138.84,"low":138.66,"close":138.81,"volume":2572,"time":"2022-05-17T11:02:00.000Z","is_complete":true},{"open":138.5,"high":138.81,"low":138.5,"close":138.7,"volume":8753,"time":"2022-05-17T11:03:00.000Z","is_complete":true},{"open":138.67,"high":138.78,"low":138.67,"close":138.78,"volume":1075,"time":"2022-05-17T11:04:00.000Z","is_complete":true},{"open":138.76,"high":138.8,"low":138.59,"close":138.8,"volume":1288,"time":"2022-05-17T11:05:00.000Z","is_complete":true},{"open":138.78,"high":138.9,"low":138.65,"close":138.76,"volume":3141,"time":"2022-05-17T11:06:00.000Z","is_complete":true},{"open":138.76,"high":138.87,"low":138.66,"close":138.76,"volume":1458,"time":"2022-05-17T11:07:00.000Z","is_complete":true},{"open":138.75,"high":138.89,"low":138.7,"close":138.89,"volume":1074,"time":"2022-05-17T11:08:00.000Z","is_complete":true},{"open":138.89,"high":139.1,"low":138.8,"close":138.8,"volume":10334,"time":"2022-05-17T11:09:00.000Z","is_complete":true},{"open":138.9,"high":139.1,"low":138.9,"close":139,"volume":6280,"time":"2022-05-17T11:10:00.000Z","is_complete":true},{"open":138.98,"high":139,"low":138.97,"close":139,"volume":2245,"time":"2022-05-17T11:11:00.000Z","is_complete":true},{"open":138.99,"high":139,"low":138.93,"close":138.99,"volume":2420,"time":"2022-05-17T11:12:00.000Z","is_complete":true},{"open":138.99,"high":139,"low":138.73,"close":138.8,"volume":6347,"time":"2022-05-17T11:13:00.000Z","is_complete":true},{"open":138.87,"high":138.98,"low":138.74,"close":138.98,"volume":2725,"time":"2022-05-17T11:14:00.000Z","is_complete":true},{"open":138.97,"high":138.97,"low":138.73,"close":138.79,"volume":2627,"time":"2022-05-17T11:15:00.000Z","is_complete":true},{"open":138.78,"high":138.79,"low":138.77,"close":138.79,"volume":3496,"time":"2022-05-17T11:16:00.000Z","is_complete":true},{"open":138.9,"high":138.99,"low":138.85,"close":138.99,"volume":5641,"time":"2022-05-17T11:17:00.000Z","is_complete":true},{"open":138.87,"high":138.99,"low":138.85,"close":138.98,"volume":1091,"time":"2022-05-17T11:18:00.000Z","is_complete":true},{"open":138.99,"high":139,"low":138.9,"close":139,"volume":3374,"time":"2022-05-17T11:19:00.000Z","is_complete":true},{"open":139,"high":139,"low":138.41,"close":138.97,"volume":25003,"time":"2022-05-17T11:20:00.000Z","is_complete":true},{"open":138.9,"high":139,"low":138.9,"close":138.98,"volume":1174,"time":"2022-05-17T11:21:00.000Z","is_complete":true},{"open":138.95,"high":138.98,"low":138.81,"close":138.82,"volume":2135,"time":"2022-05-17T11:22:00.000Z","is_complete":true},{"open":138.84,"high":138.97,"low":138.84,"close":138.96,"volume":1132,"time":"2022-05-17T11:23:00.000Z","is_complete":true},{"open":138.97,"high":139.02,"low":138.9,"close":138.91,"volume":14713,"time":"2022-05-17T11:24:00.000Z","is_complete":true},{"open":138.98,"high":139.1,"low":138.91,"close":139.02,"volume":1314,"time":"2022-05-17T11:25:00.000Z","is_complete":true},{"open":139.09,"high":139.35,"low":138.8,"close":139.15,"volume":27919,"time":"2022-05-17T11:26:00.000Z","is_complete":true},{"open":139.21,"high":139.3,"low":139.2,"close":139.3,"volume":1377,"time":"2022-05-17T11:27:00.000Z","is_complete":true},{"open":139.26,"high":139.3,"low":139.2,"close":139.21,"volume":550,"time":"2022-05-17T11:28:00.000Z","is_complete":true},{"open":139.28,"high":139.3,"low":139,"close":139.26,"volume":6276,"time":"2022-05-17T11:29:00.000Z","is_complete":true},{"open":139.1,"high":139.2,"low":139.01,"close":139.01,"volume":1329,"time":"2022-05-17T11:30:00.000Z","is_complete":true},{"open":139.1,"high":139.2,"low":139.01,"close":139.15,"volume":1101,"time":"2022-05-17T11:31:00.000Z","is_complete":true},{"open":139.04,"high":139.2,"low":139.01,"close":139.03,"volume":1343,"time":"2022-05-17T11:32:00.000Z","is_complete":true},{"open":139.04,"high":139.13,"low":139,"close":139.1,"volume":4908,"time":"2022-05-17T11:33:00.000Z","is_complete":true},{"open":139.1,"high":139.1,"low":138.82,"close":139,"volume":3286,"time":"2022-05-17T11:34:00.000Z","is_complete":true},{"open":139,"high":139.1,"low":138.91,"close":138.91,"volume":3313,"time":"2022-05-17T11:35:00.000Z","is_complete":true},{"open":138.9,"high":139.1,"low":138.84,"close":139.09,"volume":6325,"time":"2022-05-17T11:36:00.000Z","is_complete":true},{"open":139,"high":139.08,"low":138.87,"close":138.89,"volume":1735,"time":"2022-05-17T11:37:00.000Z","is_complete":true},{"open":138.89,"high":139.13,"low":138.89,"close":139.1,"volume":2886,"time":"2022-05-17T11:38:00.000Z","is_complete":true},{"open":139.1,"high":139.13,"low":139.1,"close":139.13,"volume":155,"time":"2022-05-17T11:39:00.000Z","is_complete":true},{"open":139.1,"high":139.12,"low":139,"close":139.12,"volume":408,"time":"2022-05-17T11:40:00.000Z","is_complete":true},{"open":139.12,"high":139.12,"low":138.91,"close":139.1,"volume":7698,"time":"2022-05-17T11:41:00.000Z","is_complete":true},{"open":139.1,"high":139.12,"low":139,"close":139,"volume":1884,"time":"2022-05-17T11:42:00.000Z","is_complete":true},{"open":139,"high":139.21,"low":138.96,"close":139.21,"volume":3407,"time":"2022-05-17T11:43:00.000Z","is_complete":true},{"open":139.07,"high":139.35,"low":139.07,"close":139.07,"volume":4310,"time":"2022-05-17T11:44:00.000Z","is_complete":true},{"open":139.24,"high":139.35,"low":139.09,"close":139.09,"volume":3706,"time":"2022-05-17T11:45:00.000Z","is_complete":true},{"open":139.1,"high":139.35,"low":139.07,"close":139.34,"volume":5025,"time":"2022-05-17T11:46:00.000Z","is_complete":true},{"open":139.29,"high":139.34,"low":139.16,"close":139.32,"volume":1306,"time":"2022-05-17T11:47:00.000Z","is_complete":true},{"open":139.3,"high":139.35,"low":139.18,"close":139.18,"volume":3737,"time":"2022-05-17T11:48:00.000Z","is_complete":true},{"open":139.18,"high":139.3,"low":139.16,"close":139.16,"volume":1850,"time":"2022-05-17T11:49:00.000Z","is_complete":true},{"open":139.28,"high":139.29,"low":139.17,"close":139.17,"volume":593,"time":"2022-05-17T11:50:00.000Z","is_complete":true},{"open":139.2,"high":139.27,"low":139.2,"close":139.27,"volume":244,"time":"2022-05-17T11:51:00.000Z","is_complete":true},{"open":139.27,"high":139.3,"low":139.26,"close":139.3,"volume":709,"time":"2022-05-17T11:52:00.000Z","is_complete":true},{"open":139.3,"high":139.3,"low":139.21,"close":139.3,"volume":33,"time":"2022-05-17T11:53:00.000Z","is_complete":true},{"open":139.29,"high":139.34,"low":139.29,"close":139.34,"volume":1744,"time":"2022-05-17T11:54:00.000Z","is_complete":true},{"open":139.3,"high":139.35,"low":139.2,"close":139.2,"volume":3965,"time":"2022-05-17T11:55:00.000Z","is_complete":true},{"open":139.35,"high":139.35,"low":139.24,"close":139.24,"volume":3031,"time":"2022-05-17T11:56:00.000Z","is_complete":true},{"open":139.24,"high":139.35,"low":139.24,"close":139.24,"volume":57,"time":"2022-05-17T11:57:00.000Z","is_complete":true},{"open":139.34,"high":139.35,"low":138.55,"close":138.86,"volume":30014,"time":"2022-05-17T11:58:00.000Z","is_complete":true},{"open":139.01,"high":139.22,"low":139,"close":139.1,"volume":2442,"time":"2022-05-17T11:59:00.000Z","is_complete":true},{"open":139.1,"high":139.24,"low":139,"close":139.24,"volume":2795,"time":"2022-05-17T12:00:00.000Z","is_complete":true},{"open":139.04,"high":139.21,"low":139.04,"close":139.09,"volume":824,"time":"2022-05-17T12:01:00.000Z","is_complete":true},{"open":139.09,"high":139.2,"low":139.04,"close":139.1,"volume":4288,"time":"2022-05-17T12:02:00.000Z","is_complete":true},{"open":139.19,"high":139.2,"low":139.04,"close":139.06,"volume":1959,"time":"2022-05-17T12:03:00.000Z","is_complete":true},{"open":139.06,"high":139.17,"low":139.05,"close":139.17,"volume":3171,"time":"2022-05-17T12:04:00.000Z","is_complete":true},{"open":139.17,"high":139.17,"low":139.1,"close":139.1,"volume":97,"time":"2022-05-17T12:05:00.000Z","is_complete":true},{"open":139.1,"high":139.1,"low":139.05,"close":139.1,"volume":3335,"time":"2022-05-17T12:06:00.000Z","is_complete":true},{"open":139.11,"high":139.12,"low":139.1,"close":139.1,"volume":679,"time":"2022-05-17T12:07:00.000Z","is_complete":true},{"open":139.1,"high":139.12,"low":139.1,"close":139.12,"volume":893,"time":"2022-05-17T12:08:00.000Z","is_complete":true},{"open":139.1,"high":139.11,"low":139.1,"close":139.11,"volume":1005,"time":"2022-05-17T12:09:00.000Z","is_complete":true},{"open":139.1,"high":139.12,"low":139,"close":139,"volume":7923,"time":"2022-05-17T12:10:00.000Z","is_complete":true},{"open":139.05,"high":139.1,"low":139,"close":139,"volume":13869,"time":"2022-05-17T12:11:00.000Z","is_complete":true},{"open":139,"high":139.1,"low":139,"close":139.1,"volume":317,"time":"2022-05-17T12:12:00.000Z","is_complete":true},{"open":139.1,"high":139.12,"low":139,"close":139,"volume":1656,"time":"2022-05-17T12:13:00.000Z","is_complete":true},{"open":138.95,"high":139.1,"low":138.95,"close":139,"volume":4494,"time":"2022-05-17T12:14:00.000Z","is_complete":true},{"open":139,"high":139.12,"low":138.95,"close":138.95,"volume":4156,"time":"2022-05-17T12:15:00.000Z","is_complete":true},{"open":139,"high":139.14,"low":138.95,"close":139,"volume":3406,"time":"2022-05-17T12:16:00.000Z","is_complete":true},{"open":139.09,"high":139.1,"low":139.03,"close":139.03,"volume":28,"time":"2022-05-17T12:17:00.000Z","is_complete":true},{"open":139.03,"high":139.14,"low":138.97,"close":138.97,"volume":3522,"time":"2022-05-17T12:18:00.000Z","is_complete":true},{"open":139.1,"high":139.1,"low":138.97,"close":139.1,"volume":1067,"time":"2022-05-17T12:19:00.000Z","is_complete":true},{"open":139,"high":139.11,"low":138.96,"close":138.96,"volume":568,"time":"2022-05-17T12:20:00.000Z","is_complete":true},{"open":139.08,"high":139.11,"low":138.97,"close":139.11,"volume":2132,"time":"2022-05-17T12:21:00.000Z","is_complete":true},{"open":139.1,"high":139.11,"low":139.01,"close":139.01,"volume":670,"time":"2022-05-17T12:22:00.000Z","is_complete":true},{"open":139.01,"high":139.11,"low":139.01,"close":139.11,"volume":1457,"time":"2022-05-17T12:23:00.000Z","is_complete":true},{"open":139.11,"high":139.3,"low":139.11,"close":139.11,"volume":6661,"time":"2022-05-17T12:24:00.000Z","is_complete":true},{"open":139.27,"high":139.28,"low":139.14,"close":139.25,"volume":115,"time":"2022-05-17T12:25:00.000Z","is_complete":true},{"open":139.25,"high":139.27,"low":139.25,"close":139.25,"volume":307,"time":"2022-05-17T12:26:00.000Z","is_complete":true},{"open":139.28,"high":139.3,"low":139.28,"close":139.3,"volume":3110,"time":"2022-05-17T12:27:00.000Z","is_complete":true},{"open":139.32,"high":139.35,"low":139.3,"close":139.3,"volume":594,"time":"2022-05-17T12:28:00.000Z","is_complete":true},{"open":139.32,"high":139.32,"low":139.31,"close":139.31,"volume":23,"time":"2022-05-17T12:29:00.000Z","is_complete":true},{"open":139.31,"high":139.31,"low":139.28,"close":139.28,"volume":2802,"time":"2022-05-17T12:30:00.000Z","is_complete":true},{"open":139.29,"high":139.3,"low":139.17,"close":139.25,"volume":710,"time":"2022-05-17T12:31:00.000Z","is_complete":true},{"open":139.25,"high":139.25,"low":139.17,"close":139.17,"volume":213,"time":"2022-05-17T12:32:00.000Z","is_complete":true},{"open":139.17,"high":139.24,"low":139.15,"close":139.23,"volume":867,"time":"2022-05-17T12:33:00.000Z","is_complete":true},{"open":139.2,"high":139.24,"low":139.15,"close":139.22,"volume":235,"time":"2022-05-17T12:34:00.000Z","is_complete":true},{"open":139.22,"high":139.22,"low":139.11,"close":139.11,"volume":10861,"time":"2022-05-17T12:35:00.000Z","is_complete":true},{"open":139.1,"high":139.21,"low":139.1,"close":139.2,"volume":309,"time":"2022-05-17T12:36:00.000Z","is_complete":true},{"open":139.19,"high":139.19,"low":139.12,"close":139.14,"volume":17,"time":"2022-05-17T12:37:00.000Z","is_complete":true},{"open":139.19,"high":139.2,"low":139.19,"close":139.2,"volume":218,"time":"2022-05-17T12:38:00.000Z","is_complete":true},{"open":139.2,"high":139.2,"low":139.2,"close":139.2,"volume":35,"time":"2022-05-17T12:39:00.000Z","is_complete":true},{"open":139.19,"high":139.22,"low":139.19,"close":139.2,"volume":3268,"time":"2022-05-17T12:40:00.000Z","is_complete":true},{"open":139.21,"high":139.21,"low":139.19,"close":139.19,"volume":353,"time":"2022-05-17T12:41:00.000Z","is_complete":true},{"open":139.15,"high":139.18,"low":139.12,"close":139.18,"volume":6619,"time":"2022-05-17T12:42:00.000Z","is_complete":true},{"open":139.18,"high":139.18,"low":139.12,"close":139.12,"volume":501,"time":"2022-05-17T12:43:00.000Z","is_complete":true},{"open":139.13,"high":139.13,"low":139.12,"close":139.12,"volume":328,"time":"2022-05-17T12:44:00.000Z","is_complete":true},{"open":139.12,"high":139.12,"low":139,"close":139.1,"volume":21418,"time":"2022-05-17T12:45:00.000Z","is_complete":true},{"open":139.01,"high":139.1,"low":139,"close":139.09,"volume":1141,"time":"2022-05-17T12:46:00.000Z","is_complete":true},{"open":139.03,"high":139.1,"low":139,"close":139.1,"volume":14940,"time":"2022-05-17T12:47:00.000Z","is_complete":true},{"open":139.1,"high":139.13,"low":139,"close":139,"volume":6215,"time":"2022-05-17T12:48:00.000Z","is_complete":true},{"open":139.07,"high":139.12,"low":139.02,"close":139.09,"volume":760,"time":"2022-05-17T12:49:00.000Z","is_complete":true},{"open":139.1,"high":139.12,"low":139.01,"close":139.12,"volume":38,"time":"2022-05-17T12:50:00.000Z","is_complete":true},{"open":139.01,"high":139.1,"low":139,"close":139.1,"volume":916,"time":"2022-05-17T12:51:00.000Z","is_complete":true},{"open":139.1,"high":139.11,"low":139.01,"close":139.11,"volume":379,"time":"2022-05-17T12:52:00.000Z","is_complete":true},{"open":139.11,"high":139.3,"low":139.05,"close":139.2,"volume":11132,"time":"2022-05-17T12:53:00.000Z","is_complete":true},{"open":139.1,"high":139.27,"low":139.05,"close":139.1,"volume":2637,"time":"2022-05-17T12:54:00.000Z","is_complete":true},{"open":139.1,"high":139.1,"low":139.05,"close":139.06,"volume":2786,"time":"2022-05-17T12:55:00.000Z","is_complete":true},{"open":139.09,"high":139.09,"low":139.06,"close":139.06,"volume":95,"time":"2022-05-17T12:56:00.000Z","is_complete":true},{"open":139.15,"high":139.2,"low":139.06,"close":139.18,"volume":6082,"time":"2022-05-17T12:57:00.000Z","is_complete":true},{"open":139.09,"high":139.2,"low":139.09,"close":139.2,"volume":7181,"time":"2022-05-17T12:58:00.000Z","is_complete":true},{"open":139.2,"high":139.24,"low":139.15,"close":139.24,"volume":7139,"time":"2022-05-17T12:59:00.000Z","is_complete":true},{"open":139.2,"high":139.24,"low":139.15,"close":139.2,"volume":101,"time":"2022-05-17T13:00:00.000Z","is_complete":true},{"open":139.2,"high":139.2,"low":139.2,"close":139.2,"volume":136,"time":"2022-05-17T13:01:00.000Z","is_complete":true},{"open":139.16,"high":139.19,"low":139.16,"close":139.19,"volume":145,"time":"2022-05-17T13:02:00.000Z","is_complete":true},{"open":139.2,"high":139.25,"low":139.19,"close":139.24,"volume":1803,"time":"2022-05-17T13:03:00.000Z","is_complete":true},{"open":139.24,"high":139.25,"low":139.19,"close":139.25,"volume":6802,"time":"2022-05-17T13:04:00.000Z","is_complete":true},{"open":139.2,"high":139.3,"low":139.2,"close":139.26,"volume":4205,"time":"2022-05-17T13:05:00.000Z","is_complete":true},{"open":139.26,"high":139.26,"low":139.16,"close":139.16,"volume":8597,"time":"2022-05-17T13:06:00.000Z","is_complete":true},{"open":139.21,"high":139.3,"low":139.21,"close":139.21,"volume":2184,"time":"2022-05-17T13:07:00.000Z","is_complete":true},{"open":139.29,"high":139.29,"low":139.29,"close":139.29,"volume":99,"time":"2022-05-17T13:08:00.000Z","is_complete":true},{"open":139.26,"high":139.29,"low":139.2,"close":139.29,"volume":2031,"time":"2022-05-17T13:09:00.000Z","is_complete":true},{"open":139.29,"high":139.3,"low":139.2,"close":139.2,"volume":3979,"time":"2022-05-17T13:10:00.000Z","is_complete":true},{"open":139.21,"high":139.35,"low":139.21,"close":139.3,"volume":3329,"time":"2022-05-17T13:11:00.000Z","is_complete":true},{"open":139.23,"high":139.48,"low":139.23,"close":139.3,"volume":9974,"time":"2022-05-17T13:12:00.000Z","is_complete":true},{"open":139.38,"high":139.38,"low":139.3,"close":139.3,"volume":205,"time":"2022-05-17T13:13:00.000Z","is_complete":true},{"open":139.36,"high":139.5,"low":139.1,"close":139.12,"volume":22848,"time":"2022-05-17T13:14:00.000Z","is_complete":true},{"open":139.21,"high":139.5,"low":139.12,"close":139.32,"volume":3719,"time":"2022-05-17T13:15:00.000Z","is_complete":true},{"open":139.39,"high":139.5,"low":139.39,"close":139.4,"volume":6694,"time":"2022-05-17T13:16:00.000Z","is_complete":true},{"open":139.49,"high":139.5,"low":139.39,"close":139.49,"volume":1142,"time":"2022-05-17T13:17:00.000Z","is_complete":true},{"open":139.49,"high":139.5,"low":139.2,"close":139.44,"volume":6147,"time":"2022-05-17T13:18:00.000Z","is_complete":true},{"open":139.31,"high":139.46,"low":139.3,"close":139.31,"volume":185,"time":"2022-05-17T13:19:00.000Z","is_complete":true},{"open":139.43,"high":139.6,"low":139.42,"close":139.6,"volume":3909,"time":"2022-05-17T13:20:00.000Z","is_complete":true},{"open":139.6,"high":139.8,"low":139.55,"close":139.56,"volume":8412,"time":"2022-05-17T13:21:00.000Z","is_complete":true},{"open":139.69,"high":139.78,"low":139.69,"close":139.77,"volume":1356,"time":"2022-05-17T13:22:00.000Z","is_complete":true},{"open":139.77,"high":139.85,"low":139.77,"close":139.85,"volume":7064,"time":"2022-05-17T13:23:00.000Z","is_complete":true},{"open":139.8,"high":139.86,"low":139.8,"close":139.85,"volume":2403,"time":"2022-05-17T13:24:00.000Z","is_complete":true},{"open":139.85,"high":139.87,"low":139.61,"close":139.65,"volume":27375,"time":"2022-05-17T13:25:00.000Z","is_complete":true},{"open":139.63,"high":139.85,"low":139.62,"close":139.81,"volume":939,"time":"2022-05-17T13:26:00.000Z","is_complete":true},{"open":139.81,"high":139.85,"low":139.81,"close":139.85,"volume":829,"time":"2022-05-17T13:27:00.000Z","is_complete":true},{"open":139.85,"high":139.85,"low":139.82,"close":139.85,"volume":3932,"time":"2022-05-17T13:28:00.000Z","is_complete":true},{"open":139.85,"high":139.85,"low":139.71,"close":139.84,"volume":1962,"time":"2022-05-17T13:29:00.000Z","is_complete":true},{"open":139.84,"high":139.85,"low":139.84,"close":139.85,"volume":204,"time":"2022-05-17T13:30:00.000Z","is_complete":true},{"open":139.85,"high":139.85,"low":139.72,"close":139.72,"volume":3171,"time":"2022-05-17T13:31:00.000Z","is_complete":true},{"open":139.8,"high":139.83,"low":139.72,"close":139.83,"volume":352,"time":"2022-05-17T13:32:00.000Z","is_complete":true},{"open":139.84,"high":139.85,"low":139.71,"close":139.71,"volume":2031,"time":"2022-05-17T13:33:00.000Z","is_complete":true},{"open":139.8,"high":139.85,"low":139.71,"close":139.85,"volume":1739,"time":"2022-05-17T13:34:00.000Z","is_complete":true},{"open":139.84,"high":139.86,"low":139.8,"close":139.86,"volume":444,"time":"2022-05-17T13:35:00.000Z","is_complete":true},{"open":139.74,"high":139.85,"low":139.73,"close":139.85,"volume":1654,"time":"2022-05-17T13:36:00.000Z","is_complete":true},{"open":139.85,"high":139.89,"low":139.85,"close":139.89,"volume":1624,"time":"2022-05-17T13:37:00.000Z","is_complete":true},{"open":139.89,"high":139.9,"low":139.88,"close":139.9,"volume":904,"time":"2022-05-17T13:38:00.000Z","is_complete":true},{"open":139.88,"high":139.9,"low":139.8,"close":139.8,"volume":916,"time":"2022-05-17T13:39:00.000Z","is_complete":true},{"open":139.87,"high":139.88,"low":139.87,"close":139.88,"volume":72,"time":"2022-05-17T13:40:00.000Z","is_complete":true},{"open":139.88,"high":139.88,"low":139.8,"close":139.8,"volume":4720,"time":"2022-05-17T13:41:00.000Z","is_complete":true},{"open":139.8,"high":139.86,"low":139.8,"close":139.86,"volume":2396,"time":"2022-05-17T13:42:00.000Z","is_complete":true},{"open":139.85,"high":139.87,"low":139.8,"close":139.8,"volume":4706,"time":"2022-05-17T13:43:00.000Z","is_complete":true},{"open":139.85,"high":139.85,"low":139.8,"close":139.8,"volume":2266,"time":"2022-05-17T13:44:00.000Z","is_complete":true},{"open":139.8,"high":139.85,"low":139.8,"close":139.85,"volume":1107,"time":"2022-05-17T13:45:00.000Z","is_complete":true},{"open":139.85,"high":139.85,"low":139.8,"close":139.85,"volume":1521,"time":"2022-05-17T13:46:00.000Z","is_complete":true},{"open":139.8,"high":139.88,"low":139.8,"close":139.88,"volume":2855,"time":"2022-05-17T13:47:00.000Z","is_complete":true},{"open":139.82,"high":139.85,"low":139.78,"close":139.79,"volume":1278,"time":"2022-05-17T13:48:00.000Z","is_complete":true},{"open":139.78,"high":139.88,"low":139.74,"close":139.79,"volume":8991,"time":"2022-05-17T13:49:00.000Z","is_complete":true},{"open":139.79,"high":139.82,"low":139.73,"close":139.78,"volume":15522,"time":"2022-05-17T13:50:00.000Z","is_complete":true},{"open":139.78,"high":139.85,"low":139.73,"close":139.85,"volume":2107,"time":"2022-05-17T13:51:00.000Z","is_complete":true},{"open":139.85,"high":139.85,"low":139.81,"close":139.84,"volume":474,"time":"2022-05-17T13:52:00.000Z","is_complete":true},{"open":139.81,"high":139.89,"low":139.81,"close":139.89,"volume":2213,"time":"2022-05-17T13:53:00.000Z","is_complete":true},{"open":139.88,"high":139.9,"low":139.84,"close":139.9,"volume":19800,"time":"2022-05-17T13:54:00.000Z","is_complete":true},{"open":139.9,"high":139.95,"low":139.88,"close":139.95,"volume":6655,"time":"2022-05-17T13:55:00.000Z","is_complete":true},{"open":139.95,"high":139.95,"low":139.81,"close":139.81,"volume":5819,"time":"2022-05-17T13:56:00.000Z","is_complete":true},{"open":139.82,"high":139.88,"low":139.82,"close":139.88,"volume":909,"time":"2022-05-17T13:57:00.000Z","is_complete":true},{"open":139.82,"high":139.87,"low":139.81,"close":139.82,"volume":2673,"time":"2022-05-17T13:58:00.000Z","is_complete":true},{"open":139.82,"high":139.87,"low":139.8,"close":139.8,"volume":10098,"time":"2022-05-17T13:59:00.000Z","is_complete":true},{"open":139.86,"high":139.9,"low":139.62,"close":139.8,"volume":6760,"time":"2022-05-17T14:00:00.000Z","is_complete":true},{"open":139.92,"high":139.92,"low":139.62,"close":139.77,"volume":388,"time":"2022-05-17T14:01:00.000Z","is_complete":true},{"open":139.77,"high":139.79,"low":139.62,"close":139.7,"volume":4984,"time":"2022-05-17T14:02:00.000Z","is_complete":true},{"open":139.7,"high":139.7,"low":139.55,"close":139.55,"volume":5963,"time":"2022-05-17T14:03:00.000Z","is_complete":true},{"open":139.55,"high":139.66,"low":139.55,"close":139.56,"volume":1731,"time":"2022-05-17T14:04:00.000Z","is_complete":true},{"open":139.56,"high":139.56,"low":139.42,"close":139.42,"volume":9837,"time":"2022-05-17T14:05:00.000Z","is_complete":true},{"open":139.42,"high":139.45,"low":139.3,"close":139.4,"volume":6518,"time":"2022-05-17T14:06:00.000Z","is_complete":true},{"open":139.3,"high":139.8,"low":139.12,"close":139.54,"volume":26815,"time":"2022-05-17T14:07:00.000Z","is_complete":true},{"open":139.65,"high":139.8,"low":139.55,"close":139.76,"volume":1546,"time":"2022-05-17T14:08:00.000Z","is_complete":true},{"open":139.63,"high":139.7,"low":139.48,"close":139.68,"volume":4922,"time":"2022-05-17T14:09:00.000Z","is_complete":true},{"open":139.68,"high":139.8,"low":139.68,"close":139.8,"volume":6341,"time":"2022-05-17T14:10:00.000Z","is_complete":true},{"open":139.79,"high":139.8,"low":139.79,"close":139.8,"volume":27206,"time":"2022-05-17T14:11:00.000Z","is_complete":true},{"open":139.7,"high":139.8,"low":139.7,"close":139.7,"volume":1800,"time":"2022-05-17T14:12:00.000Z","is_complete":true},{"open":139.68,"high":139.68,"low":139.61,"close":139.61,"volume":58,"time":"2022-05-17T14:13:00.000Z","is_complete":true},{"open":139.68,"high":139.68,"low":139.68,"close":139.68,"volume":205,"time":"2022-05-17T14:14:00.000Z","is_complete":true},{"open":139.62,"high":139.8,"low":139.34,"close":139.35,"volume":9746,"time":"2022-05-17T14:15:00.000Z","is_complete":true},{"open":139.48,"high":139.48,"low":139.36,"close":139.45,"volume":78,"time":"2022-05-17T14:16:00.000Z","is_complete":true},{"open":139.43,"high":139.46,"low":139.36,"close":139.46,"volume":250,"time":"2022-05-17T14:17:00.000Z","is_complete":true},{"open":139.46,"high":139.6,"low":139.4,"close":139.6,"volume":348,"time":"2022-05-17T14:18:00.000Z","is_complete":true},{"open":139.41,"high":139.5,"low":139.36,"close":139.5,"volume":547,"time":"2022-05-17T14:19:00.000Z","is_complete":true},{"open":139.48,"high":139.69,"low":139.45,"close":139.69,"volume":3002,"time":"2022-05-17T14:20:00.000Z","is_complete":true},{"open":139.61,"high":139.7,"low":139.54,"close":139.57,"volume":351,"time":"2022-05-17T14:21:00.000Z","is_complete":true},{"open":139.56,"high":139.69,"low":139.5,"close":139.62,"volume":1284,"time":"2022-05-17T14:22:00.000Z","is_complete":true},{"open":139.5,"high":139.64,"low":139.5,"close":139.64,"volume":119,"time":"2022-05-17T14:23:00.000Z","is_complete":true},{"open":139.64,"high":139.7,"low":139.53,"close":139.54,"volume":1475,"time":"2022-05-17T14:24:00.000Z","is_complete":true},{"open":139.54,"high":139.55,"low":139.54,"close":139.55,"volume":1123,"time":"2022-05-17T14:25:00.000Z","is_complete":true},{"open":139.58,"high":139.67,"low":139.58,"close":139.67,"volume":120,"time":"2022-05-17T14:26:00.000Z","is_complete":true},{"open":139.59,"high":139.68,"low":139.51,"close":139.63,"volume":3419,"time":"2022-05-17T14:27:00.000Z","is_complete":true},{"open":139.66,"high":139.66,"low":139.54,"close":139.54,"volume":19,"time":"2022-05-17T14:28:00.000Z","is_complete":true},{"open":139.54,"high":139.55,"low":139.54,"close":139.54,"volume":297,"time":"2022-05-17T14:29:00.000Z","is_complete":true},{"open":139.54,"high":139.55,"low":139.54,"close":139.55,"volume":424,"time":"2022-05-17T14:30:00.000Z","is_complete":true},{"open":139.54,"high":139.54,"low":139.51,"close":139.51,"volume":782,"time":"2022-05-17T14:31:00.000Z","is_complete":true},{"open":139.51,"high":139.55,"low":139.51,"close":139.55,"volume":75,"time":"2022-05-17T14:32:00.000Z","is_complete":true},{"open":139.51,"high":139.7,"low":139.51,"close":139.54,"volume":3482,"time":"2022-05-17T14:33:00.000Z","is_complete":true},{"open":139.57,"high":139.65,"low":139.51,"close":139.65,"volume":387,"time":"2022-05-17T14:34:00.000Z","is_complete":true},{"open":139.55,"high":139.55,"low":139.52,"close":139.54,"volume":142,"time":"2022-05-17T14:35:00.000Z","is_complete":true},{"open":139.62,"high":139.62,"low":139.62,"close":139.62,"volume":22,"time":"2022-05-17T14:36:00.000Z","is_complete":true},{"open":139.62,"high":139.62,"low":139.51,"close":139.51,"volume":595,"time":"2022-05-17T14:37:00.000Z","is_complete":true},{"open":139.51,"high":139.6,"low":139.51,"close":139.51,"volume":42,"time":"2022-05-17T14:38:00.000Z","is_complete":true},{"open":139.52,"high":139.62,"low":139.51,"close":139.62,"volume":428,"time":"2022-05-17T14:39:00.000Z","is_complete":true},{"open":139.61,"high":139.62,"low":139.6,"close":139.62,"volume":921,"time":"2022-05-17T14:40:00.000Z","is_complete":true},{"open":139.61,"high":139.61,"low":139.6,"close":139.6,"volume":301,"time":"2022-05-17T14:41:00.000Z","is_complete":true},{"open":139.6,"high":139.61,"low":139.24,"close":139.3,"volume":20334,"time":"2022-05-17T14:42:00.000Z","is_complete":true},{"open":139.3,"high":139.37,"low":139.23,"close":139.36,"volume":1306,"time":"2022-05-17T14:43:00.000Z","is_complete":true},{"open":139.37,"high":139.37,"low":139.37,"close":139.37,"volume":7,"time":"2022-05-17T14:44:00.000Z","is_complete":true},{"open":139.37,"high":139.37,"low":139.25,"close":139.25,"volume":70,"time":"2022-05-17T14:45:00.000Z","is_complete":true},{"open":139.4,"high":139.44,"low":139.4,"close":139.4,"volume":14,"time":"2022-05-17T14:46:00.000Z","is_complete":true},{"open":139.42,"high":139.45,"low":139.4,"close":139.4,"volume":29,"time":"2022-05-17T14:47:00.000Z","is_complete":true},{"open":139.36,"high":139.61,"low":139.36,"close":139.6,"volume":7799,"time":"2022-05-17T14:48:00.000Z","is_complete":true},{"open":139.6,"high":139.7,"low":139.6,"close":139.61,"volume":6406,"time":"2022-05-17T14:49:00.000Z","is_complete":true},{"open":139.6,"high":139.6,"low":139.46,"close":139.46,"volume":1112,"time":"2022-05-17T14:50:00.000Z","is_complete":true},{"open":139.6,"high":139.69,"low":139.6,"close":139.69,"volume":320,"time":"2022-05-17T14:51:00.000Z","is_complete":true},{"open":139.7,"high":139.78,"low":139.62,"close":139.62,"volume":1907,"time":"2022-05-17T14:52:00.000Z","is_complete":true},{"open":139.53,"high":139.77,"low":139.35,"close":139.64,"volume":9599,"time":"2022-05-17T14:53:00.000Z","is_complete":true},{"open":139.64,"high":139.64,"low":139.05,"close":139.05,"volume":15420,"time":"2022-05-17T14:54:00.000Z","is_complete":true},{"open":139.36,"high":139.37,"low":138.41,"close":138.78,"volume":31857,"time":"2022-05-17T14:55:00.000Z","is_complete":true},{"open":138.84,"high":139.19,"low":138.83,"close":138.85,"volume":5106,"time":"2022-05-17T14:56:00.000Z","is_complete":true},{"open":138.9,"high":139.16,"low":138.9,"close":139.1,"volume":5250,"time":"2022-05-17T14:57:00.000Z","is_complete":true},{"open":139,"high":139.16,"low":138.91,"close":139,"volume":210,"time":"2022-05-17T14:58:00.000Z","is_complete":true},{"open":139,"high":139.1,"low":138.71,"close":138.73,"volume":12573,"time":"2022-05-17T14:59:00.000Z","is_complete":true},{"open":138.72,"high":139.14,"low":138.72,"close":138.9,"volume":2971,"time":"2022-05-17T15:00:00.000Z","is_complete":true},{"open":138.9,"high":139.13,"low":138.9,"close":139.13,"volume":1838,"time":"2022-05-17T15:01:00.000Z","is_complete":true},{"open":139.14,"high":139.2,"low":138.93,"close":139.2,"volume":11938,"time":"2022-05-17T15:02:00.000Z","is_complete":true},{"open":139.02,"high":139.17,"low":139,"close":139.17,"volume":1476,"time":"2022-05-17T15:03:00.000Z","is_complete":true},{"open":139.06,"high":139.69,"low":139.02,"close":139.48,"volume":15124,"time":"2022-05-17T15:04:00.000Z","is_complete":true},{"open":139.35,"high":139.35,"low":139.13,"close":139.3,"volume":415,"time":"2022-05-17T15:05:00.000Z","is_complete":true},{"open":139.29,"high":139.32,"low":139.18,"close":139.19,"volume":3315,"time":"2022-05-17T15:06:00.000Z","is_complete":true},{"open":139.29,"high":139.29,"low":139.13,"close":139.13,"volume":5084,"time":"2022-05-17T15:07:00.000Z","is_complete":true},{"open":139.13,"high":139.59,"low":139.13,"close":139.32,"volume":4882,"time":"2022-05-17T15:08:00.000Z","is_complete":true},{"open":139.35,"high":139.7,"low":139.27,"close":139.56,"volume":4442,"time":"2022-05-17T15:09:00.000Z","is_complete":true},{"open":139.43,"high":139.76,"low":139.35,"close":139.37,"volume":10770,"time":"2022-05-17T15:10:00.000Z","is_complete":true},{"open":139.36,"high":139.61,"low":139.28,"close":139.35,"volume":1484,"time":"2022-05-17T15:11:00.000Z","is_complete":true},{"open":139.4,"high":139.56,"low":139.4,"close":139.42,"volume":266,"time":"2022-05-17T15:12:00.000Z","is_complete":true},{"open":139.42,"high":139.58,"low":139.42,"close":139.47,"volume":159,"time":"2022-05-17T15:13:00.000Z","is_complete":true},{"open":139.44,"high":139.56,"low":139.4,"close":139.56,"volume":204,"time":"2022-05-17T15:14:00.000Z","is_complete":true},{"open":139.5,"high":139.5,"low":139.4,"close":139.45,"volume":3882,"time":"2022-05-17T15:15:00.000Z","is_complete":true},{"open":139.34,"high":139.45,"low":139.32,"close":139.42,"volume":636,"time":"2022-05-17T15:17:00.000Z","is_complete":true},{"open":139.41,"high":139.5,"low":139.3,"close":139.49,"volume":12463,"time":"2022-05-17T15:18:00.000Z","is_complete":true},{"open":139.32,"high":139.32,"low":139.28,"close":139.3,"volume":1962,"time":"2022-05-17T15:19:00.000Z","is_complete":true},{"open":139.3,"high":139.42,"low":139.3,"close":139.38,"volume":3431,"time":"2022-05-17T15:20:00.000Z","is_complete":true},{"open":139.31,"high":139.38,"low":139.28,"close":139.29,"volume":833,"time":"2022-05-17T15:21:00.000Z","is_complete":true},{"open":139.38,"high":139.39,"low":139.29,"close":139.29,"volume":11,"time":"2022-05-17T15:22:00.000Z","is_complete":true},{"open":139.38,"high":139.39,"low":139.23,"close":139.36,"volume":1692,"time":"2022-05-17T15:23:00.000Z","is_complete":true},{"open":139.36,"high":139.37,"low":139.2,"close":139.2,"volume":1794,"time":"2022-05-17T15:24:00.000Z","is_complete":true},{"open":139.21,"high":139.29,"low":139,"close":139.29,"volume":14245,"time":"2022-05-17T15:25:00.000Z","is_complete":true},{"open":139.29,"high":139.33,"low":139.15,"close":139.31,"volume":595,"time":"2022-05-17T15:26:00.000Z","is_complete":true},{"open":139.2,"high":139.29,"low":139.2,"close":139.22,"volume":1467,"time":"2022-05-17T15:27:00.000Z","is_complete":true},{"open":139.28,"high":139.28,"low":139.06,"close":139.2,"volume":9339,"time":"2022-05-17T15:28:00.000Z","is_complete":true},{"open":139.1,"high":139.15,"low":139,"close":139.13,"volume":7405,"time":"2022-05-17T15:29:00.000Z","is_complete":true},{"open":139.13,"high":139.27,"low":139.04,"close":139.2,"volume":1906,"time":"2022-05-17T15:30:00.000Z","is_complete":true},{"open":139.2,"high":139.2,"low":139.01,"close":139.01,"volume":62781,"time":"2022-05-17T15:31:00.000Z","is_complete":true},{"open":139.19,"high":139.32,"low":139.03,"close":139.31,"volume":14013,"time":"2022-05-17T15:32:00.000Z","is_complete":true},{"open":139.31,"high":139.39,"low":139.31,"close":139.39,"volume":1319,"time":"2022-05-17T15:33:00.000Z","is_complete":true},{"open":139.39,"high":139.5,"low":139.31,"close":139.48,"volume":5780,"time":"2022-05-17T15:34:00.000Z","is_complete":true},{"open":139.5,"high":139.5,"low":139.34,"close":139.34,"volume":3207,"time":"2022-05-17T15:35:00.000Z","is_complete":true},{"open":139.35,"high":139.45,"low":139.33,"close":139.36,"volume":129,"time":"2022-05-17T15:36:00.000Z","is_complete":true},{"open":139.4,"high":139.47,"low":139.35,"close":139.47,"volume":5562,"time":"2022-05-17T15:37:00.000Z","is_complete":true},{"open":139.46,"high":139.47,"low":139.14,"close":139.14,"volume":10991,"time":"2022-05-17T15:38:00.000Z","is_complete":true},{"open":139.5,"high":139.54,"low":139.24,"close":139.5,"volume":21311,"time":"2022-05-17T15:39:00.000Z","is_complete":true},{"open":139.58,"high":139.58,"low":139.58,"close":139.58,"volume":4255,"time":"2022-05-17T15:45:00.000Z","is_complete":true},{"open":139.58,"high":139.58,"low":139.58,"close":139.58,"volume":1205,"time":"2022-05-17T15:46:00.000Z","is_complete":true},{"open":139.58,"high":139.58,"low":139.58,"close":139.58,"volume":9,"time":"2022-05-17T15:47:00.000Z","is_complete":true},{"open":139.58,"high":139.58,"low":139.58,"close":139.58,"volume":1160,"time":"2022-05-17T15:48:00.000Z","is_complete":true},{"open":139.58,"high":139.58,"low":139.58,"close":139.58,"volume":2238,"time":"2022-05-17T15:49:00.000Z","is_complete":true}]}