{"candles":[{"open":241.88,"high":241.88,"low":240.5,"close":240.78,"volume":14120,"time":"2022-05-12T07:00:00.000Z","is_complete":true},{"open":240.79,"high":241.89,"low":240.4,"close":241.8,"volume":16442,"time":"2022-05-12T07:01:00.000Z","is_complete":true},{"open":241.8,"high":241.89,"low":241.15,"close":241.17,"volume":7388,"time":"2022-05-12T07:02:00.000Z","is_complete":true},{"open":241.25,"high":241.39,"low":241.02,"close":241.39,"volume":3430,"time":"2022-05-12T07:03:00.000Z","is_complete":true},{"open":241.38,"high":241.5,"low":241.13,"close":241.14,"volume":3501,"time":"2022-05-12T07:04:00.000Z","is_complete":true},{"open":241.13,"high":241.13,"low":240.7,"close":240.71,"volume":8953,"time":"2022-05-12T07:05:00.000Z","is_complete":true},{"open":240.76,"high":241,"low":240.68,"close":240.74,"volume":5100,"time":"2022-05-12T07:06:00.000Z","is_complete":true},{"open":240.7,"high":241.04,"low":240.68,"close":241.04,"volume":8121,"time":"2022-05-12T07:07:00.000Z","is_complete":true},{"open":241.04,"high":241.2,"low":240.9,"close":241.05,"volume":1680,"time":"2022-05-12T07:08:00.000Z","is_complete":true},{"open":241.15,"high":241.19,"low":241,"close":241.04,"volume":3103,"time":"2022-05-12T07:09:00.000Z","is_complete":true},{"open":241.04,"high":241.07,"low":240.8,"close":240.8,"volume":6346,"time":"2022-05-12T07:10:00.000Z","is_complete":true},{"open":240.81,"high":240.97,"low":240.8,"close":240.96,"volume":5591,"time":"2022-05-12T07:11:00.000Z","is_complete":true},{"open":240.9,"high":240.98,"low":240.63,"close":240.72,"volume":5283,"time":"2022-05-12T07:12:00.000Z","is_complete":true},{"open":240.72,"high":240.75,"low":240.55,"close":240.55,"volume":7366,"time":"2022-05-12T07:13:00.000Z","is_complete":true},{"open":240.55,"high":240.79,"low":240.52,"close":240.62,"volume":3174,"time":"2022-05-12T07:14:00.000Z","is_complete":true},{"open":240.62,"high":240.8,"low":240.57,"close":240.8,"volume":3066,"time":"2022-05-12T07:15:00.000Z","is_complete":true},{"open":240.71,"high":241.26,"low":240.7,"close":241.26,"volume":6295,"time":"2022-05-12T07:16:00.000Z","is_complete":true},{"open":241.27,"high":241.38,"low":241.08,"close":241.22,"volume":1726,"time":"2022-05-12T07:17:00.000Z","is_complete":true},{"open":241.22,"high":241.23,"low":240.81,"close":241.04,"volume":4699,"time":"2022-05-12T07:18:00.000Z","is_complete":true},{"open":241,"high":241.28,"low":241,"close":241.18,"volume":2328,"time":"2022-05-12T07:19:00.000Z","is_complete":true},{"open":241.07,"high":241.27,"low":240.91,"close":240.91,"volume":1710,"time":"2022-05-12T07:20:00.000Z","is_complete":true},{"open":240.98,"high":241,"low":240.57,"close":240.7,"volume":9354,"time":"2022-05-12T07:21:00.000Z","is_complete":true},{"open":240.69,"high":240.7,"low":240.02,"close":240.02,"volume":15971,"time":"2022-05-12T07:22:00.000Z","is_complete":true},{"open":240.07,"high":240.08,"low":239.86,"close":239.91,"volume":16040,"time":"2022-05-12T07:23:00.000Z","is_complete":true},{"open":239.94,"high":239.98,"low":239,"close":239.01,"volume":30717,"time":"2022-05-12T07:24:00.000Z","is_complete":true},{"open":239.09,"high":239.45,"low":238.1,"close":239.11,"volume":28821,"time":"2022-05-12T07:25:00.000Z","is_complete":true},{"open":239.11,"high":239.2,"low":238.7,"close":238.81,"volume":5396,"time":"2022-05-12T07:26:00.000Z","is_complete":true},{"open":238.88,"high":239.43,"low":238.83,"close":239.22,"volume":8461,"time":"2022-05-12T07:27:00.000Z","is_complete":true},{"open":239.38,"high":239.8,"low":239.21,"close":239.57,"volume":10097,"time":"2022-05-12T07:28:00.000Z","is_complete":true},{"open":239.64,"high":239.79,"low":239.5,"close":239.66,"volume":2982,"time":"2022-05-12T07:29:00.000Z","is_complete":true},{"open":239.66,"high":239.76,"low":239.42,"close":239.5,"volume":10559,"time":"2022-05-12T07:30:00.000Z","is_complete":true},{"open":239.5,"high":239.85,"low":239.37,"close":239.53,"volume":6410,"time":"2022-05-12T07:31:00.000Z","is_complete":true},{"open":239.53,"high":240,"low":239.49,"close":239.8,"volume":8968,"time":"2022-05-12T07:32:00.000Z","is_complete":true},{"open":239.89,"high":240.31,"low":239.76,"close":239.91,"volume":5395,"time":"2022-05-12T07:33:00.000Z","is_complete":true},{"open":239.92,"high":240.09,"low":239.82,"close":239.82,"volume":1987,"time":"2022-05-12T07:34:00.000Z","is_complete":true},{"open":239.88,"high":239.9,"low":239.76,"close":239.76,"volume":5003,"time":"2022-05-12T07:35:00.000Z","is_complete":true},{"open":239.76,"high":240.3,"low":239.76,"close":240.27,"volume":9103,"time":"2022-05-12T07:36:00.000Z","is_complete":true},{"open":240.25,"high":240.73,"low":240.2,"close":240.66,"volume":6164,"time":"2022-05-12T07:37:00.000Z","is_complete":true},{"open":240.66,"high":240.79,"low":240.5,"close":240.67,"volume":7909,"time":"2022-05-12T07:38:00.000Z","is_complete":true},{"open":240.67,"high":241.09,"low":240.66,"close":241.05,"volume":17927,"time":"2022-05-12T07:39:00.000Z","is_complete":true},{"open":241.09,"high":241.16,"low":240.86,"close":240.89,"volume":9942,"time":"2022-05-12T07:40:00.000Z","is_complete":true},{"open":240.89,"high":241.06,"low":240.28,"close":240.48,"volume":6526,"time":"2022-05-12T07:41:00.000Z","is_complete":true},{"open":240.48,"high":240.64,"low":240.23,"close":240.44,"volume":2475,"time":"2022-05-12T07:42:00.000Z","is_complete":true},{"open":240.35,"high":240.79,"low":240.21,"close":240.65,"volume":3807,"time":"2022-05-12T07:43:00.000Z","is_complete":true},{"open":240.77,"high":241,"low":240.66,"close":241,"volume":1810,"time":"2022-05-12T07:44:00.000Z","is_complete":true},{"open":240.97,"high":241,"low":240.63,"close":240.63,"volume":1241,"time":"2022-05-12T07:45:00.000Z","is_complete":true},{"open":240.63,"high":240.75,"low":240.48,"close":240.53,"volume":672,"time":"2022-05-12T07:46:00.000Z","is_complete":true},{"open":240.54,"high":240.97,"low":240.45,"close":240.45,"volume":1394,"time":"2022-05-12T07:47:00.000Z","is_complete":true},{"open":240.64,"high":240.7,"low":240.04,"close":240.23,"volume":4263,"time":"2022-05-12T07:48:00.000Z","is_complete":true},{"open":240.29,"high":240.52,"low":240.16,"close":240.33,"volume":407,"time":"2022-05-12T07:49:00.000Z","is_complete":true},{"open":240.33,"high":240.6,"low":240.33,"close":240.52,"volume":600,"time":"2022-05-12T07:50:00.000Z","is_complete":true},{"open":240.6,"high":240.78,"low":240.6,"close":240.69,"volume":592,"time":"2022-05-12T07:51:00.000Z","is_complete":true},{"open":240.61,"high":240.68,"low":240.26,"close":240.3,"volume":2379,"time":"2022-05-12T07:52:00.000Z","is_complete":true},{"open":240.43,"high":240.49,"low":240,"close":240,"volume":2875,"time":"2022-05-12T07:53:00.000Z","is_complete":true},{"open":240.08,"high":240.1,"low":240,"close":240.1,"volume":1985,"time":"2022-05-12T07:54:00.000Z","is_complete":true},{"open":240.06,"high":240.31,"low":240,"close":240.19,"volume":1970,"time":"2022-05-12T07:55:00.000Z","is_complete":true},{"open":240.13,"high":240.2,"low":240.11,"close":240.2,"volume":369,"time":"2022-05-12T07:56:00.000Z","is_complete":true},{"open":240.12,"high":240.2,"low":240.11,"close":240.2,"volume":1143,"time":"2022-05-12T07:57:00.000Z","is_complete":true},{"open":240.13,"high":240.49,"low":240.13,"close":240.42,"volume":1466,"time":"2022-05-12T07:58:00.000Z","is_complete":true},{"open":240.3,"high":240.42,"low":240.23,"close":240.36,"volume":312,"time":"2022-05-12T07:59:00.000Z","is_complete":true},{"open":240.26,"high":240.37,"low":240.13,"close":240.13,"volume":473,"time":"2022-05-12T08:00:00.000Z","is_complete":true},{"open":240.13,"high":240.25,"low":240.12,"close":240.13,"volume":945,"time":"2022-05-12T08:01:00.000Z","is_complete":true},{"open":240.14,"high":240.15,"low":240.1,"close":240.1,"volume":831,"time":"2022-05-12T08:02:00.000Z","is_complete":true},{"open":240.11,"high":240.25,"low":240.06,"close":240.1,"volume":632,"time":"2022-05-12T08:03:00.000Z","is_complete":true},{"open":240.25,"high":240.25,"low":240.05,"close":240.1,"volume":964,"time":"2022-05-12T08:04:00.000Z","is_complete":true},{"open":240.12,"high":240.25,"low":240.12,"close":240.24,"volume":670,"time":"2022-05-12T08:05:00.000Z","is_complete":true},{"open":240.24,"high":240.25,"low":240.11,"close":240.22,"volume":420,"time":"2022-05-12T08:06:00.000Z","is_complete":true},{"open":240.21,"high":240.32,"low":240.11,"close":240.23,"volume":468,"time":"2022-05-12T08:07:00.000Z","is_complete":true},{"open":240.31,"high":240.44,"low":240,"close":240.15,"volume":10302,"time":"2022-05-12T08:08:00.000Z","is_complete":true},{"open":240.15,"high":240.24,"low":240.08,"close":240.23,"volume":318,"time":"2022-05-12T08:09:00.000Z","is_complete":true},{"open":240.12,"high":240.22,"low":240,"close":240.11,"volume":844,"time":"2022-05-12T08:10:00.000Z","is_complete":true},{"open":240.02,"high":240.06,"low":239.68,"close":239.78,"volume":4533,"time":"2022-05-12T08:11:00.000Z","is_complete":true},{"open":239.79,"high":239.8,"low":239.7,"close":239.76,"volume":603,"time":"2022-05-12T08:12:00.000Z","is_complete":true},{"open":239.76,"high":239.87,"low":239.76,"close":239.78,"volume":393,"time":"2022-05-12T08:13:00.000Z","is_complete":true},{"open":239.86,"high":239.94,"low":239.77,"close":239.87,"volume":735,"time":"2022-05-12T08:14:00.000Z","is_complete":true},{"open":239.87,"high":239.92,"low":239.74,"close":239.74,"volume":653,"time":"2022-05-12T08:15:00.000Z","is_complete":true},{"open":239.74,"high":239.86,"low":239.6,"close":239.6,"volume":2013,"time":"2022-05-12T08:16:00.000Z","is_complete":true},{"open":239.6,"high":239.74,"low":239.5,"close":239.51,"volume":6289,"time":"2022-05-12T08:17:00.000Z","is_complete":true},{"open":239.51,"high":239.68,"low":239.5,"close":239.63,"volume":2004,"time":"2022-05-12T08:18:00.000Z","is_complete":true},{"open":239.53,"high":239.63,"low":239.51,"close":239.63,"volume":477,"time":"2022-05-12T08:19:00.000Z","is_complete":true},{"open":239.62,"high":239.63,"low":239.4,"close":239.41,"volume":11546,"time":"2022-05-12T08:20:00.000Z","is_complete":true},{"open":239.4,"high":239.5,"low":239.2,"close":239.2,"volume":10522,"time":"2022-05-12T08:21:00.000Z","is_complete":true},{"open":239.23,"high":239.58,"low":239.2,"close":239.27,"volume":6204,"time":"2022-05-12T08:22:00.000Z","is_complete":true},{"open":239.27,"high":239.49,"low":239.11,"close":239.4,"volume":2699,"time":"2022-05-12T08:23:00.000Z","is_complete":true},{"open":239.47,"high":240.4,"low":239.47,"close":239.96,"volume":6586,"time":"2022-05-12T08:24:00.000Z","is_complete":true},{"open":239.83,"high":240,"low":239.62,"close":239.95,"volume":2117,"time":"2022-05-12T08:25:00.000Z","is_complete":true},{"open":239.95,"high":240,"low":239.73,"close":239.82,"volume":2697,"time":"2022-05-12T08:26:00.000Z","is_complete":true},{"open":239.94,"high":240.33,"low":239.84,"close":240.32,"volume":2204,"time":"2022-05-12T08:27:00.000Z","is_complete":true},{"open":240.31,"high":240.32,"low":240,"close":240.17,"volume":1205,"time":"2022-05-12T08:28:00.000Z","is_complete":true},{"open":240.02,"high":240.31,"low":239.9,"close":240,"volume":1844,"time":"2022-05-12T08:29:00.000Z","is_complete":true},{"open":240,"high":240,"low":239.7,"close":239.96,"volume":1570,"time":"2022-05-12T08:30:00.000Z","is_complete":true},{"open":239.96,"high":239.99,"low":239.8,"close":239.86,"volume":758,"time":"2022-05-12T08:31:00.000Z","is_complete":true},{"open":239.87,"high":240.45,"low":239.87,"close":240.44,"volume":5924,"time":"2022-05-12T08:32:00.000Z","is_complete":true},{"open":240.43,"high":240.5,"low":240.22,"close":240.3,"volume":2123,"time":"2022-05-12T08:33:00.000Z","is_complete":true},{"open":240.39,"high":240.39,"low":240.08,"close":240.32,"volume":1201,"time":"2022-05-12T08:34:00.000Z","is_complete":true},{"open":240.22,"high":240.32,"low":240,"close":240.23,"volume":2433,"time":"2022-05-12T08:35:00.000Z","is_complete":true},{"open":240.21,"high":240.28,"low":240.01,"close":240.11,"volume":366,"time":"2022-05-12T08:36:00.000Z","is_complete":true},{"open":240.15,"high":240.21,"low":240.1,"close":240.1,"volume":337,"time":"2022-05-12T08:37:00.000Z","is_complete":true},{"open":240.1,"high":240.2,"low":240.1,"close":240.11,"volume":497,"time":"2022-05-12T08:38:00.000Z","is_complete":true},{"open":240.2,"high":240.2,"low":240,"close":240.16,"volume":1035,"time":"2022-05-12T08:39:00.000Z","is_complete":true},{"open":240.11,"high":240.16,"low":239.75,"close":239.97,"volume":1603,"time":"2022-05-12T08:40:00.000Z","is_complete":true},{"open":239.97,"high":239.97,"low":239.75,"close":239.8,"volume":399,"time":"2022-05-12T08:41:00.000Z","is_complete":true},{"open":239.8,"high":239.81,"low":239.8,"close":239.8,"volume":204,"time":"2022-05-12T08:42:00.000Z","is_complete":true},{"open":239.8,"high":239.94,"low":239.8,"close":239.94,"volume":312,"time":"2022-05-12T08:43:00.000Z","is_complete":true},{"open":239.94,"high":239.94,"low":239.81,"close":239.94,"volume":176,"time":"2022-05-12T08:44:00.000Z","is_complete":true},{"open":239.94,"high":239.94,"low":239.81,"close":239.81,"volume":660,"time":"2022-05-12T08:45:00.000Z","is_complete":true},{"open":239.85,"high":239.85,"low":239.8,"close":239.85,"volume":410,"time":"2022-05-12T08:46:00.000Z","is_complete":true},{"open":239.8,"high":239.8,"low":239.71,"close":239.71,"volume":572,"time":"2022-05-12T08:47:00.000Z","is_complete":true},{"open":239.71,"high":239.85,"low":239.71,"close":239.72,"volume":288,"time":"2022-05-12T08:48:00.000Z","is_complete":true},{"open":239.8,"high":239.85,"low":239.64,"close":239.71,"volume":1546,"time":"2022-05-12T08:49:00.000Z","is_complete":true},{"open":239.64,"high":239.8,"low":239.19,"close":239.19,"volume":4500,"time":"2022-05-12T08:50:00.000Z","is_complete":true},{"open":239.19,"high":239.2,"low":239.1,"close":239.19,"volume":2834,"time":"2022-05-12T08:51:00.000Z","is_complete":true},{"open":239.12,"high":239.82,"low":239.1,"close":239.35,"volume":3763,"time":"2022-05-12T08:52:00.000Z","is_complete":true},{"open":239.34,"high":239.6,"low":239.25,"close":239.43,"volume":1833,"time":"2022-05-12T08:53:00.000Z","is_complete":true},{"open":239.45,"high":239.63,"low":239.43,"close":239.6,"volume":632,"time":"2022-05-12T08:54:00.000Z","is_complete":true},{"open":239.63,"high":239.78,"low":239.57,"close":239.66,"volume":315,"time":"2022-05-12T08:55:00.000Z","is_complete":true},{"open":239.67,"high":239.94,"low":239.6,"close":239.94,"volume":1398,"time":"2022-05-12T08:56:00.000Z","is_complete":true},{"open":239.94,"high":240,"low":239.76,"close":239.91,"volume":1554,"time":"2022-05-12T08:57:00.000Z","is_complete":true},{"open":239.78,"high":239.91,"low":239.73,"close":239.9,"volume":291,"time":"2022-05-12T08:58:00.000Z","is_complete":true},{"open":239.78,"high":239.99,"low":239.77,"close":239.99,"volume":1021,"time":"2022-05-12T08:59:00.000Z","is_complete":true},{"open":239.98,"high":240.06,"low":239.83,"close":239.87,"volume":1450,"time":"2022-05-12T09:00:00.000Z","is_complete":true},{"open":239.87,"high":240,"low":239.78,"close":239.85,"volume":768,"time":"2022-05-12T09:01:00.000Z","is_complete":true},{"open":239.85,"high":240.02,"low":239.8,"close":240.02,"volume":897,"time":"2022-05-12T09:02:00.000Z","is_complete":true},{"open":240,"high":240.06,"low":239.84,"close":239.91,"volume":833,"time":"2022-05-12T09:03:00.000Z","is_complete":true},{"open":239.99,"high":240,"low":239.89,"close":239.92,"volume":1019,"time":"2022-05-12T09:04:00.000Z","is_complete":true},{"open":239.93,"high":240,"low":239.8,"close":239.99,"volume":2902,"time":"2022-05-12T09:05:00.000Z","is_complete":true},{"open":239.87,"high":240,"low":239.83,"close":239.96,"volume":3725,"time":"2022-05-12T09:06:00.000Z","is_complete":true},{"open":239.97,"high":240.06,"low":239.89,"close":239.89,"volume":3513,"time":"2022-05-12T09:07:00.000Z","is_complete":true},{"open":240,"high":240.08,"low":239.86,"close":239.94,"volume":357,"time":"2022-05-12T09:08:00.000Z","is_complete":true},{"open":240.01,"high":240.3,"low":239.97,"close":240.3,"volume":2873,"time":"2022-05-12T09:09:00.000Z","is_complete":true},{"open":240.3,"high":240.32,"low":240,"close":240.32,"volume":2374,"time":"2022-05-12T09:10:00.000Z","is_complete":true},{"open":240.2,"high":240.38,"low":240.2,"close":240.38,"volume":626,"time":"2022-05-12T09:11:00.000Z","is_complete":true},{"open":240.38,"high":240.45,"low":240.33,"close":240.4,"volume":1897,"time":"2022-05-12T09:12:00.000Z","is_complete":true},{"open":240.44,"high":240.49,"low":240.23,"close":240.4,"volume":1324,"time":"2022-05-12T09:13:00.000Z","is_complete":true},{"open":240.39,"high":240.4,"low":240.23,"close":240.24,"volume":124,"time":"2022-05-12T09:14:00.000Z","is_complete":true},{"open":240.34,"high":240.5,"low":240.2,"close":240.22,"volume":1128,"time":"2022-05-12T09:15:00.000Z","is_complete":true},{"open":240.22,"high":240.26,"low":239.88,"close":239.88,"volume":3481,"time":"2022-05-12T09:16:00.000Z","is_complete":true},{"open":240,"high":240.13,"low":239.88,"close":240,"volume":350,"time":"2022-05-12T09:17:00.000Z","is_complete":true},{"open":240,"high":240,"low":239.8,"close":239.8,"volume":398,"time":"2022-05-12T09:18:00.000Z","is_complete":true},{"open":239.86,"high":239.88,"low":239.8,"close":239.88,"volume":668,"time":"2022-05-12T09:19:00.000Z","is_complete":true},{"open":239.81,"high":239.98,"low":239.8,"close":239.95,"volume":995,"time":"2022-05-12T09:20:00.000Z","is_complete":true},{"open":239.85,"high":239.95,"low":239.85,"close":239.95,"volume":115,"time":"2022-05-12T09:21:00.000Z","is_complete":true},{"open":239.85,"high":239.95,"low":239.85,"close":239.95,"volume":382,"time":"2022-05-12T09:22:00.000Z","is_complete":true},{"open":239.9,"high":239.94,"low":239.8,"close":239.8,"volume":515,"time":"2022-05-12T09:23:00.000Z","is_complete":true},{"open":239.77,"high":239.86,"low":239.7,"close":239.71,"volume":1001,"time":"2022-05-12T09:24:00.000Z","is_complete":true},{"open":239.78,"high":239.87,"low":239.65,"close":239.72,"volume":1470,"time":"2022-05-12T09:25:00.000Z","is_complete":true},{"open":239.71,"high":239.83,"low":239.66,"close":239.68,"volume":268,"time":"2022-05-12T09:26:00.000Z","is_complete":true},{"open":239.8,"high":239.98,"low":239.65,"close":239.96,"volume":1510,"time":"2022-05-12T09:27:00.000Z","is_complete":true},{"open":239.96,"high":239.96,"low":239.71,"close":239.85,"volume":211,"time":"2022-05-12T09:28:00.000Z","is_complete":true},{"open":239.85,"high":239.86,"low":239.65,"close":239.84,"volume":565,"time":"2022-05-12T09:29:00.000Z","is_complete":true},{"open":239.72,"high":240.08,"low":239.66,"close":240.08,"volume":1324,"time":"2022-05-12T09:30:00.000Z","is_complete":true},{"open":239.89,"high":240.07,"low":239.86,"close":240.07,"volume":95,"time":"2022-05-12T09:31:00.000Z","is_complete":true},{"open":240.07,"high":240.2,"low":240,"close":240.07,"volume":565,"time":"2022-05-12T09:32:00.000Z","is_complete":true},{"open":240.1,"high":240.1,"low":239.71,"close":239.85,"volume":669,"time":"2022-05-12T09:33:00.000Z","is_complete":true},{"open":239.86,"high":239.96,"low":239.71,"close":239.87,"volume":685,"time":"2022-05-12T09:34:00.000Z","is_complete":true},{"open":239.87,"high":239.93,"low":239.75,"close":239.75,"volume":754,"time":"2022-05-12T09:35:00.000Z","is_complete":true},{"open":239.75,"high":239.87,"low":239.75,"close":239.77,"volume":1454,"time":"2022-05-12T09:36:00.000Z","is_complete":true},{"open":239.77,"high":239.77,"low":239.75,"close":239.75,"volume":218,"time":"2022-05-12T09:37:00.000Z","is_complete":true},{"open":239.75,"high":239.77,"low":239.75,"close":239.76,"volume":701,"time":"2022-05-12T09:38:00.000Z","is_complete":true},{"open":239.75,"high":239.77,"low":239.65,"close":239.72,"volume":1245,"time":"2022-05-12T09:39:00.000Z","is_complete":true},{"open":239.71,"high":239.71,"low":239.6,"close":239.71,"volume":1696,"time":"2022-05-12T09:40:00.000Z","is_complete":true},{"open":239.62,"high":239.9,"low":239.6,"close":239.9,"volume":903,"time":"2022-05-12T09:41:00.000Z","is_complete":true},{"open":239.8,"high":239.95,"low":239.78,"close":239.94,"volume":33,"time":"2022-05-12T09:42:00.000Z","is_complete":true},{"open":239.94,"high":240.29,"low":239.89,"close":240.29,"volume":2456,"time":"2022-05-12T09:43:00.000Z","is_complete":true},{"open":240.27,"high":240.3,"low":240.01,"close":240.17,"volume":1329,"time":"2022-05-12T09:44:00.000Z","is_complete":true},{"open":240.19,"high":240.3,"low":240.02,"close":240.28,"volume":1394,"time":"2022-05-12T09:45:00.000Z","is_complete":true},{"open":240.27,"high":240.3,"low":240.17,"close":240.28,"volume":568,"time":"2022-05-12T09:46:00.000Z","is_complete":true},{"open":240.28,"high":240.3,"low":240,"close":240.04,"volume":1492,"time":"2022-05-12T09:47:00.000Z","is_complete":true},{"open":240.09,"high":240.29,"low":240.04,"close":240.28,"volume":860,"time":"2022-05-12T09:48:00.000Z","is_complete":true},{"open":240.29,"high":240.29,"low":240.19,"close":240.27,"volume":863,"time":"2022-05-12T09:49:00.000Z","is_complete":true},{"open":240.27,"high":240.28,"low":240.14,"close":240.19,"volume":1571,"time":"2022-05-12T09:50:00.000Z","is_complete":true},{"open":240.26,"high":240.28,"low":240.14,"close":240.27,"volume":322,"time":"2022-05-12T09:51:00.000Z","is_complete":true},{"open":240.18,"high":240.28,"low":240.17,"close":240.2,"volume":464,"time":"2022-05-12T09:52:00.000Z","is_complete":true},{"open":240.27,"high":240.28,"low":240.17,"close":240.27,"volume":237,"time":"2022-05-12T09:53:00.000Z","is_complete":true},{"open":240.21,"high":240.27,"low":240.15,"close":240.15,"volume":560,"time":"2022-05-12T09:54:00.000Z","is_complete":true},{"open":240.15,"high":240.2,"low":240.15,"close":240.17,"volume":261,"time":"2022-05-12T09:55:00.000Z","is_complete":true},{"open":240.17,"high":240.18,"low":240.16,"close":240.17,"volume":101,"time":"2022-05-12T09:56:00.000Z","is_complete":true},{"open":240.16,"high":240.23,"low":240.16,"close":240.16,"volume":262,"time":"2022-05-12T09:57:00.000Z","is_complete":true},{"open":240.2,"high":240.2,"low":240.01,"close":240.01,"volume":499,"time":"2022-05-12T09:58:00.000Z","is_complete":true},{"open":240.01,"high":240.16,"low":240.01,"close":240.16,"volume":235,"time":"2022-05-12T09:59:00.000Z","is_complete":true},{"open":240.16,"high":240.16,"low":240.01,"close":240.13,"volume":482,"time":"2022-05-12T10:00:00.000Z","is_complete":true},{"open":240.05,"high":240.16,"low":240.02,"close":240.02,"volume":285,"time":"2022-05-12T10:01:00.000Z","is_complete":true},{"open":240.11,"high":240.17,"low":240.02,"close":240.16,"volume":345,"time":"2022-05-12T10:02:00.000Z","is_complete":true},{"open":240.13,"high":240.16,"low":240.06,"close":240.1,"volume":163,"time":"2022-05-12T10:03:00.000Z","is_complete":true},{"open":240.1,"high":240.16,"low":240.03,"close":240.16,"volume":307,"time":"2022-05-12T10:04:00.000Z","is_complete":true},{"open":240.15,"high":240.3,"low":240.15,"close":240.3,"volume":2864,"time":"2022-05-12T10:05:00.000Z","is_complete":true},{"open":240.3,"high":240.47,"low":240.25,"close":240.32,"volume":5002,"time":"2022-05-12T10:06:00.000Z","is_complete":true},{"open":240.4,"high":240.5,"low":240.31,"close":240.5,"volume":3513,"time":"2022-05-12T10:07:00.000Z","is_complete":true},{"open":240.45,"high":240.5,"low":240.39,"close":240.47,"volume":714,"time":"2022-05-12T10:08:00.000Z","is_complete":true},{"open":240.47,"high":240.49,"low":240.31,"close":240.38,"volume":1837,"time":"2022-05-12T10:09:00.000Z","is_complete":true},{"open":240.38,"high":240.47,"low":240.33,"close":240.33,"volume":286,"time":"2022-05-12T10:10:00.000Z","is_complete":true},{"open":240.34,"high":240.46,"low":240.34,"close":240.35,"volume":448,"time":"2022-05-12T10:11:00.000Z","is_complete":true},{"open":240.44,"high":240.46,"low":240.34,"close":240.44,"volume":400,"time":"2022-05-12T10:12:00.000Z","is_complete":true},{"open":240.44,"high":240.44,"low":240.32,"close":240.32,"volume":143,"time":"2022-05-12T10:13:00.000Z","is_complete":true},{"open":240.42,"high":240.49,"low":240.36,"close":240.41,"volume":1853,"time":"2022-05-12T10:14:00.000Z","is_complete":true},{"open":240.41,"high":240.49,"low":240.35,"close":240.48,"volume":513,"time":"2022-05-12T10:15:00.000Z","is_complete":true},{"open":240.48,"high":240.6,"low":240.4,"close":240.59,"volume":2032,"time":"2022-05-12T10:16:00.000Z","is_complete":true},{"open":240.57,"high":240.78,"low":240.51,"close":240.74,"volume":5868,"time":"2022-05-12T10:17:00.000Z","is_complete":true},{"open":240.74,"high":240.8,"low":240.65,"close":240.8,"volume":1479,"time":"2022-05-12T10:18:00.000Z","is_complete":true},{"open":240.73,"high":240.83,"low":240.65,"close":240.65,"volume":2770,"time":"2022-05-12T10:19:00.000Z","is_complete":true},{"open":240.7,"high":241,"low":240.66,"close":240.99,"volume":9244,"time":"2022-05-12T10:20:00.000Z","is_complete":true},{"open":240.98,"high":241,"low":240.9,"close":240.9,"volume":988,"time":"2022-05-12T10:21:00.000Z","is_complete":true},{"open":240.9,"high":240.95,"low":240.45,"close":240.46,"volume":1902,"time":"2022-05-12T10:22:00.000Z","is_complete":true},{"open":240.54,"high":240.63,"low":240.2,"close":240.35,"volume":2573,"time":"2022-05-12T10:23:00.000Z","is_complete":true},{"open":240.35,"high":240.35,"low":240.14,"close":240.17,"volume":3453,"time":"2022-05-12T10:24:00.000Z","is_complete":true},{"open":240.15,"high":240.23,"low":240,"close":240.14,"volume":3201,"time":"2022-05-12T10:25:00.000Z","is_complete":true},{"open":240.04,"high":240.11,"low":239.8,"close":239.9,"volume":3543,"time":"2022-05-12T10:26:00.000Z","is_complete":true},{"open":239.9,"high":240.07,"low":239.81,"close":240.03,"volume":817,"time":"2022-05-12T10:27:00.000Z","is_complete":true},{"open":240.03,"high":240.23,"low":240.03,"close":240.11,"volume":1220,"time":"2022-05-12T10:28:00.000Z","is_complete":true},{"open":240.11,"high":240.23,"low":240.11,"close":240.2,"volume":223,"time":"2022-05-12T10:29:00.000Z","is_complete":true},{"open":240.2,"high":240.2,"low":240.05,"close":240.09,"volume":327,"time":"2022-05-12T10:30:00.000Z","is_complete":true},{"open":240.05,"high":240.11,"low":240,"close":240.1,"volume":1168,"time":"2022-05-12T10:31:00.000Z","is_complete":true},{"open":240.11,"high":240.11,"low":240,"close":240,"volume":911,"time":"2022-05-12T10:32:00.000Z","is_complete":true},{"open":240.02,"high":240.15,"low":239.9,"close":240,"volume":1255,"time":"2022-05-12T10:33:00.000Z","is_complete":true},{"open":240,"high":240.06,"low":239.83,"close":239.99,"volume":294,"time":"2022-05-12T10:34:00.000Z","is_complete":true},{"open":239.89,"high":239.99,"low":239.85,"close":239.86,"volume":304,"time":"2022-05-12T10:35:00.000Z","is_complete":true},{"open":239.87,"high":240,"low":239.82,"close":239.82,"volume":727,"time":"2022-05-12T10:36:00.000Z","is_complete":true},{"open":239.82,"high":239.99,"low":239.82,"close":239.86,"volume":754,"time":"2022-05-12T10:37:00.000Z","is_complete":true},{"open":239.86,"high":239.98,"low":239.86,"close":239.9,"volume":141,"time":"2022-05-12T10:38:00.000Z","is_complete":true},{"open":239.91,"high":239.98,"low":239.91,"close":239.92,"volume":406,"time":"2022-05-12T10:39:00.000Z","is_complete":true},{"open":239.98,"high":240.17,"low":239.92,"close":240.04,"volume":1829,"time":"2022-05-12T10:40:00.000Z","is_complete":true},{"open":240.14,"high":240.14,"low":239.95,"close":239.98,"volume":489,"time":"2022-05-12T10:41:00.000Z","is_complete":true},{"open":239.98,"high":240.04,"low":239.95,"close":239.97,"volume":265,"time":"2022-05-12T10:42:00.000Z","is_complete":true},{"open":240.05,"high":240.15,"low":239.97,"close":240.15,"volume":1042,"time":"2022-05-12T10:43:00.000Z","is_complete":true},{"open":240.16,"high":240.16,"low":240,"close":240.08,"volume":152,"time":"2022-05-12T10:44:00.000Z","is_complete":true},{"open":240.08,"high":240.1,"low":239.76,"close":239.83,"volume":3694,"time":"2022-05-12T10:45:00.000Z","is_complete":true},{"open":239.76,"high":239.95,"low":239.7,"close":239.81,"volume":1582,"time":"2022-05-12T10:46:00.000Z","is_complete":true},{"open":239.82,"high":239.99,"low":239.82,"close":239.92,"volume":344,"time":"2022-05-12T10:47:00.000Z","is_complete":true},{"open":239.87,"high":240.16,"low":239.87,"close":240.02,"volume":11204,"time":"2022-05-12T10:48:00.000Z","is_complete":true},{"open":240.14,"high":240.14,"low":239.9,"close":240,"volume":535,"time":"2022-05-12T10:49:00.000Z","is_complete":true},{"open":240.01,"high":240.23,"low":240,"close":240.1,"volume":1582,"time":"2022-05-12T10:50:00.000Z","is_complete":true},{"open":240.1,"high":240.21,"low":240.1,"close":240.11,"volume":62,"time":"2022-05-12T10:51:00.000Z","is_complete":true},{"open":240.21,"high":240.22,"low":239.84,"close":239.85,"volume":507,"time":"2022-05-12T10:52:00.000Z","is_complete":true},{"open":239.87,"high":239.95,"low":239.81,"close":239.88,"volume":1075,"time":"2022-05-12T10:53:00.000Z","is_complete":true},{"open":239.83,"high":240.01,"low":239.82,"close":239.98,"volume":348,"time":"2022-05-12T10:54:00.000Z","is_complete":true},{"open":239.9,"high":239.98,"low":239.81,"close":239.9,"volume":404,"time":"2022-05-12T10:55:00.000Z","is_complete":true},{"open":239.9,"high":240,"low":239.81,"close":239.95,"volume":173,"time":"2022-05-12T10:56:00.000Z","is_complete":true},{"open":239.95,"high":240,"low":239.9,"close":239.99,"volume":50,"time":"2022-05-12T10:57:00.000Z","is_complete":true},{"open":239.98,"high":240,"low":239.9,"close":239.9,"volume":130,"time":"2022-05-12T10:58:00.000Z","is_complete":true},{"open":239.98,"high":240.08,"low":239.87,"close":239.88,"volume":319,"time":"2022-05-12T10:59:00.000Z","is_complete":true},{"open":239.97,"high":239.99,"low":239.82,"close":239.9,"volume":239,"time":"2022-05-12T11:00:00.000Z","is_complete":true},{"open":239.9,"high":239.95,"low":239.82,"close":239.9,"volume":357,"time":"2022-05-12T11:01:00.000Z","is_complete":true},{"open":239.96,"high":240,"low":239.9,"close":240,"volume":388,"time":"2022-05-12T11:02:00.000Z","is_complete":true},{"open":239.9,"high":240,"low":239.86,"close":239.9,"volume":178,"time":"2022-05-12T11:03:00.000Z","is_complete":true},{"open":239.89,"high":239.9,"low":239.87,"close":239.9,"volume":185,"time":"2022-05-12T11:04:00.000Z","is_complete":true},{"open":239.9,"high":239.9,"low":239.82,"close":239.9,"volume":769,"time":"2022-05-12T11:05:00.000Z","is_complete":true},{"open":239.82,"high":239.9,"low":239.8,"close":239.81,"volume":1058,"time":"2022-05-12T11:06:00.000Z","is_complete":true},{"open":239.89,"high":239.89,"low":239.8,"close":239.81,"volume":269,"time":"2022-05-12T11:07:00.000Z","is_complete":true},{"open":239.82,"high":239.82,"low":239.8,"close":239.81,"volume":1002,"time":"2022-05-12T11:08:00.000Z","is_complete":true},{"open":239.8,"high":239.9,"low":239.75,"close":239.77,"volume":3007,"time":"2022-05-12T11:09:00.000Z","is_complete":true},{"open":239.77,"high":239.88,"low":239.75,"close":239.85,"volume":755,"time":"2022-05-12T11:10:00.000Z","is_complete":true},{"open":239.77,"high":239.86,"low":239.76,"close":239.81,"volume":464,"time":"2022-05-12T11:11:00.000Z","is_complete":true},{"open":239.85,"high":239.9,"low":239.8,"close":239.9,"volume":540,"time":"2022-05-12T11:12:00.000Z","is_complete":true},{"open":239.9,"high":239.9,"low":239.83,"close":239.85,"volume":228,"time":"2022-05-12T11:13:00.000Z","is_complete":true},{"open":239.85,"high":240,"low":239.85,"close":239.87,"volume":692,"time":"2022-05-12T11:14:00.000Z","is_complete":true},{"open":239.95,"high":239.96,"low":239.83,"close":239.95,"volume":88,"time":"2022-05-12T11:15:00.000Z","is_complete":true},{"open":239.89,"high":240,"low":239.85,"close":239.89,"volume":2596,"time":"2022-05-12T11:16:00.000Z","is_complete":true},{"open":239.96,"high":239.98,"low":239.84,"close":239.9,"volume":265,"time":"2022-05-12T11:17:00.000Z","is_complete":true},{"open":239.9,"high":239.98,"low":239.9,"close":239.92,"volume":162,"time":"2022-05-12T11:18:00.000Z","is_complete":true},{"open":239.97,"high":239.97,"low":239.83,"close":239.86,"volume":598,"time":"2022-05-12T11:19:00.000Z","is_complete":true},{"open":239.86,"high":239.92,"low":239.85,"close":239.85,"volume":132,"time":"2022-05-12T11:20:00.000Z","is_complete":true},{"open":239.92,"high":239.96,"low":239.85,"close":239.86,"volume":334,"time":"2022-05-12T11:21:00.000Z","is_complete":true},{"open":239.91,"high":239.91,"low":239.85,"close":239.9,"volume":61,"time":"2022-05-12T11:22:00.000Z","is_complete":true},{"open":239.9,"high":239.9,"low":239.85,"close":239.85,"volume":243,"time":"2022-05-12T11:23:00.000Z","is_complete":true},{"open":239.85,"high":239.9,"low":239.84,"close":239.84,"volume":358,"time":"2022-05-12T11:24:00.000Z","is_complete":true},{"open":239.84,"high":239.9,"low":239.84,"close":239.86,"volume":289,"time":"2022-05-12T11:25:00.000Z","is_complete":true},{"open":239.86,"high":239.9,"low":239.86,"close":239.88,"volume":107,"time":"2022-05-12T11:26:00.000Z","is_complete":true},{"open":239.86,"high":239.98,"low":239.84,"close":239.86,"volume":422,"time":"2022-05-12T11:27:00.000Z","is_complete":true},{"open":239.87,"high":239.97,"low":239.8,"close":239.94,"volume":1002,"time":"2022-05-12T11:28:00.000Z","is_complete":true},{"open":239.83,"high":239.96,"low":239.81,"close":239.81,"volume":312,"time":"2022-05-12T11:29:00.000Z","is_complete":true},{"open":239.89,"high":239.89,"low":239.8,"close":239.89,"volume":180,"time":"2022-05-12T11:30:00.000Z","is_complete":true},{"open":239.81,"high":240,"low":239.81,"close":239.9,"volume":522,"time":"2022-05-12T11:31:00.000Z","is_complete":true},{"open":239.99,"high":240,"low":239.91,"close":239.93,"volume":142,"time":"2022-05-12T11:32:00.000Z","is_complete":true},{"open":239.93,"high":240,"low":239.9,"close":239.99,"volume":334,"time":"2022-05-12T11:33:00.000Z","is_complete":true},{"open":239.84,"high":239.99,"low":239.84,"close":239.98,"volume":626,"time":"2022-05-12T11:34:00.000Z","is_complete":true},{"open":239.98,"high":239.98,"low":239.84,"close":239.94,"volume":328,"time":"2022-05-12T11:35:00.000Z","is_complete":true},{"open":239.94,"high":240,"low":239.84,"close":239.85,"volume":970,"time":"2022-05-12T11:36:00.000Z","is_complete":true},{"open":239.94,"high":239.99,"low":239.84,"close":239.97,"volume":321,"time":"2022-05-12T11:37:00.000Z","is_complete":true},{"open":239.87,"high":239.98,"low":239.85,"close":239.97,"volume":761,"time":"2022-05-12T11:38:00.000Z","is_complete":true},{"open":239.94,"high":239.99,"low":239.94,"close":239.95,"volume":226,"time":"2022-05-12T11:39:00.000Z","is_complete":true},{"open":239.97,"high":239.99,"low":239.94,"close":239.94,"volume":248,"time":"2022-05-12T11:40:00.000Z","is_complete":true},{"open":239.95,"high":239.99,"low":239.94,"close":239.94,"volume":342,"time":"2022-05-12T11:41:00.000Z","is_complete":true},{"open":239.94,"high":240,"low":239.94,"close":239.95,"volume":740,"time":"2022-05-12T11:42:00.000Z","is_complete":true},{"open":239.99,"high":240,"low":239.94,"close":239.94,"volume":771,"time":"2022-05-12T11:43:00.000Z","is_complete":true},{"open":239.94,"high":239.97,"low":239.94,"close":239.94,"volume":716,"time":"2022-05-12T11:44:00.000Z","is_complete":true},{"open":239.94,"high":239.95,"low":239.85,"close":239.85,"volume":902,"time":"2022-05-12T11:45:00.000Z","is_complete":true},{"open":239.93,"high":239.99,"low":239.85,"close":239.87,"volume":258,"time":"2022-05-12T11:46:00.000Z","is_complete":true},{"open":239.99,"high":239.99,"low":239.86,"close":239.88,"volume":182,"time":"2022-05-12T11:47:00.000Z","is_complete":true},{"open":239.94,"high":239.98,"low":239.85,"close":239.95,"volume":323,"time":"2022-05-12T11:48:00.000Z","is_complete":true},{"open":239.86,"high":239.97,"low":239.85,"close":239.96,"volume":166,"time":"2022-05-12T11:49:00.000Z","is_complete":true},{"open":239.88,"high":239.96,"low":239.86,"close":239.9,"volume":216,"time":"2022-05-12T11:50:00.000Z","is_complete":true},{"open":239.9,"high":239.96,"low":239.85,"close":239.86,"volume":345,"time":"2022-05-12T11:51:00.000Z","is_complete":true},{"open":239.91,"high":239.95,"low":239.85,"close":239.85,"volume":345,"time":"2022-05-12T11:52:00.000Z","is_complete":true},{"open":239.86,"high":239.98,"low":239.85,"close":239.86,"volume":506,"time":"2022-05-12T11:53:00.000Z","is_complete":true},{"open":239.96,"high":239.98,"low":239.8,"close":239.88,"volume":2847,"time":"2022-05-12T11:54:00.000Z","is_complete":true},{"open":239.88,"high":239.98,"low":239.88,"close":239.88,"volume":616,"time":"2022-05-12T11:55:00.000Z","is_complete":true},{"open":239.88,"high":239.92,"low":239.88,"close":239.88,"volume":1185,"time":"2022-05-12T11:56:00.000Z","is_complete":true},{"open":239.89,"high":239.98,"low":239.88,"close":239.88,"volume":852,"time":"2022-05-12T11:57:00.000Z","is_complete":true},{"open":239.88,"high":239.93,"low":239.88,"close":239.88,"volume":340,"time":"2022-05-12T11:58:00.000Z","is_complete":true},{"open":239.9,"high":239.98,"low":239.88,"close":239.91,"volume":857,"time":"2022-05-12T11:59:00.000Z","is_complete":true},{"open":239.93,"high":239.93,"low":239.9,"close":239.91,"volume":224,"time":"2022-05-12T12:00:00.000Z","is_complete":true},{"open":239.93,"high":239.98,"low":239.93,"close":239.96,"volume":250,"time":"2022-05-12T12:01:00.000Z","is_complete":true},{"open":239.98,"high":240,"low":239.88,"close":239.89,"volume":5559,"time":"2022-05-12T12:02:00.000Z","is_complete":true},{"open":239.97,"high":240.07,"low":239.89,"close":240.06,"volume":11611,"time":"2022-05-12T12:03:00.000Z","is_complete":true},{"open":240.07,"high":240.07,"low":240.01,"close":240.03,"volume":910,"time":"2022-05-12T12:04:00.000Z","is_complete":true},{"open":240.03,"high":240.07,"low":240,"close":240.01,"volume":745,"time":"2022-05-12T12:05:00.000Z","is_complete":true},{"open":240.04,"high":240.07,"low":240,"close":240.03,"volume":807,"time":"2022-05-12T12:06:00.000Z","is_complete":true},{"open":240.06,"high":240.07,"low":239.89,"close":239.99,"volume":1205,"time":"2022-05-12T12:07:00.000Z","is_complete":true},{"open":239.91,"high":240.06,"low":239.91,"close":240.04,"volume":442,"time":"2022-05-12T12:08:00.000Z","is_complete":true},{"open":240.04,"high":240.04,"low":240,"close":240,"volume":139,"time":"2022-05-12T12:09:00.000Z","is_complete":true},{"open":240.03,"high":240.07,"low":240,"close":240.02,"volume":557,"time":"2022-05-12T12:10:00.000Z","is_complete":true},{"open":240.06,"high":240.06,"low":240,"close":240.01,"volume":270,"time":"2022-05-12T12:11:00.000Z","is_complete":true},{"open":240,"high":240.04,"low":240,"close":240.04,"volume":482,"time":"2022-05-12T12:12:00.000Z","is_complete":true},{"open":240.04,"high":240.07,"low":240,"close":240.07,"volume":1510,"time":"2022-05-12T12:13:00.000Z","is_complete":true},{"open":240.07,"high":240.07,"low":240,"close":240.07,"volume":458,"time":"2022-05-12T12:14:00.000Z","is_complete":true},{"open":240.01,"high":240.06,"low":239.9,"close":240.04,"volume":544,"time":"2022-05-12T12:15:00.000Z","is_complete":true},{"open":240.04,"high":240.05,"low":240,"close":240,"volume":782,"time":"2022-05-12T12:16:00.000Z","is_complete":true},{"open":240.01,"high":240.06,"low":240,"close":240,"volume":1174,"time":"2022-05-12T12:17:00.000Z","is_complete":true},{"open":240,"high":240.03,"low":239.88,"close":239.88,"volume":10712,"time":"2022-05-12T12:18:00.000Z","is_complete":true},{"open":239.88,"high":239.96,"low":239.8,"close":239.86,"volume":2068,"time":"2022-05-12T12:19:00.000Z","is_complete":true},{"open":239.86,"high":239.97,"low":239.85,"close":239.88,"volume":134,"time":"2022-05-12T12:20:00.000Z","is_complete":true},{"open":239.88,"high":240,"low":239.86,"close":239.87,"volume":599,"time":"2022-05-12T12:21:00.000Z","is_complete":true},{"open":239.97,"high":240,"low":239.97,"close":240,"volume":11880,"time":"2022-05-12T12:22:00.000Z","is_complete":true},{"open":239.99,"high":240,"low":239.83,"close":239.83,"volume":355,"time":"2022-05-12T12:23:00.000Z","is_complete":true},{"open":239.9,"high":239.99,"low":239.83,"close":239.99,"volume":628,"time":"2022-05-12T12:24:00.000Z","is_complete":true},{"open":239.99,"high":239.99,"low":239.8,"close":239.86,"volume":1204,"time":"2022-05-12T12:25:00.000Z","is_complete":true},{"open":239.86,"high":239.87,"low":239.86,"close":239.87,"volume":300,"time":"2022-05-12T12:26:00.000Z","is_complete":true},{"open":239.87,"high":239.94,"low":239.86,"close":239.9,"volume":250,"time":"2022-05-12T12:27:00.000Z","is_complete":true},{"open":239.94,"high":239.94,"low":239.86,"close":239.9,"volume":651,"time":"2022-05-12T12:28:00.000Z","is_complete":true},{"open":239.9,"high":239.9,"low":239.8,"close":239.8,"volume":1469,"time":"2022-05-12T12:29:00.000Z","is_complete":true},{"open":239.84,"high":239.85,"low":239.8,"close":239.84,"volume":400,"time":"2022-05-12T12:30:00.000Z","is_complete":true},{"open":239.84,"high":239.85,"low":239.81,"close":239.85,"volume":1520,"time":"2022-05-12T12:31:00.000Z","is_complete":true},{"open":239.83,"high":239.9,"low":239.83,"close":239.83,"volume":3511,"time":"2022-05-12T12:32:00.000Z","is_complete":true},{"open":239.83,"high":239.87,"low":239.83,"close":239.86,"volume":834,"time":"2022-05-12T12:33:00.000Z","is_complete":true},{"open":239.83,"high":239.87,"low":239.83,"close":239.87,"volume":281,"time":"2022-05-12T12:34:00.000Z","is_complete":true},{"open":239.83,"high":239.9,"low":239.8,"close":239.83,"volume":669,"time":"2022-05-12T12:35:00.000Z","is_complete":true},{"open":239.83,"high":239.9,"low":239.81,"close":239.81,"volume":577,"time":"2022-05-12T12:36:00.000Z","is_complete":true},{"open":239.86,"high":239.86,"low":239.75,"close":239.79,"volume":3374,"time":"2022-05-12T12:37:00.000Z","is_complete":true},{"open":239.76,"high":239.8,"low":239.75,"close":239.79,"volume":1320,"time":"2022-05-12T12:38:00.000Z","is_complete":true},{"open":239.79,"high":239.79,"low":239.75,"close":239.77,"volume":141,"time":"2022-05-12T12:39:00.000Z","is_complete":true},{"open":239.76,"high":239.85,"low":239.75,"close":239.75,"volume":3531,"time":"2022-05-12T12:40:00.000Z","is_complete":true},{"open":239.75,"high":239.79,"low":239.75,"close":239.75,"volume":1027,"time":"2022-05-12T12:41:00.000Z","is_complete":true},{"open":239.77,"high":239.79,"low":239.75,"close":239.75,"volume":2286,"time":"2022-05-12T12:42:00.000Z","is_complete":true},{"open":239.75,"high":239.76,"low":239.75,"close":239.75,"volume":638,"time":"2022-05-12T12:43:00.000Z","is_complete":true},{"open":239.76,"high":239.78,"low":239.75,"close":239.76,"volume":1574,"time":"2022-05-12T12:44:00.000Z","is_complete":true},{"open":239.75,"high":239.78,"low":239.75,"close":239.75,"volume":2659,"time":"2022-05-12T12:45:00.000Z","is_complete":true},{"open":239.76,"high":239.85,"low":239.75,"close":239.75,"volume":3010,"time":"2022-05-12T12:46:00.000Z","is_complete":true},{"open":239.75,"high":239.76,"low":239.55,"close":239.56,"volume":10364,"time":"2022-05-12T12:47:00.000Z","is_complete":true},{"open":239.56,"high":239.6,"low":239.3,"close":239.32,"volume":12559,"time":"2022-05-12T12:48:00.000Z","is_complete":true},{"open":239.32,"high":239.46,"low":239.21,"close":239.29,"volume":1527,"time":"2022-05-12T12:49:00.000Z","is_complete":true},{"open":239.24,"high":239.3,"low":239.2,"close":239.2,"volume":1312,"time":"2022-05-12T12:50:00.000Z","is_complete":true},{"open":239.2,"high":239.2,"low":239,"close":239,"volume":7123,"time":"2022-05-12T12:51:00.000Z","is_complete":true},{"open":239,"high":239.18,"low":238.8,"close":238.89,"volume":14879,"time":"2022-05-12T12:52:00.000Z","is_complete":true},{"open":238.89,"high":239.14,"low":238.8,"close":238.88,"volume":3176,"time":"2022-05-12T12:53:00.000Z","is_complete":true},{"open":238.86,"high":238.88,"low":238.51,"close":238.51,"volume":5238,"time":"2022-05-12T12:54:00.000Z","is_complete":true},{"open":238.51,"high":238.9,"low":238.51,"close":238.86,"volume":2127,"time":"2022-05-12T12:55:00.000Z","is_complete":true},{"open":238.8,"high":239,"low":238.67,"close":238.72,"volume":2528,"time":"2022-05-12T12:56:00.000Z","is_complete":true},{"open":238.88,"high":238.89,"low":238.65,"close":238.7,"volume":2290,"time":"2022-05-12T12:57:00.000Z","is_complete":true},{"open":238.7,"high":238.9,"low":238.5,"close":238.58,"volume":6973,"time":"2022-05-12T12:58:00.000Z","is_complete":true},{"open":238.51,"high":238.67,"low":238.23,"close":238.29,"volume":6942,"time":"2022-05-12T12:59:00.000Z","is_complete":true},{"open":238.41,"high":238.46,"low":238.2,"close":238.3,"volume":3804,"time":"2022-05-12T13:00:00.000Z","is_complete":true},{"open":238.3,"high":238.34,"low":237.3,"close":237.85,"volume":27051,"time":"2022-05-12T13:01:00.000Z","is_complete":true},{"open":237.7,"high":237.96,"low":237.51,"close":237.59,"volume":5934,"time":"2022-05-12T13:02:00.000Z","is_complete":true},{"open":237.5,"high":237.57,"low":236.85,"close":237,"volume":22472,"time":"2022-05-12T13:03:00.000Z","is_complete":true},{"open":236.98,"high":237.4,"low":236.89,"close":237.2,"volume":7040,"time":"2022-05-12T13:04:00.000Z","is_complete":true},{"open":237.15,"high":237.66,"low":236.9,"close":237.57,"volume":5667,"time":"2022-05-12T13:05:00.000Z","is_complete":true},{"open":237.56,"high":237.58,"low":237.11,"close":237.5,"volume":2991,"time":"2022-05-12T13:06:00.000Z","is_complete":true},{"open":237.5,"high":237.68,"low":237.4,"close":237.66,"volume":6629,"time":"2022-05-12T13:07:00.000Z","is_complete":true},{"open":237.63,"high":237.68,"low":237.44,"close":237.62,"volume":4242,"time":"2022-05-12T13:08:00.000Z","is_complete":true},{"open":237.61,"high":237.85,"low":237.44,"close":237.69,"volume":1633,"time":"2022-05-12T13:09:00.000Z","is_complete":true},{"open":237.69,"high":237.7,"low":237.44,"close":237.69,"volume":2746,"time":"2022-05-12T13:10:00.000Z","is_complete":true},{"open":237.68,"high":237.7,"low":237.44,"close":237.48,"volume":2675,"time":"2022-05-12T13:11:00.000Z","is_complete":true},{"open":237.45,"high":237.48,"low":237.25,"close":237.29,"volume":2726,"time":"2022-05-12T13:12:00.000Z","is_complete":true},{"open":237.25,"high":237.29,"low":237.11,"close":237.26,"volume":2212,"time":"2022-05-12T13:13:00.000Z","is_complete":true},{"open":237.25,"high":237.46,"low":237.02,"close":237.44,"volume":2825,"time":"2022-05-12T13:14:00.000Z","is_complete":true},{"open":237.32,"high":237.35,"low":237.17,"close":237.2,"volume":679,"time":"2022-05-12T13:15:00.000Z","is_complete":true},{"open":237.2,"high":237.42,"low":236.9,"close":237,"volume":9027,"time":"2022-05-12T13:16:00.000Z","is_complete":true},{"open":236.96,"high":237,"low":236.36,"close":236.36,"volume":11653,"time":"2022-05-12T13:17:00.000Z","is_complete":true},{"open":236.42,"high":236.5,"low":236.27,"close":236.27,"volume":14064,"time":"2022-05-12T13:18:00.000Z","is_complete":true},{"open":236.28,"high":236.39,"low":235.73,"close":235.9,"volume":17129,"time":"2022-05-12T13:19:00.000Z","is_complete":true},{"open":235.75,"high":235.9,"low":235.36,"close":235.5,"volume":22534,"time":"2022-05-12T13:20:00.000Z","is_complete":true},{"open":235.5,"high":236,"low":235.5,"close":235.86,"volume":5277,"time":"2022-05-12T13:21:00.000Z","is_complete":true},{"open":235.78,"high":235.87,"low":234.75,"close":235.31,"volume":30587,"time":"2022-05-12T13:22:00.000Z","is_complete":true},{"open":235.02,"high":235.35,"low":234.35,"close":234.51,"volume":12483,"time":"2022-05-12T13:23:00.000Z","is_complete":true},{"open":234.44,"high":235.5,"low":234.34,"close":235,"volume":15914,"time":"2022-05-12T13:24:00.000Z","is_complete":true},{"open":235,"high":235.07,"low":234.75,"close":234.93,"volume":7067,"time":"2022-05-12T13:25:00.000Z","is_complete":true},{"open":234.86,"high":235,"low":234.75,"close":234.89,"volume":7628,"time":"2022-05-12T13:26:00.000Z","is_complete":true},{"open":234.88,"high":234.89,"low":234.57,"close":234.57,"volume":11315,"time":"2022-05-12T13:27:00.000Z","is_complete":true},{"open":234.57,"high":235,"low":234.57,"close":234.72,"volume":6803,"time":"2022-05-12T13:28:00.000Z","is_complete":true},{"open":234.72,"high":235,"low":234.7,"close":234.83,"volume":9809,"time":"2022-05-12T13:29:00.000Z","is_complete":true},{"open":234.92,"high":234.99,"low":234.75,"close":234.83,"volume":6482,"time":"2022-05-12T13:30:00.000Z","is_complete":true},{"open":234.83,"high":235.49,"low":234.75,"close":235.35,"volume":10464,"time":"2022-05-12T13:31:00.000Z","is_complete":true},{"open":235.35,"high":235.99,"low":235.35,"close":235.9,"volume":12054,"time":"2022-05-12T13:32:00.000Z","is_complete":true},{"open":235.9,"high":235.95,"low":235.9,"close":235.92,"volume":11848,"time":"2022-05-12T13:33:00.000Z","is_complete":true},{"open":235.92,"high":235.98,"low":235.12,"close":235.16,"volume":3982,"time":"2022-05-12T13:34:00.000Z","is_complete":true},{"open":235.16,"high":235.53,"low":235.08,"close":235.25,"volume":5561,"time":"2022-05-12T13:35:00.000Z","is_complete":true},{"open":235.3,"high":235.7,"low":235.25,"close":235.25,"volume":28109,"time":"2022-05-12T13:36:00.000Z","is_complete":true},{"open":235.26,"high":235.95,"low":235.15,"close":235.74,"volume":7208,"time":"2022-05-12T13:37:00.000Z","is_complete":true},{"open":235.74,"high":236.33,"low":235.74,"close":236.14,"volume":11982,"time":"2022-05-12T13:38:00.000Z","is_complete":true},{"open":236.14,"high":236.17,"low":235.87,"close":235.87,"volume":5117,"time":"2022-05-12T13:39:00.000Z","is_complete":true},{"open":235.95,"high":236.28,"low":235.4,"close":235.4,"volume":8044,"time":"2022-05-12T13:40:00.000Z","is_complete":true},{"open":235.48,"high":235.61,"low":235.01,"close":235.2,"volume":4801,"time":"2022-05-12T13:41:00.000Z","is_complete":true},{"open":235.08,"high":235.2,"low":234.5,"close":234.6,"volume":10616,"time":"2022-05-12T13:42:00.000Z","is_complete":true},{"open":234.51,"high":234.79,"low":234.5,"close":234.65,"volume":5035,"time":"2022-05-12T13:43:00.000Z","is_complete":true},{"open":234.65,"high":234.65,"low":234.2,"close":234.3,"volume":9171,"time":"2022-05-12T13:44:00.000Z","is_complete":true},{"open":234.31,"high":234.33,"low":233.65,"close":233.74,"volume":10726,"time":"2022-05-12T13:45:00.000Z","is_complete":true},{"open":233.73,"high":233.74,"low":232.2,"close":232.94,"volume":29615,"time":"2022-05-12T13:46:00.000Z","is_complete":true},{"open":232.94,"high":232.99,"low":231.73,"close":232.56,"volume":25497,"time":"2022-05-12T13:47:00.000Z","is_complete":true},{"open":232.51,"high":233.29,"low":232.25,"close":232.5,"volume":23398,"time":"2022-05-12T13:48:00.000Z","is_complete":true},{"open":232.54,"high":232.74,"low":231.44,"close":231.8,"volume":46693,"time":"2022-05-12T13:49:00.000Z","is_complete":true},{"open":231.8,"high":231.81,"low":231.31,"close":231.7,"volume":24683,"time":"2022-05-12T13:50:00.000Z","is_complete":true},{"open":231.7,"high":232.85,"low":231.55,"close":232.85,"volume":20385,"time":"2022-05-12T13:51:00.000Z","is_complete":true},{"open":232.76,"high":232.89,"low":232.54,"close":232.59,"volume":5890,"time":"2022-05-12T13:52:00.000Z","is_complete":true},{"open":232.6,"high":232.88,"low":232.59,"close":232.85,"volume":10145,"time":"2022-05-12T13:53:00.000Z","is_complete":true},{"open":232.85,"high":233.34,"low":232.85,"close":233.01,"volume":17192,"time":"2022-05-12T13:54:00.000Z","is_complete":true},{"open":233.16,"high":233.39,"low":233.02,"close":233.22,"volume":13076,"time":"2022-05-12T13:55:00.000Z","is_complete":true},{"open":233.22,"high":233.4,"low":233.17,"close":233.23,"volume":6888,"time":"2022-05-12T13:56:00.000Z","is_complete":true},{"open":233.23,"high":233.35,"low":232.15,"close":232.37,"volume":18559,"time":"2022-05-12T13:57:00.000Z","is_complete":true},{"open":232.26,"high":232.38,"low":231.31,"close":231.87,"volume":24239,"time":"2022-05-12T13:58:00.000Z","is_complete":true},{"open":231.9,"high":231.91,"low":231.39,"close":231.5,"volume":12145,"time":"2022-05-12T13:59:00.000Z","is_complete":true},{"open":231.51,"high":231.51,"low":230.5,"close":230.5,"volume":26250,"time":"2022-05-12T14:00:00.000Z","is_complete":true},{"open":230.64,"high":230.82,"low":230.5,"close":230.78,"volume":31188,"time":"2022-05-12T14:01:00.000Z","is_complete":true},{"open":230.76,"high":231,"low":230.5,"close":231,"volume":11632,"time":"2022-05-12T14:02:00.000Z","is_complete":true},{"open":231,"high":231,"low":230.58,"close":230.88,"volume":7664,"time":"2022-05-12T14:03:00.000Z","is_complete":true},{"open":230.88,"high":230.88,"low":230.5,"close":230.5,"volume":20140,"time":"2022-05-12T14:04:00.000Z","is_complete":true},{"open":230.56,"high":230.6,"low":230.2,"close":230.2,"volume":16988,"time":"2022-05-12T14:05:00.000Z","is_complete":true},{"open":230.3,"high":230.35,"low":229.51,"close":229.58,"volume":33349,"time":"2022-05-12T14:06:00.000Z","is_complete":true},{"open":229.51,"high":229.58,"low":228.1,"close":228.1,"volume":39645,"time":"2022-05-12T14:07:00.000Z","is_complete":true},{"open":228.12,"high":228.28,"low":227.5,"close":227.6,"volume":20573,"time":"2022-05-12T14:08:00.000Z","is_complete":true},{"open":227.6,"high":227.97,"low":227.22,"close":227.86,"volume":21306,"time":"2022-05-12T14:09:00.000Z","is_complete":true},{"open":227.97,"high":229.67,"low":227.94,"close":229.16,"volume":18794,"time":"2022-05-12T14:10:00.000Z","is_complete":true},{"open":229.16,"high":230,"low":229.15,"close":229.73,"volume":33849,"time":"2022-05-12T14:11:00.000Z","is_complete":true},{"open":229.61,"high":229.88,"low":229.3,"close":229.39,"volume":16675,"time":"2022-05-12T14:12:00.000Z","is_complete":true},{"open":229.39,"high":229.49,"low":229,"close":229.16,"volume":7556,"time":"2022-05-12T14:13:00.000Z","is_complete":true},{"open":229.16,"high":229.19,"low":228.41,"close":228.97,"volume":11969,"time":"2022-05-12T14:14:00.000Z","is_complete":true},{"open":228.97,"high":229.12,"low":228.97,"close":229.1,"volume":4389,"time":"2022-05-12T14:15:00.000Z","is_complete":true},{"open":229.1,"high":229.86,"low":229.05,"close":229.58,"volume":8314,"time":"2022-05-12T14:16:00.000Z","is_complete":true},{"open":229.59,"high":231,"low":229.59,"close":231,"volume":32670,"time":"2022-05-12T14:17:00.000Z","is_complete":true},{"open":231,"high":232.11,"low":231,"close":231.31,"volume":41953,"time":"2022-05-12T14:18:00.000Z","is_complete":true},{"open":231.31,"high":231.51,"low":230.1,"close":230.39,"volume":23118,"time":"2022-05-12T14:19:00.000Z","is_complete":true},{"open":230.48,"high":231,"low":230.48,"close":230.88,"volume":11205,"time":"2022-05-12T14:20:00.000Z","is_complete":true},{"open":230.88,"high":231.9,"low":230.69,"close":231.9,"volume":12785,"time":"2022-05-12T14:21:00.000Z","is_complete":true},{"open":231.9,"high":231.97,"low":230.5,"close":230.51,"volume":15839,"time":"2022-05-12T14:22:00.000Z","is_complete":true},{"open":230.62,"high":230.75,"low":230.1,"close":230.61,"volume":7198,"time":"2022-05-12T14:23:00.000Z","is_complete":true},{"open":230.59,"high":231.24,"low":230.34,"close":231.16,"volume":4911,"time":"2022-05-12T14:24:00.000Z","is_complete":true},{"open":231.2,"high":231.24,"low":230.53,"close":230.93,"volume":4014,"time":"2022-05-12T14:25:00.000Z","is_complete":true},{"open":230.8,"high":230.99,"low":230.7,"close":230.88,"volume":2278,"time":"2022-05-12T14:26:00.000Z","is_complete":true},{"open":230.83,"high":231.36,"low":230.78,"close":231.1,"volume":2052,"time":"2022-05-12T14:27:00.000Z","is_complete":true},{"open":231.09,"high":231.16,"low":230.81,"close":231,"volume":2892,"time":"2022-05-12T14:28:00.000Z","is_complete":true},{"open":231,"high":231.2,"low":231,"close":231.19,"volume":4123,"time":"2022-05-12T14:29:00.000Z","is_complete":true},{"open":231.19,"high":231.66,"low":231.06,"close":231.6,"volume":5122,"time":"2022-05-12T14:30:00.000Z","is_complete":true},{"open":231.6,"high":231.66,"low":231.35,"close":231.42,"volume":4189,"time":"2022-05-12T14:31:00.000Z","is_complete":true},{"open":231.42,"high":231.64,"low":231.3,"close":231.64,"volume":2599,"time":"2022-05-12T14:32:00.000Z","is_complete":true},{"open":231.63,"high":232.8,"low":231.63,"close":232.6,"volume":14952,"time":"2022-05-12T14:33:00.000Z","is_complete":true},{"open":232.77,"high":232.8,"low":232.3,"close":232.49,"volume":9672,"time":"2022-05-12T14:34:00.000Z","is_complete":true},{"open":232.46,"high":232.5,"low":232.13,"close":232.18,"volume":11148,"time":"2022-05-12T14:35:00.000Z","is_complete":true},{"open":232.13,"high":232.5,"low":231.75,"close":232.45,"volume":5678,"time":"2022-05-12T14:36:00.000Z","is_complete":true},{"open":232.44,"high":232.66,"low":232.32,"close":232.4,"volume":2861,"time":"2022-05-12T14:37:00.000Z","is_complete":true},{"open":232.4,"high":232.65,"low":231.62,"close":232.17,"volume":6165,"time":"2022-05-12T14:38:00.000Z","is_complete":true},{"open":232.2,"high":232.2,"low":231.6,"close":231.97,"volume":3689,"time":"2022-05-12T14:39:00.000Z","is_complete":true},{"open":231.97,"high":232,"low":231.72,"close":231.86,"volume":4933,"time":"2022-05-12T14:40:00.000Z","is_complete":true},{"open":231.99,"high":232,"low":231.81,"close":231.9,"volume":3270,"time":"2022-05-12T14:41:00.000Z","is_complete":true},{"open":231.82,"high":232,"low":231.72,"close":231.9,"volume":2587,"time":"2022-05-12T14:42:00.000Z","is_complete":true},{"open":231.95,"high":231.95,"low":231.64,"close":231.7,"volume":4619,"time":"2022-05-12T14:43:00.000Z","is_complete":true},{"open":231.64,"high":231.72,"low":231.06,"close":231.32,"volume":4638,"time":"2022-05-12T14:44:00.000Z","is_complete":true},{"open":231.34,"high":231.78,"low":231,"close":231.42,"volume":17809,"time":"2022-05-12T14:45:00.000Z","is_complete":true},{"open":231.37,"high":231.8,"low":231.3,"close":231.8,"volume":2715,"time":"2022-05-12T14:46:00.000Z","is_complete":true},{"open":231.54,"high":231.77,"low":231.32,"close":231.32,"volume":1597,"time":"2022-05-12T14:47:00.000Z","is_complete":true},{"open":231.33,"high":231.34,"low":231,"close":231.18,"volume":11458,"time":"2022-05-12T14:48:00.000Z","is_complete":true},{"open":231.18,"high":231.21,"low":231.07,"close":231.11,"volume":2015,"time":"2022-05-12T14:49:00.000Z","is_complete":true},{"open":231.14,"high":231.21,"low":231,"close":231.21,"volume":4473,"time":"2022-05-12T14:50:00.000Z","is_complete":true},{"open":231.2,"high":231.76,"low":231.2,"close":231.7,"volume":1310,"time":"2022-05-12T14:51:00.000Z","is_complete":true},{"open":231.7,"high":232.39,"low":231.68,"close":232.3,"volume":4065,"time":"2022-05-12T14:52:00.000Z","is_complete":true},{"open":232.32,"high":232.77,"low":232.3,"close":232.7,"volume":9727,"time":"2022-05-12T14:53:00.000Z","is_complete":true},{"open":232.77,"high":232.77,"low":232.47,"close":232.77,"volume":3914,"time":"2022-05-12T14:54:00.000Z","is_complete":true},{"open":232.68,"high":232.77,"low":232.64,"close":232.77,"volume":4513,"time":"2022-05-12T14:55:00.000Z","is_complete":true},{"open":232.77,"high":232.77,"low":232.7,"close":232.77,"volume":3197,"time":"2022-05-12T14:56:00.000Z","is_complete":true},{"open":232.77,"high":233.39,"low":232.67,"close":233.39,"volume":7842,"time":"2022-05-12T14:57:00.000Z","is_complete":true},{"open":233.39,"high":233.93,"low":233.3,"close":233.69,"volume":21414,"time":"2022-05-12T14:58:00.000Z","is_complete":true},{"open":233.69,"high":233.7,"low":233.1,"close":233.5,"volume":7451,"time":"2022-05-12T14:59:00.000Z","is_complete":true},{"open":233.5,"high":233.89,"low":233.5,"close":233.75,"volume":4803,"time":"2022-05-12T15:00:00.000Z","is_complete":true},{"open":233.82,"high":233.93,"low":233.63,"close":233.79,"volume":6985,"time":"2022-05-12T15:01:00.000Z","is_complete":true},{"open":233.7,"high":233.89,"low":233.5,"close":233.5,"volume":4040,"time":"2022-05-12T15:02:00.000Z","is_complete":true},{"open":233.58,"high":233.58,"low":232.79,"close":232.89,"volume":3569,"time":"2022-05-12T15:03:00.000Z","is_complete":true},{"open":232.87,"high":233,"low":232.8,"close":232.91,"volume":2902,"time":"2022-05-12T15:04:00.000Z","is_complete":true},{"open":232.94,"high":233,"low":232.83,"close":233,"volume":2318,"time":"2022-05-12T15:05:00.000Z","is_complete":true},{"open":232.95,"high":233.05,"low":232.91,"close":233.02,"volume":1789,"time":"2022-05-12T15:06:00.000Z","is_complete":true},{"open":233.05,"high":233.3,"low":233.03,"close":233.29,"volume":1384,"time":"2022-05-12T15:07:00.000Z","is_complete":true},{"open":233.28,"high":233.5,"low":233.19,"close":233.44,"volume":3791,"time":"2022-05-12T15:08:00.000Z","is_complete":true},{"open":233.43,"high":233.49,"low":233.35,"close":233.47,"volume":3188,"time":"2022-05-12T15:09:00.000Z","is_complete":true},{"open":233.47,"high":233.5,"low":233.41,"close":233.49,"volume":6057,"time":"2022-05-12T15:10:00.000Z","is_complete":true},{"open":233.49,"high":233.5,"low":233.42,"close":233.5,"volume":3721,"time":"2022-05-12T15:11:00.000Z","is_complete":true},{"open":233.5,"high":233.5,"low":233.26,"close":233.42,"volume":4350,"time":"2022-05-12T15:12:00.000Z","is_complete":true},{"open":233.47,"high":233.48,"low":233.03,"close":233.27,"volume":2667,"time":"2022-05-12T15:13:00.000Z","is_complete":true},{"open":233.13,"high":233.29,"low":233,"close":233.04,"volume":2844,"time":"2022-05-12T15:14:00.000Z","is_complete":true},{"open":233.06,"high":233.09,"low":232.38,"close":232.68,"volume":4215,"time":"2022-05-12T15:15:00.000Z","is_complete":true},{"open":232.69,"high":232.8,"low":232.26,"close":232.26,"volume":3289,"time":"2022-05-12T15:16:00.000Z","is_complete":true},{"open":232.42,"high":233.11,"low":231.97,"close":232.7,"volume":19422,"time":"2022-05-12T15:17:00.000Z","is_complete":true},{"open":232.68,"high":232.7,"low":232.44,"close":232.5,"volume":2486,"time":"2022-05-12T15:18:00.000Z","is_complete":true},{"open":232.5,"high":232.5,"low":232.3,"close":232.36,"volume":933,"time":"2022-05-12T15:19:00.000Z","is_complete":true},{"open":232.49,"high":232.5,"low":232.1,"close":232.1,"volume":2129,"time":"2022-05-12T15:20:00.000Z","is_complete":true},{"open":232.23,"high":232.3,"low":232.02,"close":232.08,"volume":3117,"time":"2022-05-12T15:21:00.000Z","is_complete":true},{"open":232.23,"high":232.99,"low":232,"close":232.32,"volume":7172,"time":"2022-05-12T15:22:00.000Z","is_complete":true},{"open":232.32,"high":232.52,"low":232.01,"close":232.5,"volume":1732,"time":"2022-05-12T15:23:00.000Z","is_complete":true},{"open":232.4,"high":232.49,"low":232.26,"close":232.26,"volume":805,"time":"2022-05-12T15:24:00.000Z","is_complete":true},{"open":232.27,"high":232.41,"low":232.15,"close":232.15,"volume":2539,"time":"2022-05-12T15:25:00.000Z","is_complete":true},{"open":232.15,"high":232.42,"low":232.11,"close":232.15,"volume":1586,"time":"2022-05-12T15:26:00.000Z","is_complete":true},{"open":232.2,"high":232.43,"low":232.15,"close":232.32,"volume":1849,"time":"2022-05-12T15:27:00.000Z","is_complete":true},{"open":232.31,"high":232.38,"low":232.3,"close":232.38,"volume":1174,"time":"2022-05-12T15:28:00.000Z","is_complete":true},{"open":232.38,"high":232.38,"low":232.3,"close":232.31,"volume":1798,"time":"2022-05-12T15:29:00.000Z","is_complete":true},{"open":232.3,"high":232.4,"low":232.16,"close":232.25,"volume":1952,"time":"2022-05-12T15:30:00.000Z","is_complete":true},{"open":232.17,"high":232.17,"low":231.2,"close":231.2,"volume":12676,"time":"2022-05-12T15:31:00.000Z","is_complete":true},{"open":231.21,"high":231.36,"low":231,"close":231.01,"volume":14132,"time":"2022-05-12T15:32:00.000Z","is_complete":true},{"open":231.01,"high":231.23,"low":231,"close":231.2,"volume":9037,"time":"2022-05-12T15:33:00.000Z","is_complete":true},{"open":231.18,"high":231.2,"low":231,"close":231.1,"volume":3789,"time":"2022-05-12T15:34:00.000Z","is_complete":true},{"open":231.1,"high":231.1,"low":231,"close":231.03,"volume":4139,"time":"2022-05-12T15:35:00.000Z","is_complete":true},{"open":231.03,"high":231.06,"low":231,"close":231,"volume":5602,"time":"2022-05-12T15:36:00.000Z","is_complete":true},{"open":231.05,"high":231.05,"low":230.37,"close":230.7,"volume":19109,"time":"2022-05-12T15:37:00.000Z","is_complete":true},{"open":230.7,"high":230.99,"low":230.5,"close":230.67,"volume":4057,"time":"2022-05-12T15:38:00.000Z","is_complete":true},{"open":230.67,"high":230.69,"low":230.3,"close":230.56,"volume":9091,"time":"2022-05-12T15:39:00.000Z","is_complete":true},{"open":230.56,"high":230.56,"low":230.56,"close":230.56,"volume":4452,"time":"2022-05-12T15:45:00.000Z","is_complete":true},{"open":230.56,"high":230.56,"low":230.56,"close":230.56,"volume":213,"time":"2022-05-12T15:46:00.000Z","is_complete":true},{"open":230.56,"high":230.56,"low":230.56,"close":230.56,"volume":226,"time":"2022-05-12T15:47:00.000Z","is_complete":true},{"open":230.56,"high":230.56,"low":230.56,"close":230.56,"volume":1009,"time":"2022-05-12T15:48:00.000Z","is_complete":true},{"open":230.56,"high":230.56,"low":230.56,"close":230.56,"volume":144,"time":"2022-05-12T15:49:00.000Z","is_complete":true}]}