{"candles":[{"open":129.66,"high":130.59,"low":129.57,"close":129.76,"volume":18025,"time":"2022-05-05T07:00:00.000Z","is_complete":true},{"open":129.98,"high":130,"low":129.28,"close":129.48,"volume":17172,"time":"2022-05-05T07:01:00.000Z","is_complete":true},{"open":129.51,"high":129.88,"low":129.3,"close":129.8,"volume":5605,"time":"2022-05-05T07:02:00.000Z","is_complete":true},{"open":129.77,"high":130.46,"low":129.47,"close":130.2,"volume":24196,"time":"2022-05-05T07:03:00.000Z","is_complete":true},{"open":130.3,"high":130.3,"low":130,"close":130.29,"volume":5529,"time":"2022-05-05T07:04:00.000Z","is_complete":true},{"open":130.1,"high":130.3,"low":129.8,"close":129.8,"volume":27346,"time":"2022-05-05T07:05:00.000Z","is_complete":true},{"open":130,"high":130.08,"low":129.7,"close":129.95,"volume":25674,"time":"2022-05-05T07:06:00.000Z","is_complete":true},{"open":129.95,"high":129.99,"low":129.5,"close":129.7,"volume":23455,"time":"2022-05-05T07:07:00.000Z","is_complete":true},{"open":129.69,"high":129.69,"low":128.79,"close":129.31,"volume":34729,"time":"2022-05-05T07:08:00.000Z","is_complete":true},{"open":129.11,"high":129.6,"low":129.11,"close":129.6,"volume":6948,"time":"2022-05-05T07:09:00.000Z","is_complete":true},{"open":129.51,"high":129.99,"low":129.51,"close":129.99,"volume":24309,"time":"2022-05-05T07:10:00.000Z","is_complete":true},{"open":129.99,"high":129.99,"low":129.81,"close":129.81,"volume":6437,"time":"2022-05-05T07:11:00.000Z","is_complete":true},{"open":129.9,"high":129.99,"low":129.8,"close":129.96,"volume":3380,"time":"2022-05-05T07:12:00.000Z","is_complete":true},{"open":129.96,"high":129.98,"low":129.5,"close":129.86,"volume":10711,"time":"2022-05-05T07:13:00.000Z","is_complete":true},{"open":129.7,"high":129.86,"low":129.6,"close":129.79,"volume":2086,"time":"2022-05-05T07:14:00.000Z","is_complete":true},{"open":129.58,"high":129.8,"low":129.54,"close":129.65,"volume":2297,"time":"2022-05-05T07:15:00.000Z","is_complete":true},{"open":129.79,"high":129.99,"low":129.66,"close":129.7,"volume":38890,"time":"2022-05-05T07:16:00.000Z","is_complete":true},{"open":129.9,"high":130.29,"low":129.9,"close":130.21,"volume":24939,"time":"2022-05-05T07:17:00.000Z","is_complete":true},{"open":130.21,"high":130.29,"low":130.1,"close":130.2,"volume":3144,"time":"2022-05-05T07:18:00.000Z","is_complete":true},{"open":130.26,"high":130.29,"low":130,"close":130.27,"volume":7313,"time":"2022-05-05T07:19:00.000Z","is_complete":true},{"open":130.2,"high":130.49,"low":130.03,"close":130.29,"volume":15107,"time":"2022-05-05T07:20:00.000Z","is_complete":true},{"open":130.29,"high":130.49,"low":130.29,"close":130.48,"volume":8392,"time":"2022-05-05T07:21:00.000Z","is_complete":true},{"open":130.38,"high":130.5,"low":130.21,"close":130.5,"volume":15058,"time":"2022-05-05T07:22:00.000Z","is_complete":true},{"open":130.32,"high":131.2,"low":130.3,"close":131.19,"volume":35773,"time":"2022-05-05T07:23:00.000Z","is_complete":true},{"open":131.19,"high":132.59,"low":131.14,"close":132.59,"volume":79237,"time":"2022-05-05T07:24:00.000Z","is_complete":true},{"open":132.59,"high":133,"low":132.29,"close":132.71,"volume":64410,"time":"2022-05-05T07:25:00.000Z","is_complete":true},{"open":132.52,"high":132.71,"low":131.14,"close":132.2,"volume":50195,"time":"2022-05-05T07:26:00.000Z","is_complete":true},{"open":132.19,"high":132.24,"low":131.9,"close":132.09,"volume":11036,"time":"2022-05-05T07:27:00.000Z","is_complete":true},{"open":132.19,"high":132.32,"low":131.9,"close":132.26,"volume":9097,"time":"2022-05-05T07:28:00.000Z","is_complete":true},{"open":132.26,"high":132.66,"low":132,"close":132,"volume":12394,"time":"2022-05-05T07:29:00.000Z","is_complete":true},{"open":132.25,"high":132.29,"low":131.47,"close":132.23,"volume":15725,"time":"2022-05-05T07:30:00.000Z","is_complete":true},{"open":132.3,"high":132.34,"low":131.74,"close":132.28,"volume":20406,"time":"2022-05-05T07:31:00.000Z","is_complete":true},{"open":132.3,"high":132.34,"low":132.12,"close":132.26,"volume":8380,"time":"2022-05-05T07:32:00.000Z","is_complete":true},{"open":132.25,"high":132.26,"low":131.73,"close":131.87,"volume":10644,"time":"2022-05-05T07:33:00.000Z","is_complete":true},{"open":131.87,"high":132.05,"low":131.8,"close":131.9,"volume":5980,"time":"2022-05-05T07:34:00.000Z","is_complete":true},{"open":131.8,"high":131.85,"low":131.63,"close":131.85,"volume":4916,"time":"2022-05-05T07:35:00.000Z","is_complete":true},{"open":131.85,"high":131.98,"low":131.8,"close":131.96,"volume":2163,"time":"2022-05-05T07:36:00.000Z","is_complete":true},{"open":131.87,"high":131.95,"low":131.81,"close":131.91,"volume":2228,"time":"2022-05-05T07:37:00.000Z","is_complete":true},{"open":131.91,"high":131.98,"low":131.81,"close":131.82,"volume":1002,"time":"2022-05-05T07:38:00.000Z","is_complete":true},{"open":131.82,"high":131.88,"low":131.64,"close":131.72,"volume":5718,"time":"2022-05-05T07:39:00.000Z","is_complete":true},{"open":131.82,"high":131.86,"low":131.53,"close":131.8,"volume":9449,"time":"2022-05-05T07:40:00.000Z","is_complete":true},{"open":131.83,"high":131.84,"low":131.52,"close":131.77,"volume":957,"time":"2022-05-05T07:41:00.000Z","is_complete":true},{"open":131.52,"high":131.72,"low":131.5,"close":131.5,"volume":2793,"time":"2022-05-05T07:42:00.000Z","is_complete":true},{"open":131.5,"high":131.61,"low":131.4,"close":131.4,"volume":6749,"time":"2022-05-05T07:43:00.000Z","is_complete":true},{"open":131.48,"high":131.48,"low":131.03,"close":131.03,"volume":22749,"time":"2022-05-05T07:44:00.000Z","is_complete":true},{"open":131.1,"high":131.1,"low":130.68,"close":130.89,"volume":30972,"time":"2022-05-05T07:45:00.000Z","is_complete":true},{"open":130.71,"high":131.04,"low":130.7,"close":131,"volume":2901,"time":"2022-05-05T07:46:00.000Z","is_complete":true},{"open":130.87,"high":131.05,"low":130.85,"close":130.91,"volume":1408,"time":"2022-05-05T07:47:00.000Z","is_complete":true},{"open":130.92,"high":131.02,"low":130.85,"close":131,"volume":4257,"time":"2022-05-05T07:48:00.000Z","is_complete":true},{"open":130.86,"high":131.05,"low":130.7,"close":130.7,"volume":5698,"time":"2022-05-05T07:49:00.000Z","is_complete":true},{"open":130.69,"high":130.69,"low":130.52,"close":130.64,"volume":4835,"time":"2022-05-05T07:50:00.000Z","is_complete":true},{"open":130.64,"high":130.93,"low":130.54,"close":130.93,"volume":1289,"time":"2022-05-05T07:51:00.000Z","is_complete":true},{"open":130.95,"high":130.98,"low":130.76,"close":130.76,"volume":1133,"time":"2022-05-05T07:52:00.000Z","is_complete":true},{"open":130.94,"high":130.97,"low":130.58,"close":130.93,"volume":2172,"time":"2022-05-05T07:53:00.000Z","is_complete":true},{"open":130.66,"high":130.84,"low":130.6,"close":130.77,"volume":524,"time":"2022-05-05T07:54:00.000Z","is_complete":true},{"open":130.77,"high":130.79,"low":130.66,"close":130.75,"volume":87,"time":"2022-05-05T07:55:00.000Z","is_complete":true},{"open":130.71,"high":130.79,"low":130.55,"close":130.78,"volume":807,"time":"2022-05-05T07:56:00.000Z","is_complete":true},{"open":130.59,"high":130.69,"low":130.51,"close":130.53,"volume":419,"time":"2022-05-05T07:57:00.000Z","is_complete":true},{"open":130.58,"high":130.7,"low":130.23,"close":130.7,"volume":16207,"time":"2022-05-05T07:58:00.000Z","is_complete":true},{"open":130.52,"high":130.52,"low":130.09,"close":130.51,"volume":4627,"time":"2022-05-05T07:59:00.000Z","is_complete":true},{"open":130.46,"high":130.89,"low":130.46,"close":130.89,"volume":2769,"time":"2022-05-05T08:00:00.000Z","is_complete":true},{"open":130.66,"high":131.05,"low":130.61,"close":131.05,"volume":7639,"time":"2022-05-05T08:01:00.000Z","is_complete":true},{"open":131.05,"high":132,"low":131.05,"close":131.7,"volume":24444,"time":"2022-05-05T08:02:00.000Z","is_complete":true},{"open":131.67,"high":132,"low":131.6,"close":131.92,"volume":10974,"time":"2022-05-05T08:03:00.000Z","is_complete":true},{"open":131.88,"high":131.89,"low":131.59,"close":131.77,"volume":2968,"time":"2022-05-05T08:04:00.000Z","is_complete":true},{"open":131.7,"high":131.79,"low":131.34,"close":131.34,"volume":1894,"time":"2022-05-05T08:05:00.000Z","is_complete":true},{"open":131.66,"high":131.71,"low":131.33,"close":131.33,"volume":871,"time":"2022-05-05T08:06:00.000Z","is_complete":true},{"open":131.33,"high":131.46,"low":131.13,"close":131.13,"volume":629,"time":"2022-05-05T08:07:00.000Z","is_complete":true},{"open":131.2,"high":131.2,"low":130.91,"close":131.11,"volume":4430,"time":"2022-05-05T08:08:00.000Z","is_complete":true},{"open":131.1,"high":131.5,"low":131.04,"close":131.1,"volume":1317,"time":"2022-05-05T08:09:00.000Z","is_complete":true},{"open":131.3,"high":131.46,"low":131.1,"close":131.39,"volume":156,"time":"2022-05-05T08:10:00.000Z","is_complete":true},{"open":131.46,"high":131.56,"low":131.34,"close":131.5,"volume":359,"time":"2022-05-05T08:11:00.000Z","is_complete":true},{"open":131.36,"high":131.46,"low":131.2,"close":131.22,"volume":2384,"time":"2022-05-05T08:12:00.000Z","is_complete":true},{"open":131.3,"high":131.3,"low":131.23,"close":131.26,"volume":45,"time":"2022-05-05T08:13:00.000Z","is_complete":true},{"open":131.26,"high":131.5,"low":131.22,"close":131.5,"volume":1309,"time":"2022-05-05T08:14:00.000Z","is_complete":true},{"open":131.33,"high":131.65,"low":131.3,"close":131.65,"volume":661,"time":"2022-05-05T08:15:00.000Z","is_complete":true},{"open":131.48,"high":131.7,"low":131.48,"close":131.69,"volume":359,"time":"2022-05-05T08:16:00.000Z","is_complete":true},{"open":131.7,"high":131.73,"low":131.47,"close":131.53,"volume":6079,"time":"2022-05-05T08:17:00.000Z","is_complete":true},{"open":131.53,"high":131.53,"low":131.43,"close":131.52,"volume":608,"time":"2022-05-05T08:18:00.000Z","is_complete":true},{"open":131.51,"high":131.58,"low":131.51,"close":131.52,"volume":29,"time":"2022-05-05T08:19:00.000Z","is_complete":true},{"open":131.58,"high":131.8,"low":131.52,"close":131.8,"volume":1484,"time":"2022-05-05T08:20:00.000Z","is_complete":true},{"open":131.78,"high":131.89,"low":131.72,"close":131.89,"volume":774,"time":"2022-05-05T08:21:00.000Z","is_complete":true},{"open":131.75,"high":131.88,"low":131.72,"close":131.88,"volume":23,"time":"2022-05-05T08:22:00.000Z","is_complete":true},{"open":131.86,"high":131.87,"low":131.7,"close":131.86,"volume":232,"time":"2022-05-05T08:23:00.000Z","is_complete":true},{"open":131.86,"high":131.87,"low":131.45,"close":131.6,"volume":12697,"time":"2022-05-05T08:24:00.000Z","is_complete":true},{"open":131.52,"high":131.59,"low":131.31,"close":131.49,"volume":6078,"time":"2022-05-05T08:25:00.000Z","is_complete":true},{"open":131.31,"high":131.45,"low":131.31,"close":131.31,"volume":238,"time":"2022-05-05T08:26:00.000Z","is_complete":true},{"open":131.43,"high":131.45,"low":131.25,"close":131.3,"volume":2068,"time":"2022-05-05T08:27:00.000Z","is_complete":true},{"open":131.25,"high":131.29,"low":130.7,"close":131,"volume":15354,"time":"2022-05-05T08:28:00.000Z","is_complete":true},{"open":130.8,"high":130.99,"low":130.71,"close":130.96,"volume":111,"time":"2022-05-05T08:29:00.000Z","is_complete":true},{"open":130.72,"high":130.82,"low":130.72,"close":130.76,"volume":62,"time":"2022-05-05T08:30:00.000Z","is_complete":true},{"open":130.83,"high":130.94,"low":130.76,"close":130.94,"volume":467,"time":"2022-05-05T08:31:00.000Z","is_complete":true},{"open":130.9,"high":130.9,"low":130.75,"close":130.89,"volume":416,"time":"2022-05-05T08:32:00.000Z","is_complete":true},{"open":130.8,"high":130.88,"low":130.73,"close":130.88,"volume":843,"time":"2022-05-05T08:33:00.000Z","is_complete":true},{"open":130.8,"high":130.88,"low":130.74,"close":130.77,"volume":4280,"time":"2022-05-05T08:34:00.000Z","is_complete":true},{"open":130.8,"high":130.89,"low":130.6,"close":130.6,"volume":9885,"time":"2022-05-05T08:35:00.000Z","is_complete":true},{"open":130.76,"high":130.86,"low":130.28,"close":130.74,"volume":8321,"time":"2022-05-05T08:36:00.000Z","is_complete":true},{"open":130.69,"high":130.74,"low":130.34,"close":130.7,"volume":1168,"time":"2022-05-05T08:37:00.000Z","is_complete":true},{"open":130.5,"high":130.68,"low":130.5,"close":130.61,"volume":47,"time":"2022-05-05T08:38:00.000Z","is_complete":true},{"open":130.64,"high":130.64,"low":130.25,"close":130.25,"volume":2520,"time":"2022-05-05T08:39:00.000Z","is_complete":true},{"open":130.24,"high":130.3,"low":129.82,"close":130.22,"volume":16420,"time":"2022-05-05T08:40:00.000Z","is_complete":true},{"open":130.22,"high":130.23,"low":130,"close":130.19,"volume":884,"time":"2022-05-05T08:41:00.000Z","is_complete":true},{"open":130.18,"high":130.19,"low":129.86,"close":130,"volume":1437,"time":"2022-05-05T08:42:00.000Z","is_complete":true},{"open":130,"high":130,"low":129.56,"close":129.57,"volume":5456,"time":"2022-05-05T08:43:00.000Z","is_complete":true},{"open":129.56,"high":129.58,"low":129.56,"close":129.58,"volume":7586,"time":"2022-05-05T08:44:00.000Z","is_complete":true},{"open":129.59,"high":129.77,"low":129.59,"close":129.76,"volume":1718,"time":"2022-05-05T08:45:00.000Z","is_complete":true},{"open":129.76,"high":130.12,"low":129.76,"close":129.85,"volume":3075,"time":"2022-05-05T08:46:00.000Z","is_complete":true},{"open":129.97,"high":130.15,"low":129.97,"close":130.05,"volume":5329,"time":"2022-05-05T08:47:00.000Z","is_complete":true},{"open":130.08,"high":130.08,"low":129.77,"close":130.02,"volume":1819,"time":"2022-05-05T08:48:00.000Z","is_complete":true},{"open":129.92,"high":129.97,"low":129.75,"close":129.97,"volume":421,"time":"2022-05-05T08:49:00.000Z","is_complete":true},{"open":129.9,"high":130.17,"low":129.9,"close":130.12,"volume":1043,"time":"2022-05-05T08:50:00.000Z","is_complete":true},{"open":130.17,"high":130.2,"low":130.14,"close":130.14,"volume":408,"time":"2022-05-05T08:51:00.000Z","is_complete":true},{"open":130.14,"high":131.48,"low":130.1,"close":130.88,"volume":18800,"time":"2022-05-05T08:52:00.000Z","is_complete":true},{"open":130.88,"high":131.09,"low":130.77,"close":130.99,"volume":4665,"time":"2022-05-05T08:53:00.000Z","is_complete":true},{"open":130.8,"high":130.99,"low":130.73,"close":130.73,"volume":23,"time":"2022-05-05T08:54:00.000Z","is_complete":true},{"open":130.96,"high":130.96,"low":130.76,"close":130.77,"volume":53,"time":"2022-05-05T08:55:00.000Z","is_complete":true},{"open":130.8,"high":130.88,"low":130.73,"close":130.88,"volume":323,"time":"2022-05-05T08:56:00.000Z","is_complete":true},{"open":130.88,"high":130.88,"low":130.88,"close":130.88,"volume":4,"time":"2022-05-05T08:57:00.000Z","is_complete":true},{"open":130.75,"high":130.9,"low":130.63,"close":130.9,"volume":4810,"time":"2022-05-05T08:58:00.000Z","is_complete":true},{"open":130.9,"high":130.98,"low":130.9,"close":130.9,"volume":14060,"time":"2022-05-05T08:59:00.000Z","is_complete":true},{"open":130.9,"high":130.9,"low":130.9,"close":130.9,"volume":380,"time":"2022-05-05T09:00:00.000Z","is_complete":true},{"open":130.94,"high":130.95,"low":130.9,"close":130.95,"volume":56,"time":"2022-05-05T09:01:00.000Z","is_complete":true},{"open":130.9,"high":130.95,"low":130.78,"close":130.78,"volume":1049,"time":"2022-05-05T09:02:00.000Z","is_complete":true},{"open":130.89,"high":130.9,"low":130.89,"close":130.9,"volume":37,"time":"2022-05-05T09:03:00.000Z","is_complete":true},{"open":130.82,"high":130.82,"low":130.81,"close":130.81,"volume":21,"time":"2022-05-05T09:04:00.000Z","is_complete":true},{"open":130.81,"high":130.95,"low":130.54,"close":130.95,"volume":4561,"time":"2022-05-05T09:05:00.000Z","is_complete":true},{"open":130.64,"high":130.8,"low":130.64,"close":130.68,"volume":146,"time":"2022-05-05T09:06:00.000Z","is_complete":true},{"open":130.7,"high":130.85,"low":130.65,"close":130.85,"volume":36,"time":"2022-05-05T09:07:00.000Z","is_complete":true},{"open":130.65,"high":130.84,"low":130.6,"close":130.84,"volume":13,"time":"2022-05-05T09:08:00.000Z","is_complete":true},{"open":130.75,"high":130.75,"low":130.74,"close":130.75,"volume":21,"time":"2022-05-05T09:09:00.000Z","is_complete":true},{"open":130.75,"high":130.75,"low":130.75,"close":130.75,"volume":6,"time":"2022-05-05T09:10:00.000Z","is_complete":true},{"open":130.75,"high":130.75,"low":130.58,"close":130.58,"volume":1154,"time":"2022-05-05T09:11:00.000Z","is_complete":true},{"open":130.75,"high":130.79,"low":130.75,"close":130.79,"volume":12,"time":"2022-05-05T09:12:00.000Z","is_complete":true},{"open":130.72,"high":130.74,"low":130.72,"close":130.74,"volume":301,"time":"2022-05-05T09:13:00.000Z","is_complete":true},{"open":130.73,"high":130.73,"low":130.6,"close":130.73,"volume":17,"time":"2022-05-05T09:14:00.000Z","is_complete":true},{"open":130.6,"high":130.6,"low":130.5,"close":130.53,"volume":1020,"time":"2022-05-05T09:16:00.000Z","is_complete":true},{"open":130.53,"high":130.6,"low":130.53,"close":130.59,"volume":2388,"time":"2022-05-05T09:17:00.000Z","is_complete":true},{"open":130.5,"high":130.53,"low":130.15,"close":130.17,"volume":9497,"time":"2022-05-05T09:18:00.000Z","is_complete":true},{"open":130.13,"high":130.13,"low":130,"close":130,"volume":3472,"time":"2022-05-05T09:19:00.000Z","is_complete":true},{"open":130.01,"high":130.02,"low":130,"close":130.01,"volume":157,"time":"2022-05-05T09:20:00.000Z","is_complete":true},{"open":130.01,"high":130.01,"low":129.9,"close":129.9,"volume":368,"time":"2022-05-05T09:21:00.000Z","is_complete":true},{"open":129.9,"high":129.99,"low":129.9,"close":129.99,"volume":1371,"time":"2022-05-05T09:22:00.000Z","is_complete":true},{"open":130,"high":130,"low":129.99,"close":130,"volume":1216,"time":"2022-05-05T09:23:00.000Z","is_complete":true},{"open":130,"high":130.45,"low":130,"close":130.22,"volume":2160,"time":"2022-05-05T09:24:00.000Z","is_complete":true},{"open":130.22,"high":130.24,"low":130.06,"close":130.08,"volume":1231,"time":"2022-05-05T09:25:00.000Z","is_complete":true},{"open":130.16,"high":130.53,"low":130.16,"close":130.53,"volume":1052,"time":"2022-05-05T09:26:00.000Z","is_complete":true},{"open":130.48,"high":130.68,"low":130.32,"close":130.68,"volume":4087,"time":"2022-05-05T09:27:00.000Z","is_complete":true},{"open":130.68,"high":130.85,"low":130.68,"close":130.83,"volume":6349,"time":"2022-05-05T09:28:00.000Z","is_complete":true},{"open":130.82,"high":130.82,"low":130.49,"close":130.72,"volume":1954,"time":"2022-05-05T09:29:00.000Z","is_complete":true},{"open":130.73,"high":130.85,"low":130.73,"close":130.84,"volume":89,"time":"2022-05-05T09:30:00.000Z","is_complete":true},{"open":130.84,"high":130.85,"low":130.74,"close":130.85,"volume":4881,"time":"2022-05-05T09:31:00.000Z","is_complete":true},{"open":130.85,"high":130.87,"low":130.64,"close":130.78,"volume":12080,"time":"2022-05-05T09:32:00.000Z","is_complete":true},{"open":130.76,"high":130.76,"low":130.32,"close":130.32,"volume":1635,"time":"2022-05-05T09:33:00.000Z","is_complete":true},{"open":130.45,"high":130.47,"low":130.45,"close":130.47,"volume":312,"time":"2022-05-05T09:34:00.000Z","is_complete":true},{"open":130.47,"high":130.48,"low":130.21,"close":130.44,"volume":2185,"time":"2022-05-05T09:35:00.000Z","is_complete":true},{"open":130.41,"high":130.41,"low":130.39,"close":130.4,"volume":548,"time":"2022-05-05T09:36:00.000Z","is_complete":true},{"open":130.4,"high":130.44,"low":130.4,"close":130.44,"volume":225,"time":"2022-05-05T09:37:00.000Z","is_complete":true},{"open":130.5,"high":130.5,"low":130.5,"close":130.5,"volume":1,"time":"2022-05-05T09:38:00.000Z","is_complete":true},{"open":130.57,"high":130.65,"low":130.57,"close":130.65,"volume":1388,"time":"2022-05-05T09:39:00.000Z","is_complete":true},{"open":130.65,"high":130.65,"low":130.45,"close":130.45,"volume":173,"time":"2022-05-05T09:40:00.000Z","is_complete":true},{"open":130.44,"high":130.44,"low":130.13,"close":130.3,"volume":4158,"time":"2022-05-05T09:41:00.000Z","is_complete":true},{"open":130.21,"high":130.34,"low":130.11,"close":130.34,"volume":789,"time":"2022-05-05T09:42:00.000Z","is_complete":true},{"open":130.2,"high":130.33,"low":130.2,"close":130.33,"volume":29,"time":"2022-05-05T09:43:00.000Z","is_complete":true},{"open":130.18,"high":130.34,"low":130.18,"close":130.18,"volume":361,"time":"2022-05-05T09:44:00.000Z","is_complete":true},{"open":130.3,"high":130.34,"low":130.01,"close":130.26,"volume":6540,"time":"2022-05-05T09:45:00.000Z","is_complete":true},{"open":130.1,"high":130.1,"low":130.09,"close":130.1,"volume":31,"time":"2022-05-05T09:46:00.000Z","is_complete":true},{"open":130.15,"high":130.15,"low":130.15,"close":130.15,"volume":50,"time":"2022-05-05T09:47:00.000Z","is_complete":true},{"open":130.21,"high":130.22,"low":130.2,"close":130.22,"volume":35,"time":"2022-05-05T09:48:00.000Z","is_complete":true},{"open":130.22,"high":130.22,"low":130.22,"close":130.22,"volume":16,"time":"2022-05-05T09:49:00.000Z","is_complete":true},{"open":130.22,"high":130.37,"low":130.12,"close":130.37,"volume":2927,"time":"2022-05-05T09:50:00.000Z","is_complete":true},{"open":130.34,"high":130.34,"low":130.32,"close":130.32,"volume":119,"time":"2022-05-05T09:51:00.000Z","is_complete":true},{"open":130.28,"high":130.4,"low":130.28,"close":130.4,"volume":1652,"time":"2022-05-05T09:52:00.000Z","is_complete":true},{"open":130.39,"high":130.39,"low":130.15,"close":130.15,"volume":1515,"time":"2022-05-05T09:53:00.000Z","is_complete":true},{"open":130.15,"high":130.3,"low":130.12,"close":130.12,"volume":1958,"time":"2022-05-05T09:54:00.000Z","is_complete":true},{"open":130.25,"high":130.25,"low":130.14,"close":130.15,"volume":8,"time":"2022-05-05T09:55:00.000Z","is_complete":true},{"open":130.13,"high":130.13,"low":130.12,"close":130.12,"volume":105,"time":"2022-05-05T09:56:00.000Z","is_complete":true},{"open":130.18,"high":130.19,"low":130.18,"close":130.19,"volume":6,"time":"2022-05-05T09:57:00.000Z","is_complete":true},{"open":130.16,"high":130.2,"low":130.16,"close":130.2,"volume":419,"time":"2022-05-05T09:58:00.000Z","is_complete":true},{"open":130.15,"high":130.15,"low":130.15,"close":130.15,"volume":1,"time":"2022-05-05T09:59:00.000Z","is_complete":true},{"open":130.15,"high":130.15,"low":130.15,"close":130.15,"volume":20,"time":"2022-05-05T10:00:00.000Z","is_complete":true},{"open":130.2,"high":130.2,"low":130.18,"close":130.18,"volume":59,"time":"2022-05-05T10:01:00.000Z","is_complete":true},{"open":130.18,"high":130.18,"low":130.18,"close":130.18,"volume":2,"time":"2022-05-05T10:02:00.000Z","is_complete":true},{"open":130.18,"high":130.2,"low":130.1,"close":130.1,"volume":3613,"time":"2022-05-05T10:03:00.000Z","is_complete":true},{"open":130.18,"high":130.26,"low":130,"close":130.26,"volume":10034,"time":"2022-05-05T10:04:00.000Z","is_complete":true},{"open":130.08,"high":130.16,"low":130,"close":130.16,"volume":10048,"time":"2022-05-05T10:05:00.000Z","is_complete":true},{"open":130.1,"high":130.16,"low":130.1,"close":130.16,"volume":8,"time":"2022-05-05T10:06:00.000Z","is_complete":true},{"open":130.11,"high":130.11,"low":130.03,"close":130.09,"volume":1366,"time":"2022-05-05T10:07:00.000Z","is_complete":true},{"open":130.03,"high":130.07,"low":130.02,"close":130.06,"volume":14,"time":"2022-05-05T10:08:00.000Z","is_complete":true},{"open":130.02,"high":130.02,"low":130,"close":130.01,"volume":1020,"time":"2022-05-05T10:09:00.000Z","is_complete":true},{"open":130.02,"high":130.02,"low":130,"close":130,"volume":393,"time":"2022-05-05T10:10:00.000Z","is_complete":true},{"open":130,"high":130.01,"low":130,"close":130,"volume":1472,"time":"2022-05-05T10:11:00.000Z","is_complete":true},{"open":130.01,"high":130.1,"low":130,"close":130,"volume":2637,"time":"2022-05-05T10:12:00.000Z","is_complete":true},{"open":130.1,"high":130.1,"low":130.1,"close":130.1,"volume":2651,"time":"2022-05-05T10:13:00.000Z","is_complete":true},{"open":130.1,"high":130.18,"low":129.7,"close":130.15,"volume":8792,"time":"2022-05-05T10:14:00.000Z","is_complete":true},{"open":130.1,"high":130.1,"low":130,"close":130,"volume":2,"time":"2022-05-05T10:15:00.000Z","is_complete":true},{"open":130.1,"high":130.1,"low":130.02,"close":130.02,"volume":12,"time":"2022-05-05T10:16:00.000Z","is_complete":true},{"open":130.08,"high":130.09,"low":130.08,"close":130.09,"volume":126,"time":"2022-05-05T10:17:00.000Z","is_complete":true},{"open":130.02,"high":130.1,"low":129.76,"close":129.76,"volume":722,"time":"2022-05-05T10:18:00.000Z","is_complete":true},{"open":130.1,"high":130.2,"low":129.9,"close":129.9,"volume":14,"time":"2022-05-05T10:19:00.000Z","is_complete":true},{"open":129.83,"high":130.31,"low":129.76,"close":130.1,"volume":1262,"time":"2022-05-05T10:20:00.000Z","is_complete":true},{"open":130.08,"high":130.2,"low":130.08,"close":130.2,"volume":1057,"time":"2022-05-05T10:21:00.000Z","is_complete":true},{"open":130.22,"high":130.28,"low":130.2,"close":130.28,"volume":593,"time":"2022-05-05T10:22:00.000Z","is_complete":true},{"open":130.27,"high":130.28,"low":130.25,"close":130.25,"volume":4257,"time":"2022-05-05T10:23:00.000Z","is_complete":true},{"open":130.28,"high":130.28,"low":130.25,"close":130.26,"volume":83,"time":"2022-05-05T10:24:00.000Z","is_complete":true},{"open":130.26,"high":130.28,"low":130.25,"close":130.28,"volume":39,"time":"2022-05-05T10:25:00.000Z","is_complete":true},{"open":130.4,"high":131.18,"low":130.28,"close":131.18,"volume":31790,"time":"2022-05-05T10:26:00.000Z","is_complete":true},{"open":130.72,"high":131,"low":130.69,"close":130.98,"volume":1240,"time":"2022-05-05T10:27:00.000Z","is_complete":true},{"open":130.87,"high":130.87,"low":130.36,"close":130.74,"volume":2302,"time":"2022-05-05T10:28:00.000Z","is_complete":true},{"open":130.58,"high":130.59,"low":130.26,"close":130.55,"volume":2832,"time":"2022-05-05T10:29:00.000Z","is_complete":true},{"open":130.43,"high":130.71,"low":130.43,"close":130.68,"volume":1295,"time":"2022-05-05T10:30:00.000Z","is_complete":true},{"open":130.6,"high":131.12,"low":130.44,"close":131.11,"volume":14702,"time":"2022-05-05T10:31:00.000Z","is_complete":true},{"open":131.08,"high":131.21,"low":131,"close":131,"volume":4837,"time":"2022-05-05T10:32:00.000Z","is_complete":true},{"open":131,"high":131.12,"low":130.95,"close":130.95,"volume":1008,"time":"2022-05-05T10:33:00.000Z","is_complete":true},{"open":130.92,"high":131.08,"low":130.9,"close":131.08,"volume":2002,"time":"2022-05-05T10:34:00.000Z","is_complete":true},{"open":131.08,"high":131.25,"low":131.08,"close":131.25,"volume":3121,"time":"2022-05-05T10:35:00.000Z","is_complete":true},{"open":131.24,"high":131.24,"low":131.03,"close":131.03,"volume":564,"time":"2022-05-05T10:36:00.000Z","is_complete":true},{"open":131.04,"high":131.25,"low":131.04,"close":131.15,"volume":850,"time":"2022-05-05T10:37:00.000Z","is_complete":true},{"open":131.07,"high":131.07,"low":130.52,"close":130.9,"volume":6028,"time":"2022-05-05T10:38:00.000Z","is_complete":true},{"open":130.91,"high":130.91,"low":130.7,"close":130.7,"volume":220,"time":"2022-05-05T10:39:00.000Z","is_complete":true},{"open":130.84,"high":130.85,"low":130.81,"close":130.81,"volume":645,"time":"2022-05-05T10:40:00.000Z","is_complete":true},{"open":130.7,"high":130.7,"low":130.58,"close":130.58,"volume":297,"time":"2022-05-05T10:41:00.000Z","is_complete":true},{"open":130.7,"high":130.84,"low":130.7,"close":130.84,"volume":92,"time":"2022-05-05T10:42:00.000Z","is_complete":true},{"open":130.8,"high":130.93,"low":130.73,"close":130.85,"volume":1069,"time":"2022-05-05T10:43:00.000Z","is_complete":true},{"open":130.84,"high":130.92,"low":130.84,"close":130.92,"volume":545,"time":"2022-05-05T10:44:00.000Z","is_complete":true},{"open":130.84,"high":130.92,"low":130.79,"close":130.83,"volume":1282,"time":"2022-05-05T10:45:00.000Z","is_complete":true},{"open":130.83,"high":130.92,"low":130.75,"close":130.91,"volume":1165,"time":"2022-05-05T10:46:00.000Z","is_complete":true},{"open":130.91,"high":130.92,"low":130.9,"close":130.9,"volume":101,"time":"2022-05-05T10:47:00.000Z","is_complete":true},{"open":130.76,"high":130.89,"low":130.67,"close":130.89,"volume":441,"time":"2022-05-05T10:48:00.000Z","is_complete":true},{"open":130.8,"high":130.9,"low":130.8,"close":130.9,"volume":206,"time":"2022-05-05T10:49:00.000Z","is_complete":true},{"open":130.92,"high":131.3,"low":130.92,"close":131.3,"volume":21342,"time":"2022-05-05T10:50:00.000Z","is_complete":true},{"open":131.3,"high":131.37,"low":131.3,"close":131.3,"volume":3489,"time":"2022-05-05T10:51:00.000Z","is_complete":true},{"open":131.32,"high":131.32,"low":131.29,"close":131.29,"volume":165,"time":"2022-05-05T10:52:00.000Z","is_complete":true},{"open":131.29,"high":131.29,"low":131.05,"close":131.05,"volume":302,"time":"2022-05-05T10:53:00.000Z","is_complete":true},{"open":131.07,"high":131.5,"low":131.07,"close":131.5,"volume":11507,"time":"2022-05-05T10:54:00.000Z","is_complete":true},{"open":131.48,"high":131.48,"low":131.24,"close":131.45,"volume":849,"time":"2022-05-05T10:55:00.000Z","is_complete":true},{"open":131.44,"high":131.45,"low":131.29,"close":131.45,"volume":396,"time":"2022-05-05T10:56:00.000Z","is_complete":true},{"open":131.32,"high":131.32,"low":131.15,"close":131.16,"volume":6416,"time":"2022-05-05T10:57:00.000Z","is_complete":true},{"open":131.17,"high":131.2,"low":131.08,"close":131.08,"volume":3008,"time":"2022-05-05T10:58:00.000Z","is_complete":true},{"open":131.01,"high":131.01,"low":130.8,"close":130.8,"volume":8375,"time":"2022-05-05T10:59:00.000Z","is_complete":true},{"open":130.91,"high":130.91,"low":130.8,"close":130.9,"volume":1119,"time":"2022-05-05T11:00:00.000Z","is_complete":true},{"open":130.8,"high":130.89,"low":130.73,"close":130.8,"volume":212,"time":"2022-05-05T11:01:00.000Z","is_complete":true},{"open":130.74,"high":130.74,"low":130.6,"close":130.64,"volume":6173,"time":"2022-05-05T11:02:00.000Z","is_complete":true},{"open":130.79,"high":131.14,"low":130.73,"close":131.04,"volume":13154,"time":"2022-05-05T11:03:00.000Z","is_complete":true},{"open":130.98,"high":131.19,"low":130.98,"close":131.13,"volume":231,"time":"2022-05-05T11:04:00.000Z","is_complete":true},{"open":131.12,"high":131.16,"low":130.81,"close":131,"volume":2910,"time":"2022-05-05T11:05:00.000Z","is_complete":true},{"open":130.9,"high":130.99,"low":130.8,"close":130.99,"volume":739,"time":"2022-05-05T11:06:00.000Z","is_complete":true},{"open":130.99,"high":130.99,"low":130.81,"close":130.99,"volume":160,"time":"2022-05-05T11:07:00.000Z","is_complete":true},{"open":130.98,"high":130.98,"low":130.98,"close":130.98,"volume":50,"time":"2022-05-05T11:08:00.000Z","is_complete":true},{"open":130.86,"high":131,"low":130.75,"close":130.98,"volume":2068,"time":"2022-05-05T11:09:00.000Z","is_complete":true},{"open":130.98,"high":131,"low":130.98,"close":131,"volume":1142,"time":"2022-05-05T11:10:00.000Z","is_complete":true},{"open":130.98,"high":131,"low":130.71,"close":130.99,"volume":2325,"time":"2022-05-05T11:11:00.000Z","is_complete":true},{"open":130.99,"high":131.47,"low":130.92,"close":131.3,"volume":11922,"time":"2022-05-05T11:12:00.000Z","is_complete":true},{"open":131.09,"high":131.75,"low":131.08,"close":131.52,"volume":29216,"time":"2022-05-05T11:13:00.000Z","is_complete":true},{"open":131.53,"high":131.78,"low":131.21,"close":131.73,"volume":19905,"time":"2022-05-05T11:14:00.000Z","is_complete":true},{"open":131.7,"high":131.74,"low":130.74,"close":131.49,"volume":21379,"time":"2022-05-05T11:15:00.000Z","is_complete":true},{"open":131.48,"high":131.92,"low":131.11,"close":131.11,"volume":27502,"time":"2022-05-05T11:16:00.000Z","is_complete":true},{"open":131.31,"high":131.49,"low":131.31,"close":131.49,"volume":2452,"time":"2022-05-05T11:17:00.000Z","is_complete":true},{"open":131.48,"high":131.48,"low":131.32,"close":131.32,"volume":93,"time":"2022-05-05T11:18:00.000Z","is_complete":true},{"open":131.24,"high":131.51,"low":131.14,"close":131.36,"volume":13474,"time":"2022-05-05T11:19:00.000Z","is_complete":true},{"open":131.26,"high":131.99,"low":131.26,"close":131.99,"volume":36248,"time":"2022-05-05T11:20:00.000Z","is_complete":true},{"open":131.77,"high":131.95,"low":131.77,"close":131.92,"volume":3885,"time":"2022-05-05T11:21:00.000Z","is_complete":true},{"open":131.92,"high":131.92,"low":131.85,"close":131.85,"volume":2569,"time":"2022-05-05T11:22:00.000Z","is_complete":true},{"open":131.88,"high":131.99,"low":131.85,"close":131.99,"volume":17713,"time":"2022-05-05T11:23:00.000Z","is_complete":true},{"open":131.99,"high":132.27,"low":131.99,"close":132.25,"volume":33632,"time":"2022-05-05T11:24:00.000Z","is_complete":true},{"open":132.22,"high":132.3,"low":131.9,"close":132.12,"volume":4907,"time":"2022-05-05T11:25:00.000Z","is_complete":true},{"open":131.9,"high":132.55,"low":131.81,"close":132.49,"volume":40082,"time":"2022-05-05T11:26:00.000Z","is_complete":true},{"open":132.49,"high":132.6,"low":132.28,"close":132.5,"volume":11578,"time":"2022-05-05T11:27:00.000Z","is_complete":true},{"open":132.5,"high":132.86,"low":132.5,"close":132.68,"volume":23373,"time":"2022-05-05T11:28:00.000Z","is_complete":true},{"open":132.8,"high":132.95,"low":132.66,"close":132.8,"volume":13841,"time":"2022-05-05T11:29:00.000Z","is_complete":true},{"open":132.72,"high":133,"low":132.7,"close":132.88,"volume":20981,"time":"2022-05-05T11:30:00.000Z","is_complete":true},{"open":132.88,"high":133.2,"low":132.13,"close":132.98,"volume":69133,"time":"2022-05-05T11:31:00.000Z","is_complete":true},{"open":132.76,"high":133.2,"low":132.56,"close":133.2,"volume":17155,"time":"2022-05-05T11:32:00.000Z","is_complete":true},{"open":133.05,"high":133.36,"low":132.76,"close":133.1,"volume":8059,"time":"2022-05-05T11:33:00.000Z","is_complete":true},{"open":133.12,"high":133.34,"low":132.87,"close":133,"volume":8966,"time":"2022-05-05T11:34:00.000Z","is_complete":true},{"open":133.12,"high":133.12,"low":132.8,"close":132.88,"volume":2309,"time":"2022-05-05T11:35:00.000Z","is_complete":true},{"open":132.52,"high":132.84,"low":132.31,"close":132.36,"volume":19494,"time":"2022-05-05T11:36:00.000Z","is_complete":true},{"open":132.48,"high":132.68,"low":132.36,"close":132.61,"volume":1916,"time":"2022-05-05T11:37:00.000Z","is_complete":true},{"open":132.61,"high":132.69,"low":132.38,"close":132.38,"volume":1494,"time":"2022-05-05T11:38:00.000Z","is_complete":true},{"open":132.42,"high":132.42,"low":132.3,"close":132.31,"volume":6320,"time":"2022-05-05T11:39:00.000Z","is_complete":true},{"open":132.31,"high":132.44,"low":132.12,"close":132.36,"volume":14057,"time":"2022-05-05T11:40:00.000Z","is_complete":true},{"open":132.37,"high":132.37,"low":132.2,"close":132.2,"volume":2227,"time":"2022-05-05T11:41:00.000Z","is_complete":true},{"open":132.2,"high":132.3,"low":132.2,"close":132.3,"volume":746,"time":"2022-05-05T11:42:00.000Z","is_complete":true},{"open":132.3,"high":132.65,"low":132.24,"close":132.63,"volume":1293,"time":"2022-05-05T11:43:00.000Z","is_complete":true},{"open":132.54,"high":132.63,"low":132.38,"close":132.38,"volume":7251,"time":"2022-05-05T11:44:00.000Z","is_complete":true},{"open":132.45,"high":132.55,"low":132.38,"close":132.44,"volume":4234,"time":"2022-05-05T11:45:00.000Z","is_complete":true},{"open":132.43,"high":132.8,"low":132.43,"close":132.79,"volume":9037,"time":"2022-05-05T11:46:00.000Z","is_complete":true},{"open":132.61,"high":132.75,"low":132.53,"close":132.69,"volume":2869,"time":"2022-05-05T11:47:00.000Z","is_complete":true},{"open":132.68,"high":132.78,"low":132.53,"close":132.7,"volume":2752,"time":"2022-05-05T11:48:00.000Z","is_complete":true},{"open":132.56,"high":132.6,"low":132.44,"close":132.44,"volume":1369,"time":"2022-05-05T11:49:00.000Z","is_complete":true},{"open":132.45,"high":132.5,"low":132.42,"close":132.42,"volume":7721,"time":"2022-05-05T11:50:00.000Z","is_complete":true},{"open":132.41,"high":132.44,"low":132.38,"close":132.4,"volume":6337,"time":"2022-05-05T11:51:00.000Z","is_complete":true},{"open":132.4,"high":132.49,"low":132.3,"close":132.49,"volume":3633,"time":"2022-05-05T11:52:00.000Z","is_complete":true},{"open":132.49,"high":132.49,"low":132.38,"close":132.38,"volume":620,"time":"2022-05-05T11:53:00.000Z","is_complete":true},{"open":132.44,"high":132.69,"low":132.38,"close":132.69,"volume":2997,"time":"2022-05-05T11:54:00.000Z","is_complete":true},{"open":132.6,"high":132.75,"low":132.6,"close":132.65,"volume":1687,"time":"2022-05-05T11:55:00.000Z","is_complete":true},{"open":132.64,"high":132.65,"low":132.64,"close":132.65,"volume":1142,"time":"2022-05-05T11:56:00.000Z","is_complete":true},{"open":132.52,"high":132.52,"low":132.49,"close":132.52,"volume":58,"time":"2022-05-05T11:57:00.000Z","is_complete":true},{"open":132.4,"high":132.43,"low":132.22,"close":132.25,"volume":1074,"time":"2022-05-05T11:58:00.000Z","is_complete":true},{"open":132.3,"high":132.3,"low":132.13,"close":132.3,"volume":20865,"time":"2022-05-05T11:59:00.000Z","is_complete":true},{"open":132.14,"high":132.41,"low":132.14,"close":132.41,"volume":3023,"time":"2022-05-05T12:00:00.000Z","is_complete":true},{"open":132.2,"high":132.43,"low":132.12,"close":132.12,"volume":7876,"time":"2022-05-05T12:01:00.000Z","is_complete":true},{"open":132.14,"high":132.15,"low":132.12,"close":132.12,"volume":1080,"time":"2022-05-05T12:02:00.000Z","is_complete":true},{"open":132.15,"high":132.37,"low":132.12,"close":132.3,"volume":2452,"time":"2022-05-05T12:03:00.000Z","is_complete":true},{"open":132.13,"high":132.14,"low":132.12,"close":132.13,"volume":1134,"time":"2022-05-05T12:04:00.000Z","is_complete":true},{"open":132.13,"high":132.13,"low":132.1,"close":132.1,"volume":4766,"time":"2022-05-05T12:05:00.000Z","is_complete":true},{"open":132.1,"high":132.1,"low":131.39,"close":131.6,"volume":20974,"time":"2022-05-05T12:06:00.000Z","is_complete":true},{"open":131.61,"high":131.68,"low":131.58,"close":131.58,"volume":6940,"time":"2022-05-05T12:07:00.000Z","is_complete":true},{"open":131.6,"high":131.6,"low":131.5,"close":131.5,"volume":11673,"time":"2022-05-05T12:08:00.000Z","is_complete":true},{"open":131.5,"high":131.52,"low":131.5,"close":131.52,"volume":674,"time":"2022-05-05T12:09:00.000Z","is_complete":true},{"open":131.5,"high":131.51,"low":131.34,"close":131.36,"volume":2601,"time":"2022-05-05T12:10:00.000Z","is_complete":true},{"open":131.5,"high":131.5,"low":131.36,"close":131.46,"volume":3223,"time":"2022-05-05T12:11:00.000Z","is_complete":true},{"open":131.5,"high":131.61,"low":131.5,"close":131.61,"volume":6616,"time":"2022-05-05T12:12:00.000Z","is_complete":true},{"open":131.7,"high":131.79,"low":131.7,"close":131.79,"volume":96,"time":"2022-05-05T12:13:00.000Z","is_complete":true},{"open":131.79,"high":131.79,"low":131.51,"close":131.78,"volume":1836,"time":"2022-05-05T12:14:00.000Z","is_complete":true},{"open":131.78,"high":131.78,"low":131.55,"close":131.78,"volume":1408,"time":"2022-05-05T12:15:00.000Z","is_complete":true},{"open":131.6,"high":131.74,"low":131.6,"close":131.6,"volume":3011,"time":"2022-05-05T12:16:00.000Z","is_complete":true},{"open":131.75,"high":131.77,"low":131.72,"close":131.73,"volume":27,"time":"2022-05-05T12:17:00.000Z","is_complete":true},{"open":131.73,"high":131.76,"low":131.73,"close":131.76,"volume":100,"time":"2022-05-05T12:18:00.000Z","is_complete":true},{"open":131.76,"high":131.8,"low":131.76,"close":131.8,"volume":170,"time":"2022-05-05T12:19:00.000Z","is_complete":true},{"open":131.8,"high":132,"low":131.8,"close":132,"volume":3092,"time":"2022-05-05T12:20:00.000Z","is_complete":true},{"open":131.85,"high":131.85,"low":131.85,"close":131.85,"volume":2,"time":"2022-05-05T12:21:00.000Z","is_complete":true},{"open":131.86,"high":131.99,"low":131.86,"close":131.97,"volume":82,"time":"2022-05-05T12:22:00.000Z","is_complete":true},{"open":131.98,"high":132,"low":131.95,"close":131.96,"volume":979,"time":"2022-05-05T12:23:00.000Z","is_complete":true},{"open":131.96,"high":131.96,"low":131.96,"close":131.96,"volume":64,"time":"2022-05-05T12:24:00.000Z","is_complete":true},{"open":131.96,"high":131.96,"low":131.75,"close":131.75,"volume":5722,"time":"2022-05-05T12:25:00.000Z","is_complete":true},{"open":131.75,"high":131.9,"low":131.75,"close":131.9,"volume":1818,"time":"2022-05-05T12:26:00.000Z","is_complete":true},{"open":131.89,"high":131.89,"low":131.55,"close":131.61,"volume":9550,"time":"2022-05-05T12:27:00.000Z","is_complete":true},{"open":131.77,"high":131.97,"low":131.63,"close":131.93,"volume":4538,"time":"2022-05-05T12:28:00.000Z","is_complete":true},{"open":131.89,"high":132,"low":131.89,"close":131.99,"volume":8629,"time":"2022-05-05T12:29:00.000Z","is_complete":true},{"open":131.98,"high":132,"low":131.91,"close":132,"volume":3203,"time":"2022-05-05T12:30:00.000Z","is_complete":true},{"open":131.99,"high":132.1,"low":131.9,"close":131.9,"volume":4465,"time":"2022-05-05T12:31:00.000Z","is_complete":true},{"open":131.96,"high":132,"low":131.74,"close":131.9,"volume":2431,"time":"2022-05-05T12:32:00.000Z","is_complete":true},{"open":131.9,"high":131.95,"low":131.9,"close":131.95,"volume":86,"time":"2022-05-05T12:33:00.000Z","is_complete":true},{"open":131.9,"high":131.96,"low":131.88,"close":131.88,"volume":565,"time":"2022-05-05T12:34:00.000Z","is_complete":true},{"open":131.8,"high":131.8,"low":131.02,"close":131.3,"volume":25670,"time":"2022-05-05T12:35:00.000Z","is_complete":true},{"open":131.2,"high":131.44,"low":131.08,"close":131.2,"volume":300,"time":"2022-05-05T12:36:00.000Z","is_complete":true},{"open":131.2,"high":131.38,"low":131.2,"close":131.2,"volume":246,"time":"2022-05-05T12:37:00.000Z","is_complete":true},{"open":131.2,"high":131.4,"low":131.2,"close":131.3,"volume":2289,"time":"2022-05-05T12:38:00.000Z","is_complete":true},{"open":131.3,"high":131.64,"low":131.26,"close":131.6,"volume":1192,"time":"2022-05-05T12:39:00.000Z","is_complete":true},{"open":131.6,"high":132.43,"low":131.58,"close":132.36,"volume":15003,"time":"2022-05-05T12:40:00.000Z","is_complete":true},{"open":132.36,"high":133.35,"low":131.72,"close":132.63,"volume":50983,"time":"2022-05-05T12:41:00.000Z","is_complete":true},{"open":133,"high":133.34,"low":132.38,"close":133.03,"volume":23229,"time":"2022-05-05T12:42:00.000Z","is_complete":true},{"open":133.04,"high":133.08,"low":132.47,"close":132.47,"volume":12108,"time":"2022-05-05T12:43:00.000Z","is_complete":true},{"open":132.56,"high":133.17,"low":132.48,"close":133.17,"volume":26267,"time":"2022-05-05T12:44:00.000Z","is_complete":true},{"open":132.9,"high":133.17,"low":132.77,"close":133.02,"volume":2291,"time":"2022-05-05T12:45:00.000Z","is_complete":true},{"open":133.02,"high":133.16,"low":132.42,"close":132.42,"volume":7181,"time":"2022-05-05T12:46:00.000Z","is_complete":true},{"open":132.83,"high":132.9,"low":132.6,"close":132.69,"volume":322,"time":"2022-05-05T12:47:00.000Z","is_complete":true},{"open":132.69,"high":132.7,"low":132.69,"close":132.69,"volume":604,"time":"2022-05-05T12:48:00.000Z","is_complete":true},{"open":132.66,"high":133.1,"low":132.52,"close":132.8,"volume":6206,"time":"2022-05-05T12:49:00.000Z","is_complete":true},{"open":132.8,"high":132.8,"low":132.8,"close":132.8,"volume":12,"time":"2022-05-05T12:50:00.000Z","is_complete":true},{"open":132.8,"high":132.8,"low":132.62,"close":132.78,"volume":445,"time":"2022-05-05T12:51:00.000Z","is_complete":true},{"open":132.78,"high":132.8,"low":132.63,"close":132.8,"volume":577,"time":"2022-05-05T12:52:00.000Z","is_complete":true},{"open":132.8,"high":132.8,"low":132.53,"close":132.79,"volume":575,"time":"2022-05-05T12:53:00.000Z","is_complete":true},{"open":132.78,"high":132.78,"low":132.58,"close":132.58,"volume":431,"time":"2022-05-05T12:54:00.000Z","is_complete":true},{"open":132.6,"high":132.6,"low":132.59,"close":132.59,"volume":245,"time":"2022-05-05T12:55:00.000Z","is_complete":true},{"open":132.58,"high":132.58,"low":132.58,"close":132.58,"volume":1,"time":"2022-05-05T12:56:00.000Z","is_complete":true},{"open":132.74,"high":132.74,"low":132.7,"close":132.72,"volume":102,"time":"2022-05-05T12:57:00.000Z","is_complete":true},{"open":132.7,"high":132.7,"low":132.7,"close":132.7,"volume":366,"time":"2022-05-05T12:58:00.000Z","is_complete":true},{"open":132.7,"high":132.85,"low":132.7,"close":132.85,"volume":4044,"time":"2022-05-05T12:59:00.000Z","is_complete":true},{"open":132.85,"high":132.9,"low":132.59,"close":132.82,"volume":1287,"time":"2022-05-05T13:00:00.000Z","is_complete":true},{"open":132.71,"high":133.2,"low":132.62,"close":133,"volume":19564,"time":"2022-05-05T13:01:00.000Z","is_complete":true},{"open":133,"high":133,"low":132.91,"close":132.99,"volume":461,"time":"2022-05-05T13:02:00.000Z","is_complete":true},{"open":132.99,"high":133.19,"low":132.99,"close":133.19,"volume":9021,"time":"2022-05-05T13:03:00.000Z","is_complete":true},{"open":133.19,"high":133.19,"low":132.96,"close":133.17,"volume":1600,"time":"2022-05-05T13:04:00.000Z","is_complete":true},{"open":133.19,"high":133.3,"low":133,"close":133.3,"volume":9788,"time":"2022-05-05T13:05:00.000Z","is_complete":true},{"open":133.3,"high":133.45,"low":133.3,"close":133.43,"volume":12097,"time":"2022-05-05T13:06:00.000Z","is_complete":true},{"open":133.43,"high":133.81,"low":133.43,"close":133.55,"volume":28773,"time":"2022-05-05T13:07:00.000Z","is_complete":true},{"open":133.54,"high":133.8,"low":133.52,"close":133.8,"volume":10639,"time":"2022-05-05T13:08:00.000Z","is_complete":true},{"open":133.81,"high":133.9,"low":133.74,"close":133.9,"volume":16725,"time":"2022-05-05T13:09:00.000Z","is_complete":true},{"open":133.9,"high":133.9,"low":133.5,"close":133.52,"volume":12957,"time":"2022-05-05T13:10:00.000Z","is_complete":true},{"open":133.56,"high":133.8,"low":133.5,"close":133.8,"volume":5201,"time":"2022-05-05T13:11:00.000Z","is_complete":true},{"open":133.65,"high":133.69,"low":133.61,"close":133.62,"volume":1029,"time":"2022-05-05T13:12:00.000Z","is_complete":true},{"open":133.63,"high":133.76,"low":133.63,"close":133.76,"volume":216,"time":"2022-05-05T13:13:00.000Z","is_complete":true},{"open":133.64,"high":133.76,"low":133.58,"close":133.76,"volume":1022,"time":"2022-05-05T13:14:00.000Z","is_complete":true},{"open":133.6,"high":133.76,"low":133.55,"close":133.56,"volume":3761,"time":"2022-05-05T13:15:00.000Z","is_complete":true},{"open":133.59,"high":133.68,"low":133.23,"close":133.5,"volume":19433,"time":"2022-05-05T13:16:00.000Z","is_complete":true},{"open":133.55,"high":133.56,"low":133.53,"close":133.55,"volume":3827,"time":"2022-05-05T13:17:00.000Z","is_complete":true},{"open":133.4,"high":133.55,"low":133.3,"close":133.33,"volume":4078,"time":"2022-05-05T13:18:00.000Z","is_complete":true},{"open":133.37,"high":133.39,"low":133.36,"close":133.38,"volume":1008,"time":"2022-05-05T13:19:00.000Z","is_complete":true},{"open":133.38,"high":133.55,"low":133.3,"close":133.5,"volume":3232,"time":"2022-05-05T13:20:00.000Z","is_complete":true},{"open":133.55,"high":133.55,"low":133.5,"close":133.55,"volume":2436,"time":"2022-05-05T13:21:00.000Z","is_complete":true},{"open":133.4,"high":133.4,"low":133.39,"close":133.4,"volume":76,"time":"2022-05-05T13:22:00.000Z","is_complete":true},{"open":133.54,"high":133.59,"low":133.44,"close":133.55,"volume":1309,"time":"2022-05-05T13:23:00.000Z","is_complete":true},{"open":133.54,"high":133.62,"low":133.54,"close":133.62,"volume":2431,"time":"2022-05-05T13:24:00.000Z","is_complete":true},{"open":133.62,"high":133.63,"low":133.48,"close":133.6,"volume":1213,"time":"2022-05-05T13:25:00.000Z","is_complete":true},{"open":133.6,"high":133.6,"low":133.36,"close":133.6,"volume":8282,"time":"2022-05-05T13:26:00.000Z","is_complete":true},{"open":133.48,"high":133.63,"low":133.48,"close":133.63,"volume":3136,"time":"2022-05-05T13:27:00.000Z","is_complete":true},{"open":133.63,"high":133.63,"low":133.63,"close":133.63,"volume":467,"time":"2022-05-05T13:28:00.000Z","is_complete":true},{"open":133.63,"high":133.79,"low":133.63,"close":133.66,"volume":2143,"time":"2022-05-05T13:29:00.000Z","is_complete":true},{"open":133.79,"high":133.8,"low":133.68,"close":133.79,"volume":2346,"time":"2022-05-05T13:30:00.000Z","is_complete":true},{"open":133.79,"high":133.8,"low":133.66,"close":133.66,"volume":6062,"time":"2022-05-05T13:31:00.000Z","is_complete":true},{"open":133.66,"high":133.66,"low":133.62,"close":133.62,"volume":3683,"time":"2022-05-05T13:32:00.000Z","is_complete":true},{"open":133.63,"high":133.65,"low":133.63,"close":133.63,"volume":181,"time":"2022-05-05T13:33:00.000Z","is_complete":true},{"open":133.65,"high":133.7,"low":133.65,"close":133.69,"volume":1876,"time":"2022-05-05T13:34:00.000Z","is_complete":true},{"open":133.7,"high":133.7,"low":133.36,"close":133.36,"volume":10240,"time":"2022-05-05T13:35:00.000Z","is_complete":true},{"open":133.51,"high":133.6,"low":133.3,"close":133.3,"volume":3343,"time":"2022-05-05T13:36:00.000Z","is_complete":true},{"open":133.3,"high":133.49,"low":133.3,"close":133.49,"volume":10731,"time":"2022-05-05T13:37:00.000Z","is_complete":true},{"open":133.48,"high":133.55,"low":133,"close":133.05,"volume":23203,"time":"2022-05-05T13:38:00.000Z","is_complete":true},{"open":133.29,"high":133.3,"low":133.06,"close":133.26,"volume":2236,"time":"2022-05-05T13:39:00.000Z","is_complete":true},{"open":133.09,"high":133.09,"low":132.75,"close":133,"volume":13148,"time":"2022-05-05T13:40:00.000Z","is_complete":true},{"open":133,"high":133.2,"low":133,"close":133.19,"volume":2908,"time":"2022-05-05T13:41:00.000Z","is_complete":true},{"open":133.18,"high":133.19,"low":133,"close":133,"volume":11640,"time":"2022-05-05T13:42:00.000Z","is_complete":true},{"open":133.08,"high":133.09,"low":132.74,"close":132.88,"volume":13216,"time":"2022-05-05T13:43:00.000Z","is_complete":true},{"open":133,"high":133,"low":132.88,"close":132.88,"volume":1696,"time":"2022-05-05T13:44:00.000Z","is_complete":true},{"open":132.96,"high":133,"low":132.88,"close":132.9,"volume":2458,"time":"2022-05-05T13:45:00.000Z","is_complete":true},{"open":132.98,"high":133,"low":132.91,"close":132.98,"volume":340,"time":"2022-05-05T13:46:00.000Z","is_complete":true},{"open":132.99,"high":133,"low":132.88,"close":132.9,"volume":4588,"time":"2022-05-05T13:47:00.000Z","is_complete":true},{"open":132.88,"high":132.9,"low":132.8,"close":132.88,"volume":2340,"time":"2022-05-05T13:48:00.000Z","is_complete":true},{"open":132.81,"high":132.88,"low":132.43,"close":132.71,"volume":37449,"time":"2022-05-05T13:49:00.000Z","is_complete":true},{"open":132.61,"high":132.77,"low":132.5,"close":132.77,"volume":2973,"time":"2022-05-05T13:50:00.000Z","is_complete":true},{"open":132.66,"high":132.9,"low":132.66,"close":132.9,"volume":4057,"time":"2022-05-05T13:51:00.000Z","is_complete":true},{"open":132.87,"high":132.9,"low":132.87,"close":132.87,"volume":1888,"time":"2022-05-05T13:52:00.000Z","is_complete":true},{"open":132.9,"high":132.9,"low":132.88,"close":132.88,"volume":1100,"time":"2022-05-05T13:53:00.000Z","is_complete":true},{"open":132.9,"high":132.95,"low":132.9,"close":132.95,"volume":854,"time":"2022-05-05T13:54:00.000Z","is_complete":true},{"open":132.95,"high":133.07,"low":132.95,"close":133.02,"volume":1299,"time":"2022-05-05T13:55:00.000Z","is_complete":true},{"open":132.95,"high":133.14,"low":132.92,"close":133.03,"volume":1505,"time":"2022-05-05T13:56:00.000Z","is_complete":true},{"open":133.03,"high":133.18,"low":133.02,"close":133.16,"volume":4896,"time":"2022-05-05T13:57:00.000Z","is_complete":true},{"open":133.16,"high":133.16,"low":133.04,"close":133.16,"volume":325,"time":"2022-05-05T13:58:00.000Z","is_complete":true},{"open":133.16,"high":133.27,"low":133.16,"close":133.27,"volume":1355,"time":"2022-05-05T13:59:00.000Z","is_complete":true},{"open":133.27,"high":133.4,"low":133,"close":133.27,"volume":7103,"time":"2022-05-05T14:00:00.000Z","is_complete":true},{"open":133.03,"high":133.03,"low":132.9,"close":132.9,"volume":657,"time":"2022-05-05T14:01:00.000Z","is_complete":true},{"open":133.02,"high":133.15,"low":133.02,"close":133.15,"volume":203,"time":"2022-05-05T14:02:00.000Z","is_complete":true},{"open":133.12,"high":133.14,"low":133.11,"close":133.11,"volume":640,"time":"2022-05-05T14:03:00.000Z","is_complete":true},{"open":133.11,"high":133.13,"low":133,"close":133,"volume":853,"time":"2022-05-05T14:04:00.000Z","is_complete":true},{"open":133,"high":133.1,"low":133,"close":133.02,"volume":31,"time":"2022-05-05T14:05:00.000Z","is_complete":true},{"open":133.1,"high":133.13,"low":133,"close":133,"volume":730,"time":"2022-05-05T14:06:00.000Z","is_complete":true},{"open":133,"high":133.1,"low":133,"close":133,"volume":4720,"time":"2022-05-05T14:07:00.000Z","is_complete":true},{"open":133.09,"high":133.1,"low":133.09,"close":133.1,"volume":2,"time":"2022-05-05T14:08:00.000Z","is_complete":true},{"open":133.1,"high":133.1,"low":133,"close":133.09,"volume":1481,"time":"2022-05-05T14:09:00.000Z","is_complete":true},{"open":133.09,"high":133.1,"low":133,"close":133,"volume":531,"time":"2022-05-05T14:10:00.000Z","is_complete":true},{"open":133.08,"high":133.08,"low":133.02,"close":133.08,"volume":217,"time":"2022-05-05T14:11:00.000Z","is_complete":true},{"open":133.02,"high":133.07,"low":133.02,"close":133.03,"volume":1795,"time":"2022-05-05T14:12:00.000Z","is_complete":true},{"open":133.07,"high":133.07,"low":133.01,"close":133.03,"volume":644,"time":"2022-05-05T14:13:00.000Z","is_complete":true},{"open":133.07,"high":133.1,"low":133.02,"close":133.1,"volume":343,"time":"2022-05-05T14:14:00.000Z","is_complete":true},{"open":133.1,"high":133.13,"low":133.03,"close":133.05,"volume":177,"time":"2022-05-05T14:15:00.000Z","is_complete":true},{"open":133.05,"high":133.17,"low":133,"close":133.16,"volume":2426,"time":"2022-05-05T14:16:00.000Z","is_complete":true},{"open":133.15,"high":133.17,"low":133.15,"close":133.17,"volume":148,"time":"2022-05-05T14:17:00.000Z","is_complete":true},{"open":133.17,"high":133.17,"low":133.08,"close":133.09,"volume":338,"time":"2022-05-05T14:18:00.000Z","is_complete":true},{"open":133.09,"high":133.17,"low":133.09,"close":133.09,"volume":588,"time":"2022-05-05T14:19:00.000Z","is_complete":true},{"open":133.11,"high":133.17,"low":133.1,"close":133.1,"volume":295,"time":"2022-05-05T14:20:00.000Z","is_complete":true},{"open":133.16,"high":133.17,"low":133.15,"close":133.15,"volume":144,"time":"2022-05-05T14:21:00.000Z","is_complete":true},{"open":133.15,"high":133.18,"low":133.12,"close":133.12,"volume":1357,"time":"2022-05-05T14:22:00.000Z","is_complete":true},{"open":133.18,"high":133.18,"low":133.13,"close":133.18,"volume":544,"time":"2022-05-05T14:23:00.000Z","is_complete":true},{"open":133.18,"high":133.19,"low":133.18,"close":133.18,"volume":409,"time":"2022-05-05T14:24:00.000Z","is_complete":true},{"open":133.19,"high":133.29,"low":133.04,"close":133.18,"volume":2998,"time":"2022-05-05T14:25:00.000Z","is_complete":true},{"open":133.16,"high":133.2,"low":133.04,"close":133.04,"volume":2086,"time":"2022-05-05T14:26:00.000Z","is_complete":true},{"open":133.04,"high":133.07,"low":133.04,"close":133.04,"volume":1031,"time":"2022-05-05T14:27:00.000Z","is_complete":true},{"open":133.15,"high":133.19,"low":133.06,"close":133.07,"volume":194,"time":"2022-05-05T14:28:00.000Z","is_complete":true},{"open":133.18,"high":133.26,"low":133.1,"close":133.26,"volume":522,"time":"2022-05-05T14:29:00.000Z","is_complete":true},{"open":133.26,"high":133.3,"low":133.26,"close":133.27,"volume":332,"time":"2022-05-05T14:30:00.000Z","is_complete":true},{"open":133.27,"high":133.28,"low":133.1,"close":133.11,"volume":1362,"time":"2022-05-05T14:31:00.000Z","is_complete":true},{"open":133.1,"high":133.11,"low":133.1,"close":133.11,"volume":446,"time":"2022-05-05T14:32:00.000Z","is_complete":true},{"open":133.21,"high":133.25,"low":133.14,"close":133.15,"volume":535,"time":"2022-05-05T14:33:00.000Z","is_complete":true},{"open":133.24,"high":133.28,"low":133.18,"close":133.18,"volume":2732,"time":"2022-05-05T14:34:00.000Z","is_complete":true},{"open":133.19,"high":133.19,"low":133.18,"close":133.18,"volume":1549,"time":"2022-05-05T14:35:00.000Z","is_complete":true},{"open":133.19,"high":133.25,"low":133.19,"close":133.2,"volume":5275,"time":"2022-05-05T14:36:00.000Z","is_complete":true},{"open":133.25,"high":133.28,"low":133.21,"close":133.21,"volume":479,"time":"2022-05-05T14:37:00.000Z","is_complete":true},{"open":133.25,"high":133.28,"low":133.22,"close":133.27,"volume":552,"time":"2022-05-05T14:38:00.000Z","is_complete":true},{"open":133.28,"high":133.3,"low":133.19,"close":133.19,"volume":798,"time":"2022-05-05T14:39:00.000Z","is_complete":true},{"open":133.21,"high":133.21,"low":133.18,"close":133.18,"volume":1752,"time":"2022-05-05T14:40:00.000Z","is_complete":true},{"open":133.19,"high":133.19,"low":133.18,"close":133.18,"volume":3135,"time":"2022-05-05T14:41:00.000Z","is_complete":true},{"open":133.2,"high":133.2,"low":133.2,"close":133.2,"volume":11,"time":"2022-05-05T14:42:00.000Z","is_complete":true},{"open":133.19,"high":133.25,"low":132.9,"close":133.2,"volume":11468,"time":"2022-05-05T14:43:00.000Z","is_complete":true},{"open":133.11,"high":133.11,"low":133.11,"close":133.11,"volume":214,"time":"2022-05-05T14:44:00.000Z","is_complete":true},{"open":133.19,"high":133.23,"low":133,"close":133.03,"volume":5973,"time":"2022-05-05T14:45:00.000Z","is_complete":true},{"open":133.03,"high":133.11,"low":133.03,"close":133.11,"volume":359,"time":"2022-05-05T14:46:00.000Z","is_complete":true},{"open":133.11,"high":133.24,"low":132.87,"close":132.87,"volume":4002,"time":"2022-05-05T14:47:00.000Z","is_complete":true},{"open":132.88,"high":133,"low":132.88,"close":133,"volume":6916,"time":"2022-05-05T14:48:00.000Z","is_complete":true},{"open":133,"high":133.04,"low":132.87,"close":132.87,"volume":2753,"time":"2022-05-05T14:49:00.000Z","is_complete":true},{"open":132.93,"high":132.93,"low":132.88,"close":132.88,"volume":173,"time":"2022-05-05T14:50:00.000Z","is_complete":true},{"open":132.93,"high":133,"low":132.93,"close":133,"volume":230,"time":"2022-05-05T14:51:00.000Z","is_complete":true},{"open":133,"high":133.05,"low":132.95,"close":132.95,"volume":664,"time":"2022-05-05T14:52:00.000Z","is_complete":true},{"open":132.95,"high":132.95,"low":132.93,"close":132.95,"volume":563,"time":"2022-05-05T14:53:00.000Z","is_complete":true},{"open":132.94,"high":132.95,"low":132.94,"close":132.95,"volume":739,"time":"2022-05-05T14:54:00.000Z","is_complete":true},{"open":132.95,"high":132.95,"low":132.95,"close":132.95,"volume":648,"time":"2022-05-05T14:55:00.000Z","is_complete":true},{"open":132.95,"high":132.95,"low":132.87,"close":132.95,"volume":1439,"time":"2022-05-05T14:56:00.000Z","is_complete":true},{"open":132.9,"high":132.9,"low":132.87,"close":132.88,"volume":669,"time":"2022-05-05T14:57:00.000Z","is_complete":true},{"open":132.88,"high":132.9,"low":132.88,"close":132.88,"volume":572,"time":"2022-05-05T14:58:00.000Z","is_complete":true},{"open":132.89,"high":132.89,"low":132.87,"close":132.87,"volume":7156,"time":"2022-05-05T14:59:00.000Z","is_complete":true},{"open":132.87,"high":132.87,"low":132.71,"close":132.75,"volume":10193,"time":"2022-05-05T15:00:00.000Z","is_complete":true},{"open":132.72,"high":132.87,"low":132.71,"close":132.87,"volume":89,"time":"2022-05-05T15:01:00.000Z","is_complete":true},{"open":132.85,"high":132.85,"low":132.75,"close":132.85,"volume":629,"time":"2022-05-05T15:02:00.000Z","is_complete":true},{"open":132.75,"high":132.76,"low":132.75,"close":132.76,"volume":59,"time":"2022-05-05T15:03:00.000Z","is_complete":true},{"open":132.76,"high":132.99,"low":132.76,"close":132.76,"volume":2069,"time":"2022-05-05T15:04:00.000Z","is_complete":true},{"open":132.77,"high":132.9,"low":132.71,"close":132.75,"volume":6532,"time":"2022-05-05T15:05:00.000Z","is_complete":true},{"open":132.75,"high":132.75,"low":132.71,"close":132.71,"volume":1834,"time":"2022-05-05T15:06:00.000Z","is_complete":true},{"open":132.71,"high":132.71,"low":132.52,"close":132.68,"volume":5185,"time":"2022-05-05T15:07:00.000Z","is_complete":true},{"open":132.54,"high":132.67,"low":132.52,"close":132.53,"volume":1326,"time":"2022-05-05T15:08:00.000Z","is_complete":true},{"open":132.66,"high":132.69,"low":132.55,"close":132.57,"volume":222,"time":"2022-05-05T15:09:00.000Z","is_complete":true},{"open":132.57,"high":132.57,"low":132.54,"close":132.54,"volume":304,"time":"2022-05-05T15:10:00.000Z","is_complete":true},{"open":132.67,"high":132.68,"low":132.52,"close":132.68,"volume":6718,"time":"2022-05-05T15:11:00.000Z","is_complete":true},{"open":132.56,"high":132.56,"low":132.45,"close":132.5,"volume":2331,"time":"2022-05-05T15:12:00.000Z","is_complete":true},{"open":132.5,"high":132.59,"low":132.45,"close":132.45,"volume":525,"time":"2022-05-05T15:13:00.000Z","is_complete":true},{"open":132.45,"high":132.55,"low":132.45,"close":132.5,"volume":444,"time":"2022-05-05T15:14:00.000Z","is_complete":true},{"open":132.52,"high":132.54,"low":132.51,"close":132.51,"volume":24,"time":"2022-05-05T15:15:00.000Z","is_complete":true},{"open":132.52,"high":132.69,"low":132.45,"close":132.6,"volume":5523,"time":"2022-05-05T15:16:00.000Z","is_complete":true},{"open":132.48,"high":132.6,"low":132.45,"close":132.45,"volume":2033,"time":"2022-05-05T15:17:00.000Z","is_complete":true},{"open":132.49,"high":132.57,"low":132.45,"close":132.48,"volume":1255,"time":"2022-05-05T15:18:00.000Z","is_complete":true},{"open":132.5,"high":132.5,"low":132.5,"close":132.5,"volume":5,"time":"2022-05-05T15:19:00.000Z","is_complete":true},{"open":132.57,"high":132.57,"low":132.57,"close":132.57,"volume":737,"time":"2022-05-05T15:20:00.000Z","is_complete":true},{"open":132.58,"high":132.63,"low":132.45,"close":132.47,"volume":19120,"time":"2022-05-05T15:21:00.000Z","is_complete":true},{"open":132.47,"high":132.62,"low":132.47,"close":132.58,"volume":2361,"time":"2022-05-05T15:22:00.000Z","is_complete":true},{"open":132.55,"high":132.55,"low":132.49,"close":132.51,"volume":1125,"time":"2022-05-05T15:23:00.000Z","is_complete":true},{"open":132.49,"high":132.51,"low":132.49,"close":132.51,"volume":104,"time":"2022-05-05T15:24:00.000Z","is_complete":true},{"open":132.51,"high":132.6,"low":132.5,"close":132.6,"volume":381,"time":"2022-05-05T15:25:00.000Z","is_complete":true},{"open":132.62,"high":132.95,"low":132.62,"close":132.85,"volume":13645,"time":"2022-05-05T15:26:00.000Z","is_complete":true},{"open":132.85,"high":132.95,"low":132.6,"close":132.79,"volume":2418,"time":"2022-05-05T15:27:00.000Z","is_complete":true},{"open":132.77,"high":132.8,"low":132.61,"close":132.8,"volume":130,"time":"2022-05-05T15:28:00.000Z","is_complete":true},{"open":132.8,"high":132.8,"low":132.65,"close":132.77,"volume":518,"time":"2022-05-05T15:29:00.000Z","is_complete":true},{"open":132.75,"high":132.75,"low":132.7,"close":132.7,"volume":200,"time":"2022-05-05T15:30:00.000Z","is_complete":true},{"open":132.77,"high":132.94,"low":132.72,"close":132.94,"volume":2877,"time":"2022-05-05T15:31:00.000Z","is_complete":true},{"open":132.8,"high":132.99,"low":132.78,"close":132.98,"volume":2013,"time":"2022-05-05T15:32:00.000Z","is_complete":true},{"open":132.95,"high":132.95,"low":132.63,"close":132.7,"volume":5294,"time":"2022-05-05T15:33:00.000Z","is_complete":true},{"open":132.64,"high":132.8,"low":132.63,"close":132.8,"volume":1207,"time":"2022-05-05T15:34:00.000Z","is_complete":true},{"open":132.8,"high":132.87,"low":132.64,"close":132.7,"volume":4409,"time":"2022-05-05T15:35:00.000Z","is_complete":true},{"open":132.64,"high":133,"low":132.64,"close":132.84,"volume":11742,"time":"2022-05-05T15:36:00.000Z","is_complete":true},{"open":132.75,"high":133,"low":132.74,"close":133,"volume":3127,"time":"2022-05-05T15:37:00.000Z","is_complete":true},{"open":133,"high":133.41,"low":133,"close":133.04,"volume":14079,"time":"2022-05-05T15:38:00.000Z","is_complete":true},{"open":133.04,"high":133.3,"low":133.03,"close":133.08,"volume":7852,"time":"2022-05-05T15:39:00.000Z","is_complete":true},{"open":133.04,"high":133.04,"low":133.04,"close":133.04,"volume":11109,"time":"2022-05-05T15:45:00.000Z","is_complete":true},{"open":133.04,"high":133.04,"low":133.04,"close":133.04,"volume":1442,"time":"2022-05-05T15:46:00.000Z","is_complete":true},{"open":133.04,"high":133.04,"low":133.04,"close":133.04,"volume":1112,"time":"2022-05-05T15:47:00.000Z","is_complete":true},{"open":133.04,"high":133.04,"low":133.04,"close":133.04,"volume":110,"time":"2022-05-05T15:48:00.000Z","is_complete":true},{"open":133.04,"high":133.04,"low":133.04,"close":133.04,"volume":110,"time":"2022-05-05T15:49:00.000Z","is_complete":true}]}