{"candles":[{"open":132.99,"high":134.9,"low":132.54,"close":134,"volume":42799,"time":"2022-05-04T07:00:00.000Z","is_complete":true},{"open":133.57,"high":134.43,"low":133.03,"close":134.32,"volume":21534,"time":"2022-05-04T07:01:00.000Z","is_complete":true},{"open":134.41,"high":134.49,"low":133.64,"close":133.64,"volume":11955,"time":"2022-05-04T07:02:00.000Z","is_complete":true},{"open":134.1,"high":134.3,"low":133.11,"close":134.25,"volume":19229,"time":"2022-05-04T07:03:00.000Z","is_complete":true},{"open":134.03,"high":134.6,"low":134.03,"close":134.59,"volume":13309,"time":"2022-05-04T07:04:00.000Z","is_complete":true},{"open":134.58,"high":134.6,"low":133.46,"close":133.6,"volume":25336,"time":"2022-05-04T07:05:00.000Z","is_complete":true},{"open":133.8,"high":134.01,"low":132.83,"close":133.67,"volume":31667,"time":"2022-05-04T07:06:00.000Z","is_complete":true},{"open":133.57,"high":133.65,"low":132.15,"close":132.4,"volume":22716,"time":"2022-05-04T07:07:00.000Z","is_complete":true},{"open":132.33,"high":132.94,"low":132,"close":132.82,"volume":53491,"time":"2022-05-04T07:08:00.000Z","is_complete":true},{"open":132.2,"high":132.9,"low":132.2,"close":132.5,"volume":12736,"time":"2022-05-04T07:09:00.000Z","is_complete":true},{"open":132.68,"high":132.8,"low":131.62,"close":132.4,"volume":38602,"time":"2022-05-04T07:10:00.000Z","is_complete":true},{"open":132.3,"high":132.3,"low":130.71,"close":130.93,"volume":25729,"time":"2022-05-04T07:11:00.000Z","is_complete":true},{"open":131,"high":131,"low":128.2,"close":129.62,"volume":93463,"time":"2022-05-04T07:12:00.000Z","is_complete":true},{"open":129.3,"high":129.97,"low":128.55,"close":129.96,"volume":82262,"time":"2022-05-04T07:13:00.000Z","is_complete":true},{"open":129.86,"high":130.48,"low":129.86,"close":130.26,"volume":20465,"time":"2022-05-04T07:14:00.000Z","is_complete":true},{"open":130.11,"high":130.4,"low":129.81,"close":130.4,"volume":26848,"time":"2022-05-04T07:15:00.000Z","is_complete":true},{"open":130.4,"high":131.47,"low":130,"close":131.47,"volume":27335,"time":"2022-05-04T07:16:00.000Z","is_complete":true},{"open":131.47,"high":132.2,"low":131.44,"close":131.65,"volume":24169,"time":"2022-05-04T07:17:00.000Z","is_complete":true},{"open":131.64,"high":131.65,"low":131.1,"close":131.31,"volume":13335,"time":"2022-05-04T07:18:00.000Z","is_complete":true},{"open":131.48,"high":131.5,"low":129.92,"close":130.2,"volume":63494,"time":"2022-05-04T07:19:00.000Z","is_complete":true},{"open":130.09,"high":130.79,"low":130.08,"close":130.79,"volume":4541,"time":"2022-05-04T07:20:00.000Z","is_complete":true},{"open":130.77,"high":130.99,"low":130.7,"close":130.9,"volume":4504,"time":"2022-05-04T07:21:00.000Z","is_complete":true},{"open":130.97,"high":131.59,"low":130.9,"close":131.55,"volume":104051,"time":"2022-05-04T07:22:00.000Z","is_complete":true},{"open":131.5,"high":131.65,"low":131.1,"close":131.34,"volume":9506,"time":"2022-05-04T07:23:00.000Z","is_complete":true},{"open":131.32,"high":131.49,"low":130.9,"close":131.41,"volume":12689,"time":"2022-05-04T07:24:00.000Z","is_complete":true},{"open":131.3,"high":131.41,"low":131.01,"close":131.18,"volume":3588,"time":"2022-05-04T07:25:00.000Z","is_complete":true},{"open":131.1,"high":131.34,"low":131.01,"close":131.34,"volume":2017,"time":"2022-05-04T07:26:00.000Z","is_complete":true},{"open":131.29,"high":131.34,"low":131.01,"close":131.1,"volume":3028,"time":"2022-05-04T07:27:00.000Z","is_complete":true},{"open":131.25,"high":131.29,"low":131,"close":131.24,"volume":4292,"time":"2022-05-04T07:28:00.000Z","is_complete":true},{"open":131.25,"high":131.84,"low":131.25,"close":131.73,"volume":17498,"time":"2022-05-04T07:29:00.000Z","is_complete":true},{"open":131.6,"high":132,"low":131.1,"close":131.79,"volume":17496,"time":"2022-05-04T07:30:00.000Z","is_complete":true},{"open":131.51,"high":131.58,"low":131.29,"close":131.29,"volume":3002,"time":"2022-05-04T07:31:00.000Z","is_complete":true},{"open":131.37,"high":131.64,"low":131.37,"close":131.64,"volume":2627,"time":"2022-05-04T07:32:00.000Z","is_complete":true},{"open":131.66,"high":131.8,"low":131.25,"close":131.52,"volume":7015,"time":"2022-05-04T07:33:00.000Z","is_complete":true},{"open":131.49,"high":131.5,"low":131.23,"close":131.44,"volume":876,"time":"2022-05-04T07:34:00.000Z","is_complete":true},{"open":131.44,"high":131.44,"low":130.86,"close":131.1,"volume":11198,"time":"2022-05-04T07:35:00.000Z","is_complete":true},{"open":130.95,"high":131.11,"low":130.51,"close":130.51,"volume":14178,"time":"2022-05-04T07:36:00.000Z","is_complete":true},{"open":130.53,"high":131,"low":130.25,"close":130.27,"volume":9000,"time":"2022-05-04T07:37:00.000Z","is_complete":true},{"open":130.5,"high":130.89,"low":130,"close":130.21,"volume":12781,"time":"2022-05-04T07:38:00.000Z","is_complete":true},{"open":130.1,"high":130.33,"low":130.01,"close":130.2,"volume":4475,"time":"2022-05-04T07:39:00.000Z","is_complete":true},{"open":130.2,"high":130.31,"low":129.94,"close":130.2,"volume":12896,"time":"2022-05-04T07:40:00.000Z","is_complete":true},{"open":130.1,"high":130.23,"low":129.49,"close":129.5,"volume":16498,"time":"2022-05-04T07:41:00.000Z","is_complete":true},{"open":129.49,"high":130.19,"low":129.47,"close":130.19,"volume":15159,"time":"2022-05-04T07:42:00.000Z","is_complete":true},{"open":130.07,"high":130.37,"low":130,"close":130.37,"volume":11734,"time":"2022-05-04T07:43:00.000Z","is_complete":true},{"open":130.37,"high":130.47,"low":130.22,"close":130.46,"volume":8350,"time":"2022-05-04T07:44:00.000Z","is_complete":true},{"open":130.2,"high":130.67,"low":130,"close":130.35,"volume":20088,"time":"2022-05-04T07:45:00.000Z","is_complete":true},{"open":130.3,"high":130.88,"low":130.19,"close":130.7,"volume":27651,"time":"2022-05-04T07:46:00.000Z","is_complete":true},{"open":130.64,"high":130.9,"low":130.12,"close":130.24,"volume":33419,"time":"2022-05-04T07:47:00.000Z","is_complete":true},{"open":130.39,"high":130.63,"low":130.17,"close":130.39,"volume":3082,"time":"2022-05-04T07:48:00.000Z","is_complete":true},{"open":130.16,"high":130.35,"low":130.09,"close":130.1,"volume":1499,"time":"2022-05-04T07:49:00.000Z","is_complete":true},{"open":130.09,"high":130.16,"low":129.75,"close":129.76,"volume":55070,"time":"2022-05-04T07:50:00.000Z","is_complete":true},{"open":129.9,"high":130.5,"low":129.81,"close":130.1,"volume":9059,"time":"2022-05-04T07:51:00.000Z","is_complete":true},{"open":130.36,"high":130.4,"low":130.1,"close":130.11,"volume":3086,"time":"2022-05-04T07:52:00.000Z","is_complete":true},{"open":130.11,"high":130.11,"low":130.1,"close":130.11,"volume":3832,"time":"2022-05-04T07:53:00.000Z","is_complete":true},{"open":130.14,"high":130.29,"low":129.95,"close":130,"volume":415,"time":"2022-05-04T07:54:00.000Z","is_complete":true},{"open":130,"high":130.2,"low":130,"close":130.18,"volume":2097,"time":"2022-05-04T07:55:00.000Z","is_complete":true},{"open":130.18,"high":130.3,"low":130.08,"close":130.2,"volume":2029,"time":"2022-05-04T07:56:00.000Z","is_complete":true},{"open":130.2,"high":130.2,"low":130.03,"close":130.19,"volume":836,"time":"2022-05-04T07:57:00.000Z","is_complete":true},{"open":130.18,"high":130.3,"low":130.02,"close":130.3,"volume":2367,"time":"2022-05-04T07:58:00.000Z","is_complete":true},{"open":130.29,"high":130.53,"low":130.2,"close":130.49,"volume":2604,"time":"2022-05-04T07:59:00.000Z","is_complete":true},{"open":130.48,"high":130.54,"low":129.75,"close":130.15,"volume":21793,"time":"2022-05-04T08:00:00.000Z","is_complete":true},{"open":130.14,"high":130.29,"low":130.01,"close":130.01,"volume":3404,"time":"2022-05-04T08:01:00.000Z","is_complete":true},{"open":130.18,"high":130.3,"low":129.9,"close":130.2,"volume":10629,"time":"2022-05-04T08:02:00.000Z","is_complete":true},{"open":130.24,"high":130.54,"low":130.2,"close":130.54,"volume":14198,"time":"2022-05-04T08:03:00.000Z","is_complete":true},{"open":130.54,"high":130.67,"low":130.2,"close":130.2,"volume":5694,"time":"2022-05-04T08:04:00.000Z","is_complete":true},{"open":130.37,"high":130.5,"low":130.2,"close":130.26,"volume":4182,"time":"2022-05-04T08:05:00.000Z","is_complete":true},{"open":130.43,"high":130.59,"low":130.24,"close":130.28,"volume":3389,"time":"2022-05-04T08:06:00.000Z","is_complete":true},{"open":130.3,"high":130.3,"low":130.23,"close":130.3,"volume":958,"time":"2022-05-04T08:07:00.000Z","is_complete":true},{"open":130.3,"high":130.49,"low":130.3,"close":130.3,"volume":555,"time":"2022-05-04T08:08:00.000Z","is_complete":true},{"open":130.3,"high":130.5,"low":130.26,"close":130.5,"volume":2247,"time":"2022-05-04T08:09:00.000Z","is_complete":true},{"open":130.5,"high":130.5,"low":130.26,"close":130.44,"volume":1516,"time":"2022-05-04T08:10:00.000Z","is_complete":true},{"open":130.45,"high":130.64,"low":130.11,"close":130.11,"volume":2286,"time":"2022-05-04T08:11:00.000Z","is_complete":true},{"open":130,"high":130.34,"low":129.77,"close":130.29,"volume":13928,"time":"2022-05-04T08:12:00.000Z","is_complete":true},{"open":130.29,"high":130.45,"low":130.2,"close":130.21,"volume":2502,"time":"2022-05-04T08:13:00.000Z","is_complete":true},{"open":130.2,"high":130.46,"low":130.05,"close":130.2,"volume":2874,"time":"2022-05-04T08:14:00.000Z","is_complete":true},{"open":130.2,"high":130.47,"low":130.2,"close":130.44,"volume":1859,"time":"2022-05-04T08:15:00.000Z","is_complete":true},{"open":130.39,"high":130.43,"low":130,"close":130,"volume":7581,"time":"2022-05-04T08:17:00.000Z","is_complete":true},{"open":130.1,"high":130.1,"low":129.51,"close":130,"volume":9315,"time":"2022-05-04T08:18:00.000Z","is_complete":true},{"open":129.85,"high":130.06,"low":129.85,"close":130,"volume":3764,"time":"2022-05-04T08:19:00.000Z","is_complete":true},{"open":130.01,"high":130.02,"low":129.57,"close":129.6,"volume":4722,"time":"2022-05-04T08:20:00.000Z","is_complete":true},{"open":129.6,"high":129.84,"low":129.6,"close":129.77,"volume":1757,"time":"2022-05-04T08:21:00.000Z","is_complete":true},{"open":129.77,"high":129.77,"low":129.62,"close":129.74,"volume":547,"time":"2022-05-04T08:22:00.000Z","is_complete":true},{"open":129.74,"high":129.78,"low":129.74,"close":129.78,"volume":185,"time":"2022-05-04T08:23:00.000Z","is_complete":true},{"open":129.78,"high":129.78,"low":129.7,"close":129.78,"volume":655,"time":"2022-05-04T08:24:00.000Z","is_complete":true},{"open":129.78,"high":130,"low":129.78,"close":129.78,"volume":294,"time":"2022-05-04T08:25:00.000Z","is_complete":true},{"open":129.76,"high":129.77,"low":129.51,"close":129.51,"volume":339,"time":"2022-05-04T08:26:00.000Z","is_complete":true},{"open":129.69,"high":129.69,"low":129.45,"close":129.48,"volume":5500,"time":"2022-05-04T08:27:00.000Z","is_complete":true},{"open":129.48,"high":129.5,"low":129.3,"close":129.34,"volume":3244,"time":"2022-05-04T08:28:00.000Z","is_complete":true},{"open":129.32,"high":129.33,"low":129.12,"close":129.14,"volume":3807,"time":"2022-05-04T08:29:00.000Z","is_complete":true},{"open":129.14,"high":129.29,"low":129.11,"close":129.11,"volume":9488,"time":"2022-05-04T08:30:00.000Z","is_complete":true},{"open":129.26,"high":129.26,"low":129.11,"close":129.2,"volume":8486,"time":"2022-05-04T08:31:00.000Z","is_complete":true},{"open":129.11,"high":129.29,"low":129.11,"close":129.12,"volume":2386,"time":"2022-05-04T08:32:00.000Z","is_complete":true},{"open":129.14,"high":129.28,"low":129.11,"close":129.15,"volume":1763,"time":"2022-05-04T08:33:00.000Z","is_complete":true},{"open":129.16,"high":129.27,"low":129.11,"close":129.15,"volume":10833,"time":"2022-05-04T08:34:00.000Z","is_complete":true},{"open":129.2,"high":129.3,"low":129.12,"close":129.3,"volume":1524,"time":"2022-05-04T08:35:00.000Z","is_complete":true},{"open":129.27,"high":129.28,"low":129.21,"close":129.28,"volume":286,"time":"2022-05-04T08:36:00.000Z","is_complete":true},{"open":129.28,"high":129.5,"low":129.24,"close":129.4,"volume":2231,"time":"2022-05-04T08:37:00.000Z","is_complete":true},{"open":129.4,"high":129.48,"low":129.4,"close":129.44,"volume":1397,"time":"2022-05-04T08:38:00.000Z","is_complete":true},{"open":129.44,"high":129.48,"low":129.4,"close":129.48,"volume":641,"time":"2022-05-04T08:39:00.000Z","is_complete":true},{"open":129.48,"high":129.57,"low":129.29,"close":129.33,"volume":2336,"time":"2022-05-04T08:40:00.000Z","is_complete":true},{"open":129.35,"high":129.4,"low":129.28,"close":129.4,"volume":2126,"time":"2022-05-04T08:41:00.000Z","is_complete":true},{"open":129.45,"high":129.67,"low":129.42,"close":129.42,"volume":1096,"time":"2022-05-04T08:42:00.000Z","is_complete":true},{"open":129.44,"high":129.68,"low":129.44,"close":129.68,"volume":775,"time":"2022-05-04T08:43:00.000Z","is_complete":true},{"open":129.48,"high":129.61,"low":129.11,"close":129.5,"volume":14743,"time":"2022-05-04T08:44:00.000Z","is_complete":true},{"open":129.47,"high":129.61,"low":129.25,"close":129.61,"volume":379,"time":"2022-05-04T08:45:00.000Z","is_complete":true},{"open":129.41,"high":129.41,"low":129.25,"close":129.29,"volume":3110,"time":"2022-05-04T08:46:00.000Z","is_complete":true},{"open":129.29,"high":129.74,"low":129.21,"close":129.72,"volume":12854,"time":"2022-05-04T08:47:00.000Z","is_complete":true},{"open":129.73,"high":129.94,"low":129.3,"close":129.66,"volume":7484,"time":"2022-05-04T08:48:00.000Z","is_complete":true},{"open":129.5,"high":131.3,"low":129.2,"close":129.89,"volume":46163,"time":"2022-05-04T08:49:00.000Z","is_complete":true},{"open":129.87,"high":129.97,"low":129.56,"close":129.56,"volume":2623,"time":"2022-05-04T08:50:00.000Z","is_complete":true},{"open":129.64,"high":129.68,"low":129.4,"close":129.68,"volume":6405,"time":"2022-05-04T08:51:00.000Z","is_complete":true},{"open":129.66,"high":129.66,"low":129.45,"close":129.62,"volume":114,"time":"2022-05-04T08:52:00.000Z","is_complete":true},{"open":129.51,"high":129.91,"low":129.48,"close":129.91,"volume":5193,"time":"2022-05-04T08:53:00.000Z","is_complete":true},{"open":129.9,"high":130.34,"low":129.9,"close":130.34,"volume":1493,"time":"2022-05-04T08:54:00.000Z","is_complete":true},{"open":130.23,"high":130.5,"low":130.1,"close":130.42,"volume":7318,"time":"2022-05-04T08:55:00.000Z","is_complete":true},{"open":130.36,"high":130.39,"low":130,"close":130.37,"volume":1313,"time":"2022-05-04T08:56:00.000Z","is_complete":true},{"open":130.11,"high":130.11,"low":130.04,"close":130.07,"volume":582,"time":"2022-05-04T08:57:00.000Z","is_complete":true},{"open":130.07,"high":130.57,"low":129.7,"close":130.16,"volume":7955,"time":"2022-05-04T08:58:00.000Z","is_complete":true},{"open":130.15,"high":130.3,"low":130.1,"close":130.1,"volume":579,"time":"2022-05-04T08:59:00.000Z","is_complete":true},{"open":130.1,"high":130.21,"low":130,"close":130,"volume":2510,"time":"2022-05-04T09:00:00.000Z","is_complete":true},{"open":130,"high":130.15,"low":130,"close":130.01,"volume":1041,"time":"2022-05-04T09:01:00.000Z","is_complete":true},{"open":130.12,"high":130.12,"low":130.1,"close":130.11,"volume":5,"time":"2022-05-04T09:02:00.000Z","is_complete":true},{"open":130.02,"high":130.41,"low":130,"close":130.16,"volume":2876,"time":"2022-05-04T09:03:00.000Z","is_complete":true},{"open":130.4,"high":130.45,"low":130.23,"close":130.39,"volume":1615,"time":"2022-05-04T09:04:00.000Z","is_complete":true},{"open":130.39,"high":130.99,"low":130.1,"close":130.32,"volume":38791,"time":"2022-05-04T09:05:00.000Z","is_complete":true},{"open":130.2,"high":130.2,"low":129.7,"close":130.18,"volume":25000,"time":"2022-05-04T09:06:00.000Z","is_complete":true},{"open":130.18,"high":130.18,"low":129.9,"close":130,"volume":138,"time":"2022-05-04T09:07:00.000Z","is_complete":true},{"open":129.87,"high":130,"low":129.83,"close":129.83,"volume":83,"time":"2022-05-04T09:08:00.000Z","is_complete":true},{"open":129.81,"high":129.95,"low":129.71,"close":129.92,"volume":183,"time":"2022-05-04T09:09:00.000Z","is_complete":true},{"open":129.72,"high":129.83,"low":129.5,"close":129.7,"volume":10975,"time":"2022-05-04T09:10:00.000Z","is_complete":true},{"open":129.75,"high":129.78,"low":129.5,"close":129.7,"volume":1841,"time":"2022-05-04T09:11:00.000Z","is_complete":true},{"open":129.53,"high":129.57,"low":129.11,"close":129.33,"volume":18679,"time":"2022-05-04T09:12:00.000Z","is_complete":true},{"open":129.33,"high":129.51,"low":129.22,"close":129.26,"volume":915,"time":"2022-05-04T09:13:00.000Z","is_complete":true},{"open":129.43,"high":129.5,"low":129.26,"close":129.32,"volume":1749,"time":"2022-05-04T09:14:00.000Z","is_complete":true},{"open":129.48,"high":129.48,"low":129.11,"close":129.37,"volume":8358,"time":"2022-05-04T09:15:00.000Z","is_complete":true},{"open":129.36,"high":129.36,"low":129.2,"close":129.2,"volume":149,"time":"2022-05-04T09:16:00.000Z","is_complete":true},{"open":129.21,"high":129.42,"low":129.21,"close":129.34,"volume":4256,"time":"2022-05-04T09:17:00.000Z","is_complete":true},{"open":129.33,"high":129.34,"low":129.22,"close":129.22,"volume":47,"time":"2022-05-04T09:18:00.000Z","is_complete":true},{"open":129.23,"high":129.49,"low":129.23,"close":129.44,"volume":3048,"time":"2022-05-04T09:19:00.000Z","is_complete":true},{"open":129.49,"high":129.6,"low":129.44,"close":129.6,"volume":805,"time":"2022-05-04T09:20:00.000Z","is_complete":true},{"open":129.7,"high":129.73,"low":129.59,"close":129.59,"volume":550,"time":"2022-05-04T09:21:00.000Z","is_complete":true},{"open":129.54,"high":129.58,"low":129.3,"close":129.52,"volume":2886,"time":"2022-05-04T09:22:00.000Z","is_complete":true},{"open":129.5,"high":129.68,"low":129.3,"close":129.68,"volume":618,"time":"2022-05-04T09:23:00.000Z","is_complete":true},{"open":129.68,"high":129.87,"low":129.68,"close":129.84,"volume":5455,"time":"2022-05-04T09:24:00.000Z","is_complete":true},{"open":129.89,"high":129.89,"low":129.75,"close":129.88,"volume":1222,"time":"2022-05-04T09:25:00.000Z","is_complete":true},{"open":129.88,"high":130.09,"low":129.88,"close":130.09,"volume":2160,"time":"2022-05-04T09:26:00.000Z","is_complete":true},{"open":130.09,"high":130.1,"low":129.76,"close":129.8,"volume":362,"time":"2022-05-04T09:27:00.000Z","is_complete":true},{"open":129.88,"high":130.09,"low":129.87,"close":130.09,"volume":2188,"time":"2022-05-04T09:28:00.000Z","is_complete":true},{"open":130.05,"high":130.09,"low":129.82,"close":130.05,"volume":1863,"time":"2022-05-04T09:29:00.000Z","is_complete":true},{"open":129.91,"high":130.04,"low":129.81,"close":130.04,"volume":207,"time":"2022-05-04T09:30:00.000Z","is_complete":true},{"open":129.9,"high":130,"low":129.9,"close":130,"volume":18,"time":"2022-05-04T09:31:00.000Z","is_complete":true},{"open":129.89,"high":129.89,"low":129.82,"close":129.83,"volume":84,"time":"2022-05-04T09:32:00.000Z","is_complete":true},{"open":129.96,"high":129.96,"low":129.82,"close":129.93,"volume":102,"time":"2022-05-04T09:33:00.000Z","is_complete":true},{"open":129.93,"high":129.93,"low":129.76,"close":129.76,"volume":268,"time":"2022-05-04T09:34:00.000Z","is_complete":true},{"open":129.75,"high":129.75,"low":129.56,"close":129.56,"volume":465,"time":"2022-05-04T09:35:00.000Z","is_complete":true},{"open":129.57,"high":129.75,"low":129.56,"close":129.6,"volume":106,"time":"2022-05-04T09:36:00.000Z","is_complete":true},{"open":129.54,"high":129.59,"low":129.5,"close":129.59,"volume":832,"time":"2022-05-04T09:37:00.000Z","is_complete":true},{"open":129.59,"high":129.69,"low":129.5,"close":129.69,"volume":1070,"time":"2022-05-04T09:39:00.000Z","is_complete":true},{"open":129.52,"high":129.69,"low":129.41,"close":129.63,"volume":1576,"time":"2022-05-04T09:40:00.000Z","is_complete":true},{"open":129.49,"high":129.5,"low":129.49,"close":129.5,"volume":501,"time":"2022-05-04T09:41:00.000Z","is_complete":true},{"open":129.43,"high":129.43,"low":129.41,"close":129.41,"volume":272,"time":"2022-05-04T09:42:00.000Z","is_complete":true},{"open":129.44,"high":129.58,"low":129.32,"close":129.32,"volume":2441,"time":"2022-05-04T09:43:00.000Z","is_complete":true},{"open":129.41,"high":129.56,"low":129.41,"close":129.56,"volume":12,"time":"2022-05-04T09:44:00.000Z","is_complete":true},{"open":129.55,"high":129.57,"low":129.55,"close":129.55,"volume":620,"time":"2022-05-04T09:45:00.000Z","is_complete":true},{"open":129.6,"high":129.69,"low":129.55,"close":129.55,"volume":291,"time":"2022-05-04T09:46:00.000Z","is_complete":true},{"open":129.5,"high":129.59,"low":129.35,"close":129.5,"volume":150,"time":"2022-05-04T09:47:00.000Z","is_complete":true},{"open":129.35,"high":129.52,"low":129.34,"close":129.52,"volume":74,"time":"2022-05-04T09:48:00.000Z","is_complete":true},{"open":129.52,"high":130.03,"low":129.52,"close":130.01,"volume":25088,"time":"2022-05-04T09:49:00.000Z","is_complete":true},{"open":130.03,"high":130.03,"low":130,"close":130,"volume":6085,"time":"2022-05-04T09:50:00.000Z","is_complete":true},{"open":130.02,"high":130.03,"low":129.65,"close":129.65,"volume":3129,"time":"2022-05-04T09:51:00.000Z","is_complete":true},{"open":129.65,"high":129.99,"low":129.65,"close":129.99,"volume":47,"time":"2022-05-04T09:52:00.000Z","is_complete":true},{"open":129.97,"high":129.97,"low":129.75,"close":129.75,"volume":42,"time":"2022-05-04T09:53:00.000Z","is_complete":true},{"open":129.74,"high":129.93,"low":129.55,"close":129.55,"volume":3506,"time":"2022-05-04T09:54:00.000Z","is_complete":true},{"open":129.8,"high":129.84,"low":129.55,"close":129.64,"volume":16,"time":"2022-05-04T09:55:00.000Z","is_complete":true},{"open":129.81,"high":129.84,"low":129.81,"close":129.84,"volume":6,"time":"2022-05-04T09:56:00.000Z","is_complete":true},{"open":129.89,"high":129.89,"low":129.83,"close":129.83,"volume":9,"time":"2022-05-04T09:57:00.000Z","is_complete":true},{"open":129.8,"high":129.9,"low":129.8,"close":129.9,"volume":170,"time":"2022-05-04T09:58:00.000Z","is_complete":true},{"open":129.91,"high":129.91,"low":129.9,"close":129.9,"volume":146,"time":"2022-05-04T09:59:00.000Z","is_complete":true},{"open":129.9,"high":130.03,"low":129.8,"close":130.03,"volume":2952,"time":"2022-05-04T10:00:00.000Z","is_complete":true},{"open":130.01,"high":130.17,"low":130,"close":130.14,"volume":4197,"time":"2022-05-04T10:01:00.000Z","is_complete":true},{"open":130.16,"high":130.16,"low":130,"close":130,"volume":112,"time":"2022-05-04T10:02:00.000Z","is_complete":true},{"open":130,"high":130,"low":129.81,"close":129.83,"volume":111,"time":"2022-05-04T10:03:00.000Z","is_complete":true},{"open":129.82,"high":130,"low":129.82,"close":129.99,"volume":215,"time":"2022-05-04T10:04:00.000Z","is_complete":true},{"open":129.84,"high":129.96,"low":129.84,"close":129.85,"volume":5,"time":"2022-05-04T10:05:00.000Z","is_complete":true},{"open":129.84,"high":129.96,"low":129.62,"close":129.62,"volume":900,"time":"2022-05-04T10:06:00.000Z","is_complete":true},{"open":129.7,"high":129.7,"low":129.7,"close":129.7,"volume":2,"time":"2022-05-04T10:07:00.000Z","is_complete":true},{"open":129.78,"high":130.4,"low":129.78,"close":130.2,"volume":5583,"time":"2022-05-04T10:08:00.000Z","is_complete":true},{"open":130.39,"high":130.39,"low":130.2,"close":130.34,"volume":57,"time":"2022-05-04T10:09:00.000Z","is_complete":true},{"open":130.35,"high":130.35,"low":130.2,"close":130.33,"volume":43,"time":"2022-05-04T10:10:00.000Z","is_complete":true},{"open":130.2,"high":130.22,"low":129.66,"close":130.1,"volume":1756,"time":"2022-05-04T10:11:00.000Z","is_complete":true},{"open":130.1,"high":130.1,"low":130.06,"close":130.06,"volume":50,"time":"2022-05-04T10:12:00.000Z","is_complete":true},{"open":130.18,"high":130.2,"low":130.18,"close":130.2,"volume":800,"time":"2022-05-04T10:13:00.000Z","is_complete":true},{"open":130.19,"high":130.19,"low":129.91,"close":129.91,"volume":413,"time":"2022-05-04T10:14:00.000Z","is_complete":true},{"open":129.94,"high":130.17,"low":129.94,"close":130.17,"volume":64,"time":"2022-05-04T10:15:00.000Z","is_complete":true},{"open":130.17,"high":130.17,"low":129.9,"close":130.1,"volume":972,"time":"2022-05-04T10:16:00.000Z","is_complete":true},{"open":130.09,"high":130.09,"low":130.08,"close":130.08,"volume":3,"time":"2022-05-04T10:17:00.000Z","is_complete":true},{"open":130.08,"high":130.08,"low":130.08,"close":130.08,"volume":2,"time":"2022-05-04T10:18:00.000Z","is_complete":true},{"open":130,"high":130,"low":130,"close":130,"volume":67,"time":"2022-05-04T10:19:00.000Z","is_complete":true},{"open":130,"high":130,"low":130,"close":130,"volume":31,"time":"2022-05-04T10:20:00.000Z","is_complete":true},{"open":129.99,"high":130,"low":129.99,"close":130,"volume":734,"time":"2022-05-04T10:21:00.000Z","is_complete":true},{"open":130,"high":130,"low":130,"close":130,"volume":4,"time":"2022-05-04T10:22:00.000Z","is_complete":true},{"open":130,"high":130,"low":129.88,"close":129.88,"volume":456,"time":"2022-05-04T10:23:00.000Z","is_complete":true},{"open":129.88,"high":130,"low":129.88,"close":130,"volume":5,"time":"2022-05-04T10:24:00.000Z","is_complete":true},{"open":129.99,"high":130,"low":129.99,"close":130,"volume":543,"time":"2022-05-04T10:25:00.000Z","is_complete":true},{"open":129.99,"high":129.99,"low":129.88,"close":129.99,"volume":280,"time":"2022-05-04T10:26:00.000Z","is_complete":true},{"open":129.99,"high":130.09,"low":129.89,"close":130.09,"volume":2574,"time":"2022-05-04T10:27:00.000Z","is_complete":true},{"open":130,"high":130.09,"low":129.79,"close":130.02,"volume":4030,"time":"2022-05-04T10:28:00.000Z","is_complete":true},{"open":130,"high":130,"low":129.73,"close":129.73,"volume":551,"time":"2022-05-04T10:29:00.000Z","is_complete":true},{"open":129.75,"high":129.83,"low":129.56,"close":129.82,"volume":6225,"time":"2022-05-04T10:30:00.000Z","is_complete":true},{"open":129.61,"high":129.82,"low":129.6,"close":129.71,"volume":166,"time":"2022-05-04T10:31:00.000Z","is_complete":true},{"open":129.75,"high":129.85,"low":129.61,"close":129.61,"volume":1048,"time":"2022-05-04T10:32:00.000Z","is_complete":true},{"open":129.78,"high":129.79,"low":129.78,"close":129.79,"volume":26,"time":"2022-05-04T10:33:00.000Z","is_complete":true},{"open":129.79,"high":129.79,"low":129.79,"close":129.79,"volume":1,"time":"2022-05-04T10:34:00.000Z","is_complete":true},{"open":129.62,"high":129.85,"low":129.62,"close":129.85,"volume":137,"time":"2022-05-04T10:35:00.000Z","is_complete":true},{"open":129.64,"high":129.74,"low":129.51,"close":129.63,"volume":1967,"time":"2022-05-04T10:36:00.000Z","is_complete":true},{"open":129.63,"high":130.09,"low":129.5,"close":129.62,"volume":11162,"time":"2022-05-04T10:37:00.000Z","is_complete":true},{"open":129.7,"high":129.99,"low":129.67,"close":129.97,"volume":62,"time":"2022-05-04T10:38:00.000Z","is_complete":true},{"open":129.91,"high":130.07,"low":129.77,"close":129.8,"volume":526,"time":"2022-05-04T10:39:00.000Z","is_complete":true},{"open":130,"high":130.07,"low":129.8,"close":129.8,"volume":37,"time":"2022-05-04T10:40:00.000Z","is_complete":true},{"open":129.98,"high":129.98,"low":129.81,"close":129.9,"volume":38,"time":"2022-05-04T10:41:00.000Z","is_complete":true},{"open":129.78,"high":129.79,"low":129.44,"close":129.56,"volume":5098,"time":"2022-05-04T10:42:00.000Z","is_complete":true},{"open":129.48,"high":129.63,"low":129.46,"close":129.47,"volume":235,"time":"2022-05-04T10:43:00.000Z","is_complete":true},{"open":129.47,"high":129.9,"low":129.45,"close":129.72,"volume":6056,"time":"2022-05-04T10:44:00.000Z","is_complete":true},{"open":129.62,"high":129.74,"low":129.55,"close":129.74,"volume":353,"time":"2022-05-04T10:45:00.000Z","is_complete":true},{"open":129.72,"high":129.74,"low":129.7,"close":129.7,"volume":19,"time":"2022-05-04T10:46:00.000Z","is_complete":true},{"open":129.7,"high":129.9,"low":129.7,"close":129.9,"volume":498,"time":"2022-05-04T10:47:00.000Z","is_complete":true},{"open":129.92,"high":129.92,"low":129.9,"close":129.91,"volume":70,"time":"2022-05-04T10:48:00.000Z","is_complete":true},{"open":129.71,"high":129.92,"low":129.7,"close":129.92,"volume":74,"time":"2022-05-04T10:49:00.000Z","is_complete":true},{"open":129.89,"high":129.96,"low":129.72,"close":129.96,"volume":1533,"time":"2022-05-04T10:50:00.000Z","is_complete":true},{"open":129.72,"high":129.9,"low":129.71,"close":129.73,"volume":69,"time":"2022-05-04T10:51:00.000Z","is_complete":true},{"open":129.91,"high":129.96,"low":129.75,"close":129.96,"volume":129,"time":"2022-05-04T10:52:00.000Z","is_complete":true},{"open":129.95,"high":129.96,"low":129.95,"close":129.96,"volume":120,"time":"2022-05-04T10:53:00.000Z","is_complete":true},{"open":129.96,"high":129.96,"low":129.74,"close":129.75,"volume":220,"time":"2022-05-04T10:54:00.000Z","is_complete":true},{"open":129.75,"high":129.95,"low":129.73,"close":129.95,"volume":5339,"time":"2022-05-04T10:55:00.000Z","is_complete":true},{"open":129.85,"high":129.93,"low":129.85,"close":129.93,"volume":2,"time":"2022-05-04T10:56:00.000Z","is_complete":true},{"open":129.95,"high":129.95,"low":129.95,"close":129.95,"volume":31,"time":"2022-05-04T10:57:00.000Z","is_complete":true},{"open":129.95,"high":129.95,"low":129.95,"close":129.95,"volume":1015,"time":"2022-05-04T10:58:00.000Z","is_complete":true},{"open":129.95,"high":129.95,"low":129.95,"close":129.95,"volume":1,"time":"2022-05-04T10:59:00.000Z","is_complete":true},{"open":129.94,"high":129.95,"low":129.9,"close":129.9,"volume":259,"time":"2022-05-04T11:00:00.000Z","is_complete":true},{"open":129.94,"high":130.1,"low":129.94,"close":129.99,"volume":5456,"time":"2022-05-04T11:01:00.000Z","is_complete":true},{"open":129.95,"high":130.19,"low":129.95,"close":130,"volume":838,"time":"2022-05-04T11:03:00.000Z","is_complete":true},{"open":130.04,"high":130.04,"low":130.04,"close":130.04,"volume":19,"time":"2022-05-04T11:04:00.000Z","is_complete":true},{"open":130.13,"high":130.18,"low":129.96,"close":130.02,"volume":212,"time":"2022-05-04T11:05:00.000Z","is_complete":true},{"open":130.17,"high":130.19,"low":130.17,"close":130.19,"volume":149,"time":"2022-05-04T11:06:00.000Z","is_complete":true},{"open":129.98,"high":130.3,"low":129.96,"close":130.3,"volume":3722,"time":"2022-05-04T11:07:00.000Z","is_complete":true},{"open":130.15,"high":130.2,"low":130.03,"close":130.18,"volume":3211,"time":"2022-05-04T11:08:00.000Z","is_complete":true},{"open":130.05,"high":130.05,"low":129.87,"close":129.87,"volume":5511,"time":"2022-05-04T11:09:00.000Z","is_complete":true},{"open":129.87,"high":130.28,"low":129.87,"close":130.28,"volume":4030,"time":"2022-05-04T11:10:00.000Z","is_complete":true},{"open":130.27,"high":130.27,"low":130.08,"close":130.25,"volume":54,"time":"2022-05-04T11:11:00.000Z","is_complete":true},{"open":130.25,"high":130.25,"low":130.09,"close":130.24,"volume":235,"time":"2022-05-04T11:12:00.000Z","is_complete":true},{"open":130.09,"high":130.09,"low":129.97,"close":130.06,"volume":484,"time":"2022-05-04T11:13:00.000Z","is_complete":true},{"open":130.06,"high":130.16,"low":130.05,"close":130.05,"volume":36,"time":"2022-05-04T11:14:00.000Z","is_complete":true},{"open":130.05,"high":130.19,"low":130.05,"close":130.07,"volume":21,"time":"2022-05-04T11:15:00.000Z","is_complete":true},{"open":130.11,"high":130.2,"low":130.1,"close":130.2,"volume":628,"time":"2022-05-04T11:16:00.000Z","is_complete":true},{"open":130.12,"high":130.15,"low":130.05,"close":130.05,"volume":1256,"time":"2022-05-04T11:17:00.000Z","is_complete":true},{"open":130.11,"high":130.11,"low":130,"close":130.08,"volume":3005,"time":"2022-05-04T11:18:00.000Z","is_complete":true},{"open":130,"high":130,"low":130,"close":130,"volume":3,"time":"2022-05-04T11:19:00.000Z","is_complete":true},{"open":130.08,"high":130.12,"low":130.02,"close":130.12,"volume":611,"time":"2022-05-04T11:20:00.000Z","is_complete":true},{"open":130.09,"high":130.12,"low":130,"close":130.09,"volume":8459,"time":"2022-05-04T11:21:00.000Z","is_complete":true},{"open":130.09,"high":130.1,"low":130,"close":130,"volume":79,"time":"2022-05-04T11:22:00.000Z","is_complete":true},{"open":130,"high":130,"low":129.97,"close":129.97,"volume":159,"time":"2022-05-04T11:23:00.000Z","is_complete":true},{"open":130,"high":130,"low":130,"close":130,"volume":3,"time":"2022-05-04T11:24:00.000Z","is_complete":true},{"open":129.99,"high":130.12,"low":129.76,"close":129.79,"volume":6072,"time":"2022-05-04T11:25:00.000Z","is_complete":true},{"open":129.82,"high":130.02,"low":129.82,"close":129.9,"volume":315,"time":"2022-05-04T11:26:00.000Z","is_complete":true},{"open":130,"high":130.04,"low":130,"close":130.04,"volume":20,"time":"2022-05-04T11:27:00.000Z","is_complete":true},{"open":130.03,"high":130.03,"low":129.81,"close":129.81,"volume":496,"time":"2022-05-04T11:28:00.000Z","is_complete":true},{"open":129.83,"high":129.83,"low":129.81,"close":129.81,"volume":259,"time":"2022-05-04T11:29:00.000Z","is_complete":true},{"open":129.81,"high":130.02,"low":129.81,"close":130.02,"volume":264,"time":"2022-05-04T11:30:00.000Z","is_complete":true},{"open":130.02,"high":130.02,"low":130.02,"close":130.02,"volume":1,"time":"2022-05-04T11:31:00.000Z","is_complete":true},{"open":130.01,"high":130.02,"low":129.82,"close":129.82,"volume":790,"time":"2022-05-04T11:32:00.000Z","is_complete":true},{"open":130.16,"high":130.2,"low":129.96,"close":130.18,"volume":3301,"time":"2022-05-04T11:33:00.000Z","is_complete":true},{"open":130.18,"high":130.2,"low":130.17,"close":130.17,"volume":36,"time":"2022-05-04T11:34:00.000Z","is_complete":true},{"open":130.02,"high":131.14,"low":129.87,"close":130.73,"volume":27563,"time":"2022-05-04T11:35:00.000Z","is_complete":true},{"open":130.65,"high":131,"low":130.53,"close":130.74,"volume":1053,"time":"2022-05-04T11:36:00.000Z","is_complete":true},{"open":130.92,"high":131,"low":130.73,"close":130.96,"volume":1127,"time":"2022-05-04T11:37:00.000Z","is_complete":true},{"open":130.96,"high":130.97,"low":130.74,"close":130.74,"volume":580,"time":"2022-05-04T11:38:00.000Z","is_complete":true},{"open":130.87,"high":130.9,"low":130.75,"close":130.8,"volume":334,"time":"2022-05-04T11:39:00.000Z","is_complete":true},{"open":130.74,"high":130.95,"low":130.63,"close":130.63,"volume":1257,"time":"2022-05-04T11:40:00.000Z","is_complete":true},{"open":130.63,"high":130.9,"low":130.63,"close":130.79,"volume":938,"time":"2022-05-04T11:41:00.000Z","is_complete":true},{"open":130.7,"high":130.7,"low":129.68,"close":130.12,"volume":26177,"time":"2022-05-04T11:42:00.000Z","is_complete":true},{"open":130.31,"high":130.8,"low":130.31,"close":130.79,"volume":4777,"time":"2022-05-04T11:43:00.000Z","is_complete":true},{"open":130.79,"high":131.31,"low":130.7,"close":131,"volume":5473,"time":"2022-05-04T11:44:00.000Z","is_complete":true},{"open":131.03,"high":131.27,"low":130.71,"close":130.97,"volume":400,"time":"2022-05-04T11:45:00.000Z","is_complete":true},{"open":130.97,"high":131.1,"low":130.7,"close":130.7,"volume":3151,"time":"2022-05-04T11:46:00.000Z","is_complete":true},{"open":130.8,"high":130.8,"low":130.68,"close":130.68,"volume":301,"time":"2022-05-04T11:47:00.000Z","is_complete":true},{"open":130.77,"high":130.77,"low":130.63,"close":130.63,"volume":1013,"time":"2022-05-04T11:48:00.000Z","is_complete":true},{"open":130.74,"high":130.87,"low":130.74,"close":130.87,"volume":2503,"time":"2022-05-04T11:49:00.000Z","is_complete":true},{"open":130.86,"high":130.86,"low":130.64,"close":130.64,"volume":172,"time":"2022-05-04T11:50:00.000Z","is_complete":true},{"open":130.7,"high":130.89,"low":130.64,"close":130.64,"volume":1239,"time":"2022-05-04T11:51:00.000Z","is_complete":true},{"open":130.88,"high":131.04,"low":130.88,"close":131.01,"volume":4075,"time":"2022-05-04T11:52:00.000Z","is_complete":true},{"open":131,"high":131.04,"low":130.85,"close":131.04,"volume":1022,"time":"2022-05-04T11:53:00.000Z","is_complete":true},{"open":130.99,"high":131.05,"low":130.99,"close":131.05,"volume":6910,"time":"2022-05-04T11:54:00.000Z","is_complete":true},{"open":131.05,"high":131.36,"low":131.04,"close":131.3,"volume":4496,"time":"2022-05-04T11:55:00.000Z","is_complete":true},{"open":131.1,"high":131.34,"low":131.07,"close":131.31,"volume":478,"time":"2022-05-04T11:56:00.000Z","is_complete":true},{"open":131.31,"high":131.31,"low":131.22,"close":131.22,"volume":2,"time":"2022-05-04T11:57:00.000Z","is_complete":true},{"open":131.28,"high":131.3,"low":131.18,"close":131.29,"volume":93,"time":"2022-05-04T11:58:00.000Z","is_complete":true},{"open":131.29,"high":131.36,"low":131.29,"close":131.33,"volume":5559,"time":"2022-05-04T11:59:00.000Z","is_complete":true},{"open":131.33,"high":131.33,"low":130.4,"close":130.4,"volume":14622,"time":"2022-05-04T12:00:00.000Z","is_complete":true},{"open":130.46,"high":130.46,"low":129.6,"close":129.87,"volume":24384,"time":"2022-05-04T12:01:00.000Z","is_complete":true},{"open":129.94,"high":130,"low":129.55,"close":129.87,"volume":15953,"time":"2022-05-04T12:02:00.000Z","is_complete":true},{"open":129.87,"high":130.21,"low":129.87,"close":130.1,"volume":1937,"time":"2022-05-04T12:03:00.000Z","is_complete":true},{"open":130.1,"high":130.41,"low":130.01,"close":130.41,"volume":1423,"time":"2022-05-04T12:04:00.000Z","is_complete":true},{"open":130.37,"high":130.38,"low":130.17,"close":130.17,"volume":222,"time":"2022-05-04T12:05:00.000Z","is_complete":true},{"open":130.17,"high":130.17,"low":130.06,"close":130.06,"volume":901,"time":"2022-05-04T12:06:00.000Z","is_complete":true},{"open":130.08,"high":130.29,"low":130.08,"close":130.27,"volume":5,"time":"2022-05-04T12:07:00.000Z","is_complete":true},{"open":130.23,"high":130.23,"low":130,"close":130.01,"volume":732,"time":"2022-05-04T12:08:00.000Z","is_complete":true},{"open":130,"high":130.18,"low":130,"close":130.01,"volume":276,"time":"2022-05-04T12:09:00.000Z","is_complete":true},{"open":130.16,"high":130.16,"low":130.01,"close":130.01,"volume":35,"time":"2022-05-04T12:10:00.000Z","is_complete":true},{"open":130.02,"high":130.21,"low":130.02,"close":130.03,"volume":412,"time":"2022-05-04T12:11:00.000Z","is_complete":true},{"open":130.04,"high":130.21,"low":130.02,"close":130.18,"volume":76,"time":"2022-05-04T12:12:00.000Z","is_complete":true},{"open":130.06,"high":130.22,"low":130.06,"close":130.22,"volume":310,"time":"2022-05-04T12:13:00.000Z","is_complete":true},{"open":130.22,"high":130.22,"low":130.22,"close":130.22,"volume":31,"time":"2022-05-04T12:14:00.000Z","is_complete":true},{"open":130.2,"high":130.3,"low":130.04,"close":130.27,"volume":2225,"time":"2022-05-04T12:15:00.000Z","is_complete":true},{"open":130.26,"high":130.31,"low":130.04,"close":130.04,"volume":682,"time":"2022-05-04T12:16:00.000Z","is_complete":true},{"open":130.11,"high":130.26,"low":130.1,"close":130.23,"volume":396,"time":"2022-05-04T12:17:00.000Z","is_complete":true},{"open":130.24,"high":130.24,"low":130.1,"close":130.15,"volume":105,"time":"2022-05-04T12:18:00.000Z","is_complete":true},{"open":130.22,"high":130.22,"low":130.22,"close":130.22,"volume":51,"time":"2022-05-04T12:19:00.000Z","is_complete":true},{"open":130.22,"high":130.31,"low":130.11,"close":130.31,"volume":131,"time":"2022-05-04T12:20:00.000Z","is_complete":true},{"open":130.3,"high":130.3,"low":130.11,"close":130.11,"volume":22,"time":"2022-05-04T12:21:00.000Z","is_complete":true},{"open":130.26,"high":130.4,"low":130.11,"close":130.37,"volume":791,"time":"2022-05-04T12:22:00.000Z","is_complete":true},{"open":130.36,"high":130.36,"low":130.13,"close":130.21,"volume":252,"time":"2022-05-04T12:23:00.000Z","is_complete":true},{"open":130.16,"high":130.16,"low":130.16,"close":130.16,"volume":1,"time":"2022-05-04T12:24:00.000Z","is_complete":true},{"open":130.14,"high":130.37,"low":130.14,"close":130.14,"volume":212,"time":"2022-05-04T12:25:00.000Z","is_complete":true},{"open":130.16,"high":130.16,"low":130.15,"close":130.15,"volume":241,"time":"2022-05-04T12:26:00.000Z","is_complete":true},{"open":130.15,"high":130.34,"low":130.12,"close":130.34,"volume":185,"time":"2022-05-04T12:27:00.000Z","is_complete":true},{"open":130.35,"high":130.35,"low":130.15,"close":130.15,"volume":58,"time":"2022-05-04T12:28:00.000Z","is_complete":true},{"open":130.31,"high":130.32,"low":130.31,"close":130.32,"volume":111,"time":"2022-05-04T12:29:00.000Z","is_complete":true},{"open":130.32,"high":130.41,"low":130.32,"close":130.37,"volume":694,"time":"2022-05-04T12:30:00.000Z","is_complete":true},{"open":130.41,"high":130.45,"low":130.41,"close":130.45,"volume":143,"time":"2022-05-04T12:31:00.000Z","is_complete":true},{"open":130.47,"high":130.67,"low":130.47,"close":130.67,"volume":3261,"time":"2022-05-04T12:32:00.000Z","is_complete":true},{"open":130.67,"high":130.72,"low":130.67,"close":130.7,"volume":1025,"time":"2022-05-04T12:33:00.000Z","is_complete":true},{"open":130.73,"high":130.77,"low":130.7,"close":130.7,"volume":2616,"time":"2022-05-04T12:34:00.000Z","is_complete":true},{"open":130.7,"high":130.75,"low":130.7,"close":130.75,"volume":6348,"time":"2022-05-04T12:35:00.000Z","is_complete":true},{"open":130.75,"high":130.76,"low":130.7,"close":130.7,"volume":547,"time":"2022-05-04T12:36:00.000Z","is_complete":true},{"open":130.7,"high":130.75,"low":130.7,"close":130.75,"volume":1101,"time":"2022-05-04T12:37:00.000Z","is_complete":true},{"open":130.74,"high":130.75,"low":130.74,"close":130.74,"volume":95,"time":"2022-05-04T12:38:00.000Z","is_complete":true},{"open":130.76,"high":130.76,"low":130.74,"close":130.74,"volume":972,"time":"2022-05-04T12:39:00.000Z","is_complete":true},{"open":130.74,"high":130.76,"low":130.7,"close":130.7,"volume":974,"time":"2022-05-04T12:40:00.000Z","is_complete":true},{"open":130.76,"high":130.76,"low":130.76,"close":130.76,"volume":113,"time":"2022-05-04T12:41:00.000Z","is_complete":true},{"open":130.76,"high":130.77,"low":130.7,"close":130.7,"volume":5700,"time":"2022-05-04T12:42:00.000Z","is_complete":true},{"open":130.7,"high":130.91,"low":130.7,"close":130.7,"volume":994,"time":"2022-05-04T12:43:00.000Z","is_complete":true},{"open":130.73,"high":130.73,"low":130.7,"close":130.73,"volume":387,"time":"2022-05-04T12:44:00.000Z","is_complete":true},{"open":130.73,"high":130.74,"low":130.73,"close":130.74,"volume":100,"time":"2022-05-04T12:45:00.000Z","is_complete":true},{"open":130.7,"high":130.7,"low":130.7,"close":130.7,"volume":50,"time":"2022-05-04T12:46:00.000Z","is_complete":true},{"open":130.74,"high":130.74,"low":130.7,"close":130.7,"volume":1295,"time":"2022-05-04T12:47:00.000Z","is_complete":true},{"open":130.7,"high":130.7,"low":130.43,"close":130.46,"volume":5822,"time":"2022-05-04T12:48:00.000Z","is_complete":true},{"open":130.45,"high":130.45,"low":130.45,"close":130.45,"volume":33,"time":"2022-05-04T12:49:00.000Z","is_complete":true},{"open":130.51,"high":130.7,"low":130.51,"close":130.7,"volume":9,"time":"2022-05-04T12:51:00.000Z","is_complete":true},{"open":130.71,"high":130.71,"low":130.69,"close":130.7,"volume":52,"time":"2022-05-04T12:52:00.000Z","is_complete":true},{"open":130.7,"high":130.98,"low":130.7,"close":130.73,"volume":4046,"time":"2022-05-04T12:53:00.000Z","is_complete":true},{"open":130.73,"high":130.73,"low":130.73,"close":130.73,"volume":5,"time":"2022-05-04T12:54:00.000Z","is_complete":true},{"open":130.7,"high":130.7,"low":130.55,"close":130.55,"volume":79,"time":"2022-05-04T12:55:00.000Z","is_complete":true},{"open":130.7,"high":130.7,"low":130.7,"close":130.7,"volume":3,"time":"2022-05-04T12:56:00.000Z","is_complete":true},{"open":130.7,"high":130.7,"low":130.7,"close":130.7,"volume":1,"time":"2022-05-04T12:57:00.000Z","is_complete":true},{"open":130.7,"high":130.7,"low":130.5,"close":130.5,"volume":82,"time":"2022-05-04T12:58:00.000Z","is_complete":true},{"open":130.65,"high":130.65,"low":130.51,"close":130.65,"volume":824,"time":"2022-05-04T12:59:00.000Z","is_complete":true},{"open":130.51,"high":130.51,"low":130.51,"close":130.51,"volume":1,"time":"2022-05-04T13:00:00.000Z","is_complete":true},{"open":130.62,"high":130.62,"low":130.62,"close":130.62,"volume":1,"time":"2022-05-04T13:01:00.000Z","is_complete":true},{"open":130.6,"high":130.6,"low":130.48,"close":130.48,"volume":1083,"time":"2022-05-04T13:02:00.000Z","is_complete":true},{"open":130.47,"high":130.55,"low":130.43,"close":130.55,"volume":415,"time":"2022-05-04T13:03:00.000Z","is_complete":true},{"open":130.55,"high":130.55,"low":130.2,"close":130.29,"volume":5823,"time":"2022-05-04T13:04:00.000Z","is_complete":true},{"open":130.3,"high":130.35,"low":130.04,"close":130.05,"volume":1101,"time":"2022-05-04T13:05:00.000Z","is_complete":true},{"open":130.04,"high":130.37,"low":130,"close":130.13,"volume":3943,"time":"2022-05-04T13:06:00.000Z","is_complete":true},{"open":130.13,"high":130.13,"low":130.07,"close":130.07,"volume":1627,"time":"2022-05-04T13:07:00.000Z","is_complete":true},{"open":130.07,"high":130.07,"low":130,"close":130.06,"volume":1816,"time":"2022-05-04T13:08:00.000Z","is_complete":true},{"open":130.01,"high":130.08,"low":130,"close":130.08,"volume":191,"time":"2022-05-04T13:09:00.000Z","is_complete":true},{"open":130.03,"high":130.3,"low":130.03,"close":130.3,"volume":334,"time":"2022-05-04T13:10:00.000Z","is_complete":true},{"open":130.3,"high":130.32,"low":130.3,"close":130.32,"volume":82,"time":"2022-05-04T13:11:00.000Z","is_complete":true},{"open":130.32,"high":130.32,"low":130.3,"close":130.32,"volume":1002,"time":"2022-05-04T13:12:00.000Z","is_complete":true},{"open":130.32,"high":130.32,"low":130.32,"close":130.32,"volume":2,"time":"2022-05-04T13:13:00.000Z","is_complete":true},{"open":130.32,"high":130.37,"low":130.32,"close":130.37,"volume":178,"time":"2022-05-04T13:14:00.000Z","is_complete":true},{"open":130.37,"high":130.38,"low":130.37,"close":130.37,"volume":1647,"time":"2022-05-04T13:15:00.000Z","is_complete":true},{"open":130.38,"high":130.38,"low":130.37,"close":130.38,"volume":78,"time":"2022-05-04T13:16:00.000Z","is_complete":true},{"open":130.38,"high":130.38,"low":130.37,"close":130.37,"volume":1001,"time":"2022-05-04T13:17:00.000Z","is_complete":true},{"open":130.38,"high":130.38,"low":130.37,"close":130.37,"volume":7,"time":"2022-05-04T13:18:00.000Z","is_complete":true},{"open":130.37,"high":130.38,"low":130.37,"close":130.38,"volume":13,"time":"2022-05-04T13:19:00.000Z","is_complete":true},{"open":130.37,"high":130.38,"low":130.37,"close":130.37,"volume":350,"time":"2022-05-04T13:20:00.000Z","is_complete":true},{"open":130.37,"high":130.38,"low":130.3,"close":130.3,"volume":1117,"time":"2022-05-04T13:21:00.000Z","is_complete":true},{"open":130.3,"high":130.3,"low":130.3,"close":130.3,"volume":394,"time":"2022-05-04T13:22:00.000Z","is_complete":true},{"open":130.38,"high":130.38,"low":130.3,"close":130.38,"volume":13,"time":"2022-05-04T13:23:00.000Z","is_complete":true},{"open":130.38,"high":130.53,"low":130.38,"close":130.53,"volume":888,"time":"2022-05-04T13:24:00.000Z","is_complete":true},{"open":130.5,"high":130.53,"low":130.31,"close":130.31,"volume":25,"time":"2022-05-04T13:26:00.000Z","is_complete":true},{"open":130.48,"high":130.49,"low":130.33,"close":130.49,"volume":310,"time":"2022-05-04T13:27:00.000Z","is_complete":true},{"open":130.49,"high":130.5,"low":130.33,"close":130.33,"volume":1963,"time":"2022-05-04T13:28:00.000Z","is_complete":true},{"open":130.44,"high":130.44,"low":130.34,"close":130.44,"volume":13,"time":"2022-05-04T13:29:00.000Z","is_complete":true},{"open":130.44,"high":130.44,"low":130.3,"close":130.3,"volume":1500,"time":"2022-05-04T13:30:00.000Z","is_complete":true},{"open":130.3,"high":130.3,"low":130.3,"close":130.3,"volume":1700,"time":"2022-05-04T13:31:00.000Z","is_complete":true},{"open":130.3,"high":130.3,"low":130.3,"close":130.3,"volume":5000,"time":"2022-05-04T13:32:00.000Z","is_complete":true},{"open":130.39,"high":130.4,"low":130.39,"close":130.4,"volume":132,"time":"2022-05-04T13:33:00.000Z","is_complete":true},{"open":130.3,"high":130.44,"low":130.3,"close":130.3,"volume":1390,"time":"2022-05-04T13:34:00.000Z","is_complete":true},{"open":130.44,"high":130.44,"low":130.44,"close":130.44,"volume":1,"time":"2022-05-04T13:35:00.000Z","is_complete":true},{"open":130.4,"high":130.4,"low":130.4,"close":130.4,"volume":200,"time":"2022-05-04T13:36:00.000Z","is_complete":true},{"open":130.4,"high":130.4,"low":130.09,"close":130.17,"volume":4958,"time":"2022-05-04T13:37:00.000Z","is_complete":true},{"open":130.17,"high":130.17,"low":130.02,"close":130.02,"volume":596,"time":"2022-05-04T13:38:00.000Z","is_complete":true},{"open":130.02,"high":130.13,"low":130,"close":130.13,"volume":2227,"time":"2022-05-04T13:39:00.000Z","is_complete":true},{"open":130,"high":130.13,"low":130,"close":130.13,"volume":14,"time":"2022-05-04T13:40:00.000Z","is_complete":true},{"open":130.13,"high":130.13,"low":129.98,"close":129.98,"volume":724,"time":"2022-05-04T13:41:00.000Z","is_complete":true},{"open":129.98,"high":130,"low":129.98,"close":130,"volume":310,"time":"2022-05-04T13:42:00.000Z","is_complete":true},{"open":129.98,"high":129.98,"low":129.97,"close":129.97,"volume":106,"time":"2022-05-04T13:43:00.000Z","is_complete":true},{"open":129.93,"high":129.93,"low":129.6,"close":129.7,"volume":6529,"time":"2022-05-04T13:44:00.000Z","is_complete":true},{"open":129.62,"high":129.81,"low":129.58,"close":129.81,"volume":1931,"time":"2022-05-04T13:45:00.000Z","is_complete":true},{"open":129.8,"high":129.8,"low":129.64,"close":129.64,"volume":20,"time":"2022-05-04T13:46:00.000Z","is_complete":true},{"open":129.78,"high":129.78,"low":129.7,"close":129.76,"volume":3223,"time":"2022-05-04T13:47:00.000Z","is_complete":true},{"open":129.64,"high":129.79,"low":129.6,"close":129.79,"volume":1669,"time":"2022-05-04T13:48:00.000Z","is_complete":true},{"open":129.79,"high":129.79,"low":129.6,"close":129.62,"volume":95,"time":"2022-05-04T13:49:00.000Z","is_complete":true},{"open":129.74,"high":129.81,"low":129.57,"close":129.57,"volume":396,"time":"2022-05-04T13:50:00.000Z","is_complete":true},{"open":129.71,"high":129.71,"low":129.56,"close":129.56,"volume":46,"time":"2022-05-04T13:51:00.000Z","is_complete":true},{"open":129.56,"high":129.66,"low":129.5,"close":129.66,"volume":4642,"time":"2022-05-04T13:52:00.000Z","is_complete":true},{"open":129.63,"high":129.71,"low":129.58,"close":129.7,"volume":1650,"time":"2022-05-04T13:53:00.000Z","is_complete":true},{"open":129.7,"high":129.81,"low":129.7,"close":129.81,"volume":759,"time":"2022-05-04T13:54:00.000Z","is_complete":true},{"open":129.71,"high":129.81,"low":129.71,"close":129.81,"volume":2,"time":"2022-05-04T13:55:00.000Z","is_complete":true},{"open":129.73,"high":130.16,"low":129.73,"close":130.02,"volume":3349,"time":"2022-05-04T13:56:00.000Z","is_complete":true},{"open":130.01,"high":130.16,"low":130.01,"close":130.14,"volume":58,"time":"2022-05-04T13:57:00.000Z","is_complete":true},{"open":130,"high":130,"low":130,"close":130,"volume":3,"time":"2022-05-04T13:58:00.000Z","is_complete":true},{"open":130.15,"high":130.15,"low":130,"close":130,"volume":10,"time":"2022-05-04T13:59:00.000Z","is_complete":true},{"open":130,"high":130,"low":129.7,"close":129.96,"volume":3289,"time":"2022-05-04T14:00:00.000Z","is_complete":true},{"open":129.9,"high":129.9,"low":129.71,"close":129.71,"volume":1500,"time":"2022-05-04T14:01:00.000Z","is_complete":true},{"open":129.71,"high":129.8,"low":129.7,"close":129.8,"volume":989,"time":"2022-05-04T14:02:00.000Z","is_complete":true},{"open":129.79,"high":129.79,"low":129.79,"close":129.79,"volume":42,"time":"2022-05-04T14:03:00.000Z","is_complete":true},{"open":129.71,"high":129.87,"low":129.7,"close":129.87,"volume":1100,"time":"2022-05-04T14:04:00.000Z","is_complete":true},{"open":129.74,"high":129.9,"low":129.7,"close":129.9,"volume":613,"time":"2022-05-04T14:05:00.000Z","is_complete":true},{"open":129.9,"high":129.9,"low":129.76,"close":129.76,"volume":555,"time":"2022-05-04T14:06:00.000Z","is_complete":true},{"open":129.76,"high":129.76,"low":129.7,"close":129.7,"volume":275,"time":"2022-05-04T14:07:00.000Z","is_complete":true},{"open":129.76,"high":129.76,"low":129.7,"close":129.7,"volume":159,"time":"2022-05-04T14:08:00.000Z","is_complete":true},{"open":129.76,"high":129.76,"low":129.7,"close":129.7,"volume":299,"time":"2022-05-04T14:09:00.000Z","is_complete":true},{"open":129.76,"high":129.76,"low":129.7,"close":129.7,"volume":281,"time":"2022-05-04T14:10:00.000Z","is_complete":true},{"open":129.7,"high":129.7,"low":129.7,"close":129.7,"volume":100,"time":"2022-05-04T14:11:00.000Z","is_complete":true},{"open":129.7,"high":129.7,"low":129.7,"close":129.7,"volume":27,"time":"2022-05-04T14:12:00.000Z","is_complete":true},{"open":129.71,"high":129.72,"low":129.6,"close":129.6,"volume":1317,"time":"2022-05-04T14:13:00.000Z","is_complete":true},{"open":129.64,"high":129.76,"low":129.61,"close":129.76,"volume":1009,"time":"2022-05-04T14:14:00.000Z","is_complete":true},{"open":129.76,"high":129.76,"low":129.76,"close":129.76,"volume":15,"time":"2022-05-04T14:15:00.000Z","is_complete":true},{"open":129.71,"high":129.71,"low":129.61,"close":129.61,"volume":60,"time":"2022-05-04T14:16:00.000Z","is_complete":true},{"open":129.63,"high":129.72,"low":129.51,"close":129.72,"volume":2030,"time":"2022-05-04T14:17:00.000Z","is_complete":true},{"open":129.5,"high":129.59,"low":129.5,"close":129.5,"volume":1613,"time":"2022-05-04T14:18:00.000Z","is_complete":true},{"open":129.5,"high":129.59,"low":129.44,"close":129.5,"volume":808,"time":"2022-05-04T14:19:00.000Z","is_complete":true},{"open":129.45,"high":129.45,"low":129.44,"close":129.44,"volume":175,"time":"2022-05-04T14:20:00.000Z","is_complete":true},{"open":129.44,"high":129.45,"low":129.44,"close":129.45,"volume":29,"time":"2022-05-04T14:21:00.000Z","is_complete":true},{"open":129.45,"high":129.45,"low":129.44,"close":129.44,"volume":67,"time":"2022-05-04T14:22:00.000Z","is_complete":true},{"open":129.44,"high":129.5,"low":129.44,"close":129.44,"volume":34,"time":"2022-05-04T14:23:00.000Z","is_complete":true},{"open":129.49,"high":129.5,"low":129.44,"close":129.5,"volume":1059,"time":"2022-05-04T14:24:00.000Z","is_complete":true},{"open":129.5,"high":129.5,"low":129.45,"close":129.45,"volume":174,"time":"2022-05-04T14:25:00.000Z","is_complete":true},{"open":129.5,"high":129.5,"low":129.45,"close":129.5,"volume":73,"time":"2022-05-04T14:26:00.000Z","is_complete":true},{"open":129.5,"high":129.5,"low":129.5,"close":129.5,"volume":1,"time":"2022-05-04T14:27:00.000Z","is_complete":true},{"open":129.46,"high":129.46,"low":129.11,"close":129.13,"volume":9262,"time":"2022-05-04T14:28:00.000Z","is_complete":true},{"open":129.37,"high":129.48,"low":129.37,"close":129.4,"volume":373,"time":"2022-05-04T14:29:00.000Z","is_complete":true},{"open":129.3,"high":129.38,"low":129.2,"close":129.2,"volume":126,"time":"2022-05-04T14:30:00.000Z","is_complete":true},{"open":129.2,"high":129.2,"low":129.11,"close":129.11,"volume":3052,"time":"2022-05-04T14:31:00.000Z","is_complete":true},{"open":129.12,"high":129.28,"low":129.11,"close":129.26,"volume":850,"time":"2022-05-04T14:32:00.000Z","is_complete":true},{"open":129.29,"high":129.29,"low":129.14,"close":129.25,"volume":552,"time":"2022-05-04T14:33:00.000Z","is_complete":true},{"open":129.24,"high":129.25,"low":129.16,"close":129.16,"volume":62,"time":"2022-05-04T14:34:00.000Z","is_complete":true},{"open":129.24,"high":129.24,"low":129.24,"close":129.24,"volume":21,"time":"2022-05-04T14:35:00.000Z","is_complete":true},{"open":129.24,"high":129.28,"low":129.17,"close":129.17,"volume":371,"time":"2022-05-04T14:36:00.000Z","is_complete":true},{"open":129.17,"high":129.26,"low":129.15,"close":129.15,"volume":63,"time":"2022-05-04T14:37:00.000Z","is_complete":true},{"open":129.24,"high":129.24,"low":129.24,"close":129.24,"volume":50,"time":"2022-05-04T14:38:00.000Z","is_complete":true},{"open":129.24,"high":129.42,"low":129.19,"close":129.22,"volume":619,"time":"2022-05-04T14:39:00.000Z","is_complete":true},{"open":129.26,"high":129.41,"low":129.22,"close":129.4,"volume":144,"time":"2022-05-04T14:40:00.000Z","is_complete":true},{"open":129.3,"high":129.3,"low":129.17,"close":129.17,"volume":500,"time":"2022-05-04T14:41:00.000Z","is_complete":true},{"open":129.35,"high":129.5,"low":129.17,"close":129.17,"volume":4885,"time":"2022-05-04T14:42:00.000Z","is_complete":true},{"open":129.33,"high":129.33,"low":129.18,"close":129.31,"volume":13,"time":"2022-05-04T14:43:00.000Z","is_complete":true},{"open":129.31,"high":129.33,"low":129.31,"close":129.31,"volume":247,"time":"2022-05-04T14:44:00.000Z","is_complete":true},{"open":129.31,"high":129.5,"low":129.31,"close":129.49,"volume":1906,"time":"2022-05-04T14:45:00.000Z","is_complete":true},{"open":129.49,"high":129.49,"low":129.23,"close":129.23,"volume":425,"time":"2022-05-04T14:46:00.000Z","is_complete":true},{"open":129.33,"high":129.49,"low":129.33,"close":129.49,"volume":150,"time":"2022-05-04T14:47:00.000Z","is_complete":true},{"open":129.45,"high":129.45,"low":129.3,"close":129.45,"volume":12,"time":"2022-05-04T14:48:00.000Z","is_complete":true},{"open":129.3,"high":129.3,"low":129.3,"close":129.3,"volume":11,"time":"2022-05-04T14:49:00.000Z","is_complete":true},{"open":129.46,"high":129.46,"low":129.3,"close":129.3,"volume":42,"time":"2022-05-04T14:50:00.000Z","is_complete":true},{"open":129.3,"high":129.3,"low":129.3,"close":129.3,"volume":100,"time":"2022-05-04T14:51:00.000Z","is_complete":true},{"open":129.3,"high":129.43,"low":129.29,"close":129.43,"volume":152,"time":"2022-05-04T14:52:00.000Z","is_complete":true},{"open":129.43,"high":129.43,"low":129.4,"close":129.41,"volume":430,"time":"2022-05-04T14:53:00.000Z","is_complete":true},{"open":129.41,"high":129.42,"low":129.41,"close":129.41,"volume":58,"time":"2022-05-04T14:54:00.000Z","is_complete":true},{"open":129.3,"high":129.4,"low":129.3,"close":129.3,"volume":19,"time":"2022-05-04T14:55:00.000Z","is_complete":true},{"open":129.3,"high":129.3,"low":129.3,"close":129.3,"volume":44,"time":"2022-05-04T14:56:00.000Z","is_complete":true},{"open":129.3,"high":129.3,"low":129.23,"close":129.23,"volume":150,"time":"2022-05-04T14:57:00.000Z","is_complete":true},{"open":129.3,"high":129.3,"low":129.12,"close":129.16,"volume":1921,"time":"2022-05-04T14:58:00.000Z","is_complete":true},{"open":129.28,"high":129.42,"low":129.2,"close":129.36,"volume":294,"time":"2022-05-04T14:59:00.000Z","is_complete":true},{"open":129.37,"high":129.48,"low":129.23,"close":129.23,"volume":1004,"time":"2022-05-04T15:00:00.000Z","is_complete":true},{"open":129.44,"high":129.48,"low":129.25,"close":129.48,"volume":1386,"time":"2022-05-04T15:01:00.000Z","is_complete":true},{"open":129.48,"high":129.5,"low":129.26,"close":129.4,"volume":1004,"time":"2022-05-04T15:02:00.000Z","is_complete":true},{"open":129.26,"high":129.4,"low":129.24,"close":129.4,"volume":17,"time":"2022-05-04T15:03:00.000Z","is_complete":true},{"open":129.4,"high":129.4,"low":129.3,"close":129.4,"volume":16,"time":"2022-05-04T15:04:00.000Z","is_complete":true},{"open":129.39,"high":129.4,"low":129.37,"close":129.4,"volume":57,"time":"2022-05-04T15:05:00.000Z","is_complete":true},{"open":129.37,"high":129.37,"low":129.3,"close":129.3,"volume":17,"time":"2022-05-04T15:06:00.000Z","is_complete":true},{"open":129.3,"high":129.3,"low":129.3,"close":129.3,"volume":3,"time":"2022-05-04T15:07:00.000Z","is_complete":true},{"open":129.3,"high":129.3,"low":129.11,"close":129.12,"volume":3408,"time":"2022-05-04T15:08:00.000Z","is_complete":true},{"open":129.2,"high":129.2,"low":129.12,"close":129.12,"volume":42,"time":"2022-05-04T15:09:00.000Z","is_complete":true},{"open":129.13,"high":129.2,"low":129.13,"close":129.2,"volume":52,"time":"2022-05-04T15:10:00.000Z","is_complete":true},{"open":129.18,"high":129.21,"low":129.1,"close":129.1,"volume":4377,"time":"2022-05-04T15:11:00.000Z","is_complete":true},{"open":129.2,"high":129.27,"low":128.57,"close":129,"volume":41794,"time":"2022-05-04T15:12:00.000Z","is_complete":true},{"open":129,"high":129.04,"low":128.66,"close":128.92,"volume":3681,"time":"2022-05-04T15:13:00.000Z","is_complete":true},{"open":128.8,"high":128.92,"low":128.71,"close":128.91,"volume":1246,"time":"2022-05-04T15:14:00.000Z","is_complete":true},{"open":128.91,"high":129.12,"low":128.91,"close":129.01,"volume":695,"time":"2022-05-04T15:15:00.000Z","is_complete":true},{"open":129.15,"high":129.17,"low":129.11,"close":129.11,"volume":13,"time":"2022-05-04T15:16:00.000Z","is_complete":true},{"open":129.11,"high":129.12,"low":129.11,"close":129.12,"volume":54,"time":"2022-05-04T15:17:00.000Z","is_complete":true},{"open":129.02,"high":129.02,"low":129,"close":129,"volume":585,"time":"2022-05-04T15:18:00.000Z","is_complete":true},{"open":129.14,"high":129.49,"low":129.14,"close":129.41,"volume":5454,"time":"2022-05-04T15:19:00.000Z","is_complete":true},{"open":129.31,"high":129.31,"low":129.14,"close":129.14,"volume":627,"time":"2022-05-04T15:20:00.000Z","is_complete":true},{"open":129.23,"high":129.23,"low":129.07,"close":129.07,"volume":60,"time":"2022-05-04T15:21:00.000Z","is_complete":true},{"open":129.22,"high":129.38,"low":129.03,"close":129.03,"volume":2421,"time":"2022-05-04T15:22:00.000Z","is_complete":true},{"open":129.1,"high":129.36,"low":129.06,"close":129.06,"volume":430,"time":"2022-05-04T15:23:00.000Z","is_complete":true},{"open":129.28,"high":129.37,"low":129,"close":129,"volume":561,"time":"2022-05-04T15:24:00.000Z","is_complete":true},{"open":129.1,"high":129.1,"low":128.59,"close":128.6,"volume":8907,"time":"2022-05-04T15:25:00.000Z","is_complete":true},{"open":128.87,"high":128.9,"low":128.83,"close":128.87,"volume":123,"time":"2022-05-04T15:26:00.000Z","is_complete":true},{"open":128.9,"high":128.97,"low":128.75,"close":128.75,"volume":2112,"time":"2022-05-04T15:27:00.000Z","is_complete":true},{"open":128.73,"high":128.75,"low":128.5,"close":128.56,"volume":13153,"time":"2022-05-04T15:28:00.000Z","is_complete":true},{"open":128.6,"high":128.69,"low":128.11,"close":128.38,"volume":15001,"time":"2022-05-04T15:29:00.000Z","is_complete":true},{"open":128.38,"high":128.47,"low":128.21,"close":128.21,"volume":4617,"time":"2022-05-04T15:30:00.000Z","is_complete":true},{"open":128.22,"high":128.36,"low":128.21,"close":128.22,"volume":557,"time":"2022-05-04T15:31:00.000Z","is_complete":true},{"open":128.22,"high":128.3,"low":128.11,"close":128.28,"volume":10244,"time":"2022-05-04T15:32:00.000Z","is_complete":true},{"open":128.28,"high":128.29,"low":128.12,"close":128.26,"volume":253,"time":"2022-05-04T15:33:00.000Z","is_complete":true},{"open":128.2,"high":128.2,"low":128.12,"close":128.2,"volume":178,"time":"2022-05-04T15:34:00.000Z","is_complete":true},{"open":128.2,"high":128.2,"low":128.12,"close":128.19,"volume":3098,"time":"2022-05-04T15:35:00.000Z","is_complete":true},{"open":128.12,"high":128.19,"low":128.11,"close":128.19,"volume":1837,"time":"2022-05-04T15:36:00.000Z","is_complete":true},{"open":128.19,"high":128.19,"low":128.11,"close":128.18,"volume":2312,"time":"2022-05-04T15:37:00.000Z","is_complete":true},{"open":128.18,"high":128.18,"low":128.11,"close":128.11,"volume":3271,"time":"2022-05-04T15:38:00.000Z","is_complete":true},{"open":128.14,"high":128.35,"low":128.11,"close":128.32,"volume":14272,"time":"2022-05-04T15:39:00.000Z","is_complete":true},{"open":128.01,"high":128.01,"low":128.01,"close":128.01,"volume":10901,"time":"2022-05-04T15:45:00.000Z","is_complete":true},{"open":128.01,"high":128.01,"low":128.01,"close":128.01,"volume":1348,"time":"2022-05-04T15:46:00.000Z","is_complete":true},{"open":128.01,"high":128.01,"low":128.01,"close":128.01,"volume":199,"time":"2022-05-04T15:47:00.000Z","is_complete":true},{"open":128.01,"high":128.01,"low":128.01,"close":128.01,"volume":2874,"time":"2022-05-04T15:48:00.000Z","is_complete":true},{"open":128.01,"high":128.01,"low":128.01,"close":128.01,"volume":52,"time":"2022-05-04T15:49:00.000Z","is_complete":true}]}