{"candles":[{"open":238.5,"high":238.54,"low":235.1,"close":237,"volume":56300,"time":"2022-05-06T07:00:00.000Z","is_complete":true},{"open":236.99,"high":237.01,"low":236,"close":236.2,"volume":10646,"time":"2022-05-06T07:01:00.000Z","is_complete":true},{"open":236.25,"high":237.42,"low":236.25,"close":237.35,"volume":9983,"time":"2022-05-06T07:02:00.000Z","is_complete":true},{"open":237.35,"high":237.9,"low":237.06,"close":237.64,"volume":13565,"time":"2022-05-06T07:03:00.000Z","is_complete":true},{"open":237.7,"high":237.85,"low":237.5,"close":237.58,"volume":9861,"time":"2022-05-06T07:04:00.000Z","is_complete":true},{"open":237.58,"high":237.67,"low":237,"close":237.04,"volume":10390,"time":"2022-05-06T07:05:00.000Z","is_complete":true},{"open":237,"high":237.04,"low":236.02,"close":236.3,"volume":8316,"time":"2022-05-06T07:06:00.000Z","is_complete":true},{"open":236.3,"high":236.77,"low":236.3,"close":236.77,"volume":3285,"time":"2022-05-06T07:07:00.000Z","is_complete":true},{"open":236.58,"high":237,"low":236.55,"close":236.92,"volume":4341,"time":"2022-05-06T07:08:00.000Z","is_complete":true},{"open":236.9,"high":236.91,"low":236.7,"close":236.9,"volume":2481,"time":"2022-05-06T07:09:00.000Z","is_complete":true},{"open":236.89,"high":237,"low":236.76,"close":236.89,"volume":5320,"time":"2022-05-06T07:10:00.000Z","is_complete":true},{"open":236.89,"high":236.89,"low":236.2,"close":236.35,"volume":11476,"time":"2022-05-06T07:11:00.000Z","is_complete":true},{"open":236.2,"high":236.28,"low":235.59,"close":235.62,"volume":12489,"time":"2022-05-06T07:12:00.000Z","is_complete":true},{"open":235.62,"high":235.64,"low":235.3,"close":235.4,"volume":17521,"time":"2022-05-06T07:13:00.000Z","is_complete":true},{"open":235.4,"high":235.83,"low":235.31,"close":235.55,"volume":6949,"time":"2022-05-06T07:14:00.000Z","is_complete":true},{"open":235.55,"high":235.8,"low":235.33,"close":235.48,"volume":10720,"time":"2022-05-06T07:15:00.000Z","is_complete":true},{"open":235.54,"high":236.3,"low":235.5,"close":235.51,"volume":8132,"time":"2022-05-06T07:16:00.000Z","is_complete":true},{"open":235.56,"high":235.71,"low":235.3,"close":235.34,"volume":10007,"time":"2022-05-06T07:17:00.000Z","is_complete":true},{"open":235.46,"high":235.9,"low":235.25,"close":235.67,"volume":6969,"time":"2022-05-06T07:18:00.000Z","is_complete":true},{"open":235.66,"high":235.82,"low":235.5,"close":235.71,"volume":3082,"time":"2022-05-06T07:19:00.000Z","is_complete":true},{"open":235.71,"high":235.8,"low":235.5,"close":235.75,"volume":3598,"time":"2022-05-06T07:20:00.000Z","is_complete":true},{"open":235.7,"high":236.25,"low":235.66,"close":236.2,"volume":4074,"time":"2022-05-06T07:21:00.000Z","is_complete":true},{"open":236.24,"high":236.49,"low":236.08,"close":236.47,"volume":5931,"time":"2022-05-06T07:22:00.000Z","is_complete":true},{"open":236.47,"high":236.69,"low":236.08,"close":236.22,"volume":7519,"time":"2022-05-06T07:23:00.000Z","is_complete":true},{"open":236.12,"high":236.53,"low":236.08,"close":236.27,"volume":4861,"time":"2022-05-06T07:24:00.000Z","is_complete":true},{"open":236.2,"high":236.25,"low":236.08,"close":236.14,"volume":900,"time":"2022-05-06T07:25:00.000Z","is_complete":true},{"open":236.13,"high":236.25,"low":236.08,"close":236.08,"volume":1358,"time":"2022-05-06T07:26:00.000Z","is_complete":true},{"open":236.08,"high":236.1,"low":235.62,"close":235.96,"volume":3504,"time":"2022-05-06T07:27:00.000Z","is_complete":true},{"open":235.9,"high":236.03,"low":235.66,"close":235.91,"volume":1441,"time":"2022-05-06T07:28:00.000Z","is_complete":true},{"open":235.91,"high":236.48,"low":235.75,"close":236.12,"volume":3788,"time":"2022-05-06T07:29:00.000Z","is_complete":true},{"open":236.24,"high":236.28,"low":235.76,"close":235.76,"volume":2520,"time":"2022-05-06T07:30:00.000Z","is_complete":true},{"open":235.9,"high":236,"low":235.76,"close":235.87,"volume":2009,"time":"2022-05-06T07:31:00.000Z","is_complete":true},{"open":235.83,"high":235.88,"low":235.51,"close":235.67,"volume":6001,"time":"2022-05-06T07:32:00.000Z","is_complete":true},{"open":235.67,"high":235.72,"low":235.54,"close":235.55,"volume":1619,"time":"2022-05-06T07:33:00.000Z","is_complete":true},{"open":235.6,"high":235.7,"low":235.5,"close":235.5,"volume":9221,"time":"2022-05-06T07:34:00.000Z","is_complete":true},{"open":235.5,"high":235.88,"low":235.5,"close":235.88,"volume":3365,"time":"2022-05-06T07:35:00.000Z","is_complete":true},{"open":235.8,"high":235.88,"low":235.55,"close":235.87,"volume":2332,"time":"2022-05-06T07:36:00.000Z","is_complete":true},{"open":235.85,"high":235.99,"low":235.71,"close":235.9,"volume":1121,"time":"2022-05-06T07:37:00.000Z","is_complete":true},{"open":235.9,"high":236.12,"low":235.85,"close":236.12,"volume":2935,"time":"2022-05-06T07:38:00.000Z","is_complete":true},{"open":236.11,"high":236.15,"low":235.9,"close":235.9,"volume":1268,"time":"2022-05-06T07:39:00.000Z","is_complete":true},{"open":235.9,"high":236,"low":235.5,"close":235.54,"volume":5894,"time":"2022-05-06T07:40:00.000Z","is_complete":true},{"open":235.54,"high":235.74,"low":235.5,"close":235.74,"volume":2126,"time":"2022-05-06T07:41:00.000Z","is_complete":true},{"open":235.71,"high":235.94,"low":235.66,"close":235.94,"volume":1154,"time":"2022-05-06T07:42:00.000Z","is_complete":true},{"open":235.94,"high":236,"low":235.87,"close":235.9,"volume":855,"time":"2022-05-06T07:43:00.000Z","is_complete":true},{"open":236,"high":236.2,"low":235.9,"close":235.92,"volume":6944,"time":"2022-05-06T07:44:00.000Z","is_complete":true},{"open":235.9,"high":236.4,"low":235.9,"close":236.22,"volume":5052,"time":"2022-05-06T07:45:00.000Z","is_complete":true},{"open":236.17,"high":236.4,"low":236.12,"close":236.29,"volume":2236,"time":"2022-05-06T07:46:00.000Z","is_complete":true},{"open":236.29,"high":236.5,"low":236.28,"close":236.5,"volume":4531,"time":"2022-05-06T07:47:00.000Z","is_complete":true},{"open":236.49,"high":236.77,"low":236.31,"close":236.71,"volume":3287,"time":"2022-05-06T07:48:00.000Z","is_complete":true},{"open":236.75,"high":237.09,"low":236.6,"close":236.84,"volume":10600,"time":"2022-05-06T07:49:00.000Z","is_complete":true},{"open":236.93,"high":236.95,"low":236.4,"close":236.6,"volume":5263,"time":"2022-05-06T07:50:00.000Z","is_complete":true},{"open":236.58,"high":237,"low":236.51,"close":236.63,"volume":4955,"time":"2022-05-06T07:51:00.000Z","is_complete":true},{"open":236.68,"high":236.71,"low":236.25,"close":236.59,"volume":4718,"time":"2022-05-06T07:52:00.000Z","is_complete":true},{"open":236.59,"high":236.62,"low":236.31,"close":236.36,"volume":661,"time":"2022-05-06T07:53:00.000Z","is_complete":true},{"open":236.36,"high":236.5,"low":236.35,"close":236.38,"volume":1666,"time":"2022-05-06T07:54:00.000Z","is_complete":true},{"open":236.35,"high":236.45,"low":236.25,"close":236.28,"volume":4629,"time":"2022-05-06T07:55:00.000Z","is_complete":true},{"open":236.32,"high":236.45,"low":236.32,"close":236.36,"volume":407,"time":"2022-05-06T07:56:00.000Z","is_complete":true},{"open":236.36,"high":236.6,"low":236.3,"close":236.59,"volume":790,"time":"2022-05-06T07:57:00.000Z","is_complete":true},{"open":236.59,"high":236.93,"low":236.59,"close":236.68,"volume":894,"time":"2022-05-06T07:58:00.000Z","is_complete":true},{"open":236.81,"high":236.9,"low":236.6,"close":236.79,"volume":1370,"time":"2022-05-06T07:59:00.000Z","is_complete":true},{"open":236.78,"high":236.81,"low":236.51,"close":236.63,"volume":483,"time":"2022-05-06T08:00:00.000Z","is_complete":true},{"open":236.79,"high":236.8,"low":236.25,"close":236.55,"volume":9249,"time":"2022-05-06T08:01:00.000Z","is_complete":true},{"open":236.38,"high":236.71,"low":236.27,"close":236.27,"volume":987,"time":"2022-05-06T08:02:00.000Z","is_complete":true},{"open":236.27,"high":236.38,"low":236.25,"close":236.38,"volume":1564,"time":"2022-05-06T08:03:00.000Z","is_complete":true},{"open":236.34,"high":236.45,"low":236.31,"close":236.35,"volume":955,"time":"2022-05-06T08:04:00.000Z","is_complete":true},{"open":236.35,"high":236.43,"low":236.27,"close":236.27,"volume":2989,"time":"2022-05-06T08:05:00.000Z","is_complete":true},{"open":236.27,"high":236.35,"low":236.25,"close":236.27,"volume":3405,"time":"2022-05-06T08:06:00.000Z","is_complete":true},{"open":236.27,"high":236.55,"low":236.26,"close":236.38,"volume":2161,"time":"2022-05-06T08:07:00.000Z","is_complete":true},{"open":236.44,"high":236.48,"low":236.34,"close":236.42,"volume":586,"time":"2022-05-06T08:08:00.000Z","is_complete":true},{"open":236.44,"high":236.69,"low":236.41,"close":236.53,"volume":901,"time":"2022-05-06T08:09:00.000Z","is_complete":true},{"open":236.5,"high":236.6,"low":236.37,"close":236.6,"volume":692,"time":"2022-05-06T08:10:00.000Z","is_complete":true},{"open":236.64,"high":236.93,"low":236.62,"close":236.92,"volume":2508,"time":"2022-05-06T08:11:00.000Z","is_complete":true},{"open":236.92,"high":236.95,"low":236.74,"close":236.76,"volume":707,"time":"2022-05-06T08:12:00.000Z","is_complete":true},{"open":236.84,"high":236.84,"low":236.7,"close":236.8,"volume":994,"time":"2022-05-06T08:13:00.000Z","is_complete":true},{"open":236.79,"high":237.3,"low":236.7,"close":237.27,"volume":8841,"time":"2022-05-06T08:14:00.000Z","is_complete":true},{"open":237.27,"high":237.39,"low":237.1,"close":237.1,"volume":3497,"time":"2022-05-06T08:15:00.000Z","is_complete":true},{"open":237.1,"high":237.31,"low":237.02,"close":237.27,"volume":1149,"time":"2022-05-06T08:16:00.000Z","is_complete":true},{"open":237.28,"high":237.28,"low":237.02,"close":237.03,"volume":502,"time":"2022-05-06T08:17:00.000Z","is_complete":true},{"open":237.14,"high":237.15,"low":237,"close":237.06,"volume":2040,"time":"2022-05-06T08:18:00.000Z","is_complete":true},{"open":237,"high":237.09,"low":237,"close":237.06,"volume":1766,"time":"2022-05-06T08:19:00.000Z","is_complete":true},{"open":237.06,"high":237.07,"low":237,"close":237.05,"volume":1030,"time":"2022-05-06T08:20:00.000Z","is_complete":true},{"open":237.01,"high":237.6,"low":237,"close":237.46,"volume":9386,"time":"2022-05-06T08:21:00.000Z","is_complete":true},{"open":237.46,"high":237.57,"low":237.34,"close":237.57,"volume":968,"time":"2022-05-06T08:22:00.000Z","is_complete":true},{"open":237.52,"high":237.98,"low":237.51,"close":237.93,"volume":4355,"time":"2022-05-06T08:23:00.000Z","is_complete":true},{"open":237.98,"high":238,"low":237.55,"close":237.9,"volume":7013,"time":"2022-05-06T08:24:00.000Z","is_complete":true},{"open":237.78,"high":237.91,"low":237.3,"close":237.5,"volume":2756,"time":"2022-05-06T08:25:00.000Z","is_complete":true},{"open":237.33,"high":237.43,"low":237.16,"close":237.43,"volume":888,"time":"2022-05-06T08:26:00.000Z","is_complete":true},{"open":237.3,"high":237.9,"low":237.29,"close":237.83,"volume":3540,"time":"2022-05-06T08:27:00.000Z","is_complete":true},{"open":237.7,"high":237.86,"low":237.63,"close":237.84,"volume":572,"time":"2022-05-06T08:28:00.000Z","is_complete":true},{"open":237.83,"high":237.83,"low":237.57,"close":237.57,"volume":1141,"time":"2022-05-06T08:29:00.000Z","is_complete":true},{"open":237.57,"high":237.57,"low":237.23,"close":237.37,"volume":1524,"time":"2022-05-06T08:30:00.000Z","is_complete":true},{"open":237.26,"high":237.37,"low":237.23,"close":237.33,"volume":413,"time":"2022-05-06T08:31:00.000Z","is_complete":true},{"open":237.22,"high":237.35,"low":237.22,"close":237.22,"volume":161,"time":"2022-05-06T08:32:00.000Z","is_complete":true},{"open":237.22,"high":237.31,"low":237.2,"close":237.2,"volume":1394,"time":"2022-05-06T08:33:00.000Z","is_complete":true},{"open":237.2,"high":237.25,"low":237.11,"close":237.14,"volume":2084,"time":"2022-05-06T08:34:00.000Z","is_complete":true},{"open":237.14,"high":237.19,"low":237.02,"close":237.19,"volume":852,"time":"2022-05-06T08:35:00.000Z","is_complete":true},{"open":237.19,"high":237.46,"low":237.16,"close":237.46,"volume":1277,"time":"2022-05-06T08:36:00.000Z","is_complete":true},{"open":237.46,"high":237.59,"low":237.35,"close":237.43,"volume":1546,"time":"2022-05-06T08:37:00.000Z","is_complete":true},{"open":237.42,"high":237.42,"low":237.29,"close":237.37,"volume":974,"time":"2022-05-06T08:38:00.000Z","is_complete":true},{"open":237.34,"high":237.49,"low":237.34,"close":237.49,"volume":855,"time":"2022-05-06T08:39:00.000Z","is_complete":true},{"open":237.49,"high":237.49,"low":237.09,"close":237.09,"volume":2372,"time":"2022-05-06T08:40:00.000Z","is_complete":true},{"open":237.1,"high":237.28,"low":237,"close":237.03,"volume":3792,"time":"2022-05-06T08:41:00.000Z","is_complete":true},{"open":237.03,"high":237.16,"low":237,"close":237.16,"volume":765,"time":"2022-05-06T08:42:00.000Z","is_complete":true},{"open":237.07,"high":237.45,"low":237,"close":237.28,"volume":3442,"time":"2022-05-06T08:43:00.000Z","is_complete":true},{"open":237.42,"high":237.47,"low":237.27,"close":237.45,"volume":469,"time":"2022-05-06T08:44:00.000Z","is_complete":true},{"open":237.28,"high":237.49,"low":237.27,"close":237.39,"volume":452,"time":"2022-05-06T08:45:00.000Z","is_complete":true},{"open":237.31,"high":237.31,"low":237,"close":237,"volume":1439,"time":"2022-05-06T08:46:00.000Z","is_complete":true},{"open":237.01,"high":237.13,"low":237,"close":237,"volume":1666,"time":"2022-05-06T08:47:00.000Z","is_complete":true},{"open":237,"high":237.13,"low":237,"close":237.13,"volume":1100,"time":"2022-05-06T08:48:00.000Z","is_complete":true},{"open":237.13,"high":237.24,"low":237,"close":237.01,"volume":513,"time":"2022-05-06T08:49:00.000Z","is_complete":true},{"open":237.16,"high":237.3,"low":237.02,"close":237.04,"volume":367,"time":"2022-05-06T08:50:00.000Z","is_complete":true},{"open":237.1,"high":237.27,"low":237.02,"close":237.02,"volume":506,"time":"2022-05-06T08:51:00.000Z","is_complete":true},{"open":237.14,"high":237.15,"low":237.03,"close":237.03,"volume":285,"time":"2022-05-06T08:52:00.000Z","is_complete":true},{"open":237.09,"high":237.13,"low":237,"close":237,"volume":2940,"time":"2022-05-06T08:53:00.000Z","is_complete":true},{"open":237,"high":237.01,"low":237,"close":237,"volume":3500,"time":"2022-05-06T08:54:00.000Z","is_complete":true},{"open":237,"high":237.16,"low":237,"close":237.04,"volume":2499,"time":"2022-05-06T08:55:00.000Z","is_complete":true},{"open":237.14,"high":237.19,"low":237,"close":237.07,"volume":387,"time":"2022-05-06T08:56:00.000Z","is_complete":true},{"open":237.08,"high":237.18,"low":237,"close":237,"volume":3900,"time":"2022-05-06T08:57:00.000Z","is_complete":true},{"open":237,"high":237.03,"low":236.51,"close":236.68,"volume":5465,"time":"2022-05-06T08:58:00.000Z","is_complete":true},{"open":236.68,"high":236.87,"low":236.58,"close":236.61,"volume":753,"time":"2022-05-06T08:59:00.000Z","is_complete":true},{"open":236.64,"high":236.77,"low":236.56,"close":236.69,"volume":477,"time":"2022-05-06T09:00:00.000Z","is_complete":true},{"open":236.7,"high":236.71,"low":236.55,"close":236.7,"volume":608,"time":"2022-05-06T09:01:00.000Z","is_complete":true},{"open":236.6,"high":236.9,"low":236.58,"close":236.85,"volume":1041,"time":"2022-05-06T09:02:00.000Z","is_complete":true},{"open":236.9,"high":236.9,"low":236.77,"close":236.77,"volume":195,"time":"2022-05-06T09:03:00.000Z","is_complete":true},{"open":236.82,"high":236.85,"low":236.51,"close":236.55,"volume":1000,"time":"2022-05-06T09:04:00.000Z","is_complete":true},{"open":236.62,"high":236.67,"low":236.5,"close":236.62,"volume":1414,"time":"2022-05-06T09:05:00.000Z","is_complete":true},{"open":236.6,"high":236.76,"low":236.53,"close":236.73,"volume":357,"time":"2022-05-06T09:06:00.000Z","is_complete":true},{"open":236.73,"high":236.76,"low":236.62,"close":236.7,"volume":288,"time":"2022-05-06T09:07:00.000Z","is_complete":true},{"open":236.62,"high":236.93,"low":236.62,"close":236.93,"volume":1215,"time":"2022-05-06T09:08:00.000Z","is_complete":true},{"open":236.92,"high":237.74,"low":236.72,"close":237.74,"volume":13313,"time":"2022-05-06T09:09:00.000Z","is_complete":true},{"open":237.68,"high":237.68,"low":237.03,"close":237.04,"volume":2420,"time":"2022-05-06T09:10:00.000Z","is_complete":true},{"open":237.03,"high":237.67,"low":237,"close":237.67,"volume":4323,"time":"2022-05-06T09:11:00.000Z","is_complete":true},{"open":237.67,"high":237.74,"low":237.03,"close":237.03,"volume":2991,"time":"2022-05-06T09:12:00.000Z","is_complete":true},{"open":237.15,"high":237.36,"low":237.1,"close":237.2,"volume":4199,"time":"2022-05-06T09:13:00.000Z","is_complete":true},{"open":237.25,"high":237.25,"low":237.03,"close":237.05,"volume":1016,"time":"2022-05-06T09:14:00.000Z","is_complete":true},{"open":237.05,"high":237.91,"low":237.04,"close":237.9,"volume":13349,"time":"2022-05-06T09:15:00.000Z","is_complete":true},{"open":237.92,"high":238.4,"low":237.82,"close":238.39,"volume":17441,"time":"2022-05-06T09:16:00.000Z","is_complete":true},{"open":238.38,"high":238.44,"low":238.15,"close":238.38,"volume":6748,"time":"2022-05-06T09:17:00.000Z","is_complete":true},{"open":238.38,"high":238.48,"low":238.08,"close":238.42,"volume":6910,"time":"2022-05-06T09:18:00.000Z","is_complete":true},{"open":238.42,"high":238.5,"low":238.27,"close":238.49,"volume":4812,"time":"2022-05-06T09:19:00.000Z","is_complete":true},{"open":238.49,"high":238.5,"low":238,"close":238,"volume":5572,"time":"2022-05-06T09:20:00.000Z","is_complete":true},{"open":238.19,"high":238.38,"low":237.84,"close":238.2,"volume":2921,"time":"2022-05-06T09:21:00.000Z","is_complete":true},{"open":238.21,"high":238.33,"low":238.02,"close":238.3,"volume":3631,"time":"2022-05-06T09:22:00.000Z","is_complete":true},{"open":238.3,"high":238.3,"low":238.07,"close":238.28,"volume":978,"time":"2022-05-06T09:23:00.000Z","is_complete":true},{"open":238.28,"high":238.3,"low":237.84,"close":238.17,"volume":2039,"time":"2022-05-06T09:24:00.000Z","is_complete":true},{"open":238.27,"high":238.29,"low":238.06,"close":238.22,"volume":802,"time":"2022-05-06T09:25:00.000Z","is_complete":true},{"open":238.22,"high":238.25,"low":237.54,"close":237.74,"volume":8903,"time":"2022-05-06T09:26:00.000Z","is_complete":true},{"open":237.58,"high":237.9,"low":237.57,"close":237.76,"volume":697,"time":"2022-05-06T09:27:00.000Z","is_complete":true},{"open":237.86,"high":238.03,"low":237.79,"close":238.03,"volume":1448,"time":"2022-05-06T09:28:00.000Z","is_complete":true},{"open":237.99,"high":238,"low":237.63,"close":237.79,"volume":857,"time":"2022-05-06T09:29:00.000Z","is_complete":true},{"open":237.75,"high":237.98,"low":237.63,"close":237.79,"volume":583,"time":"2022-05-06T09:30:00.000Z","is_complete":true},{"open":237.8,"high":237.93,"low":237.76,"close":237.82,"volume":117,"time":"2022-05-06T09:31:00.000Z","is_complete":true},{"open":237.82,"high":237.93,"low":237.8,"close":237.8,"volume":491,"time":"2022-05-06T09:32:00.000Z","is_complete":true},{"open":237.78,"high":237.8,"low":237.7,"close":237.78,"volume":555,"time":"2022-05-06T09:33:00.000Z","is_complete":true},{"open":237.79,"high":237.8,"low":237.7,"close":237.8,"volume":1809,"time":"2022-05-06T09:34:00.000Z","is_complete":true},{"open":237.79,"high":237.8,"low":237.7,"close":237.7,"volume":643,"time":"2022-05-06T09:35:00.000Z","is_complete":true},{"open":237.79,"high":237.8,"low":237.65,"close":237.65,"volume":1611,"time":"2022-05-06T09:36:00.000Z","is_complete":true},{"open":237.65,"high":237.76,"low":237.56,"close":237.6,"volume":506,"time":"2022-05-06T09:37:00.000Z","is_complete":true},{"open":237.66,"high":237.66,"low":237.6,"close":237.65,"volume":515,"time":"2022-05-06T09:38:00.000Z","is_complete":true},{"open":237.65,"high":237.75,"low":237.55,"close":237.75,"volume":237,"time":"2022-05-06T09:39:00.000Z","is_complete":true},{"open":237.62,"high":237.79,"low":237.52,"close":237.78,"volume":1221,"time":"2022-05-06T09:40:00.000Z","is_complete":true},{"open":237.72,"high":237.78,"low":237.53,"close":237.53,"volume":265,"time":"2022-05-06T09:41:00.000Z","is_complete":true},{"open":237.54,"high":237.63,"low":237.53,"close":237.63,"volume":103,"time":"2022-05-06T09:42:00.000Z","is_complete":true},{"open":237.63,"high":237.65,"low":237.53,"close":237.61,"volume":246,"time":"2022-05-06T09:43:00.000Z","is_complete":true},{"open":237.55,"high":237.65,"low":237.54,"close":237.56,"volume":435,"time":"2022-05-06T09:44:00.000Z","is_complete":true},{"open":237.62,"high":237.8,"low":237.54,"close":237.72,"volume":1277,"time":"2022-05-06T09:45:00.000Z","is_complete":true},{"open":237.72,"high":237.8,"low":237.68,"close":237.7,"volume":1676,"time":"2022-05-06T09:46:00.000Z","is_complete":true},{"open":237.8,"high":237.8,"low":237.69,"close":237.79,"volume":2924,"time":"2022-05-06T09:47:00.000Z","is_complete":true},{"open":237.79,"high":237.8,"low":237.71,"close":237.71,"volume":1576,"time":"2022-05-06T09:48:00.000Z","is_complete":true},{"open":237.8,"high":237.8,"low":237.67,"close":237.67,"volume":383,"time":"2022-05-06T09:49:00.000Z","is_complete":true},{"open":237.64,"high":237.7,"low":237.52,"close":237.54,"volume":913,"time":"2022-05-06T09:50:00.000Z","is_complete":true},{"open":237.64,"high":237.67,"low":237.5,"close":237.5,"volume":5519,"time":"2022-05-06T09:51:00.000Z","is_complete":true},{"open":237.54,"high":237.6,"low":237.05,"close":237.06,"volume":5146,"time":"2022-05-06T09:52:00.000Z","is_complete":true},{"open":237.18,"high":237.64,"low":237.06,"close":237.6,"volume":1508,"time":"2022-05-06T09:53:00.000Z","is_complete":true},{"open":237.6,"high":237.8,"low":237.08,"close":237.25,"volume":4014,"time":"2022-05-06T09:54:00.000Z","is_complete":true},{"open":237.25,"high":237.36,"low":237.05,"close":237.1,"volume":1593,"time":"2022-05-06T09:55:00.000Z","is_complete":true},{"open":237.17,"high":237.49,"low":237.12,"close":237.21,"volume":1302,"time":"2022-05-06T09:56:00.000Z","is_complete":true},{"open":237.33,"high":237.41,"low":237.17,"close":237.4,"volume":496,"time":"2022-05-06T09:57:00.000Z","is_complete":true},{"open":237.38,"high":237.5,"low":237.38,"close":237.41,"volume":1007,"time":"2022-05-06T09:58:00.000Z","is_complete":true},{"open":237.49,"high":237.5,"low":237.38,"close":237.39,"volume":641,"time":"2022-05-06T09:59:00.000Z","is_complete":true},{"open":237.38,"high":237.49,"low":237.16,"close":237.35,"volume":689,"time":"2022-05-06T10:00:00.000Z","is_complete":true},{"open":237.21,"high":237.35,"low":237.21,"close":237.35,"volume":602,"time":"2022-05-06T10:01:00.000Z","is_complete":true},{"open":237.3,"high":237.35,"low":237.2,"close":237.3,"volume":47,"time":"2022-05-06T10:02:00.000Z","is_complete":true},{"open":237.3,"high":237.3,"low":237.15,"close":237.2,"volume":846,"time":"2022-05-06T10:03:00.000Z","is_complete":true},{"open":237.15,"high":237.15,"low":237.06,"close":237.15,"volume":797,"time":"2022-05-06T10:04:00.000Z","is_complete":true},{"open":237.07,"high":237.15,"low":236.67,"close":236.71,"volume":8756,"time":"2022-05-06T10:05:00.000Z","is_complete":true},{"open":236.71,"high":236.89,"low":236.55,"close":236.68,"volume":2783,"time":"2022-05-06T10:06:00.000Z","is_complete":true},{"open":236.71,"high":237.38,"low":236.68,"close":236.81,"volume":3590,"time":"2022-05-06T10:07:00.000Z","is_complete":true},{"open":236.81,"high":236.99,"low":236.67,"close":236.71,"volume":597,"time":"2022-05-06T10:08:00.000Z","is_complete":true},{"open":236.71,"high":236.9,"low":236.7,"close":236.76,"volume":483,"time":"2022-05-06T10:09:00.000Z","is_complete":true},{"open":236.77,"high":236.94,"low":236.76,"close":236.81,"volume":527,"time":"2022-05-06T10:10:00.000Z","is_complete":true},{"open":236.84,"high":237.08,"low":236.84,"close":237.03,"volume":1202,"time":"2022-05-06T10:11:00.000Z","is_complete":true},{"open":237.03,"high":237.31,"low":237.03,"close":237.27,"volume":585,"time":"2022-05-06T10:12:00.000Z","is_complete":true},{"open":237.31,"high":237.5,"low":237.27,"close":237.4,"volume":1654,"time":"2022-05-06T10:13:00.000Z","is_complete":true},{"open":237.4,"high":237.45,"low":237.13,"close":237.2,"volume":505,"time":"2022-05-06T10:14:00.000Z","is_complete":true},{"open":237.35,"high":237.39,"low":237.08,"close":237.25,"volume":539,"time":"2022-05-06T10:15:00.000Z","is_complete":true},{"open":237.25,"high":237.4,"low":237.1,"close":237.38,"volume":942,"time":"2022-05-06T10:16:00.000Z","is_complete":true},{"open":237.38,"high":237.5,"low":237.34,"close":237.48,"volume":868,"time":"2022-05-06T10:17:00.000Z","is_complete":true},{"open":237.4,"high":237.5,"low":237.23,"close":237.4,"volume":1326,"time":"2022-05-06T10:18:00.000Z","is_complete":true},{"open":237.4,"high":237.48,"low":237.23,"close":237.24,"volume":557,"time":"2022-05-06T10:19:00.000Z","is_complete":true},{"open":237.3,"high":237.49,"low":236.75,"close":237.11,"volume":3764,"time":"2022-05-06T10:20:00.000Z","is_complete":true},{"open":237.06,"high":237.19,"low":237.01,"close":237.1,"volume":194,"time":"2022-05-06T10:21:00.000Z","is_complete":true},{"open":237.18,"high":237.19,"low":237.03,"close":237.15,"volume":161,"time":"2022-05-06T10:22:00.000Z","is_complete":true},{"open":237.18,"high":237.32,"low":237.02,"close":237.29,"volume":658,"time":"2022-05-06T10:23:00.000Z","is_complete":true},{"open":237.29,"high":237.32,"low":237.07,"close":237.3,"volume":224,"time":"2022-05-06T10:24:00.000Z","is_complete":true},{"open":237.3,"high":237.32,"low":237.13,"close":237.24,"volume":514,"time":"2022-05-06T10:25:00.000Z","is_complete":true},{"open":237.24,"high":237.24,"low":237.13,"close":237.2,"volume":57,"time":"2022-05-06T10:26:00.000Z","is_complete":true},{"open":237.2,"high":237.2,"low":237.03,"close":237.03,"volume":501,"time":"2022-05-06T10:27:00.000Z","is_complete":true},{"open":237.03,"high":237.19,"low":237.02,"close":237.04,"volume":378,"time":"2022-05-06T10:28:00.000Z","is_complete":true},{"open":237.03,"high":237.16,"low":237.02,"close":237.14,"volume":486,"time":"2022-05-06T10:29:00.000Z","is_complete":true},{"open":237.04,"high":237.14,"low":237,"close":237,"volume":949,"time":"2022-05-06T10:30:00.000Z","is_complete":true},{"open":237.1,"high":237.1,"low":236.7,"close":236.85,"volume":1669,"time":"2022-05-06T10:31:00.000Z","is_complete":true},{"open":236.88,"high":236.93,"low":236.7,"close":236.73,"volume":1805,"time":"2022-05-06T10:32:00.000Z","is_complete":true},{"open":236.7,"high":236.9,"low":236.7,"close":236.9,"volume":404,"time":"2022-05-06T10:33:00.000Z","is_complete":true},{"open":236.9,"high":236.9,"low":236.8,"close":236.81,"volume":705,"time":"2022-05-06T10:34:00.000Z","is_complete":true},{"open":236.81,"high":236.9,"low":236.8,"close":236.81,"volume":1226,"time":"2022-05-06T10:35:00.000Z","is_complete":true},{"open":236.81,"high":236.81,"low":236.7,"close":236.7,"volume":429,"time":"2022-05-06T10:36:00.000Z","is_complete":true},{"open":236.71,"high":236.79,"low":236.7,"close":236.78,"volume":109,"time":"2022-05-06T10:37:00.000Z","is_complete":true},{"open":236.79,"high":236.8,"low":236.71,"close":236.8,"volume":702,"time":"2022-05-06T10:38:00.000Z","is_complete":true},{"open":236.8,"high":236.8,"low":236.72,"close":236.79,"volume":3432,"time":"2022-05-06T10:39:00.000Z","is_complete":true},{"open":236.8,"high":236.8,"low":236.73,"close":236.78,"volume":920,"time":"2022-05-06T10:40:00.000Z","is_complete":true},{"open":236.77,"high":236.8,"low":236.73,"close":236.75,"volume":298,"time":"2022-05-06T10:41:00.000Z","is_complete":true},{"open":236.8,"high":236.8,"low":236.6,"close":236.75,"volume":1996,"time":"2022-05-06T10:42:00.000Z","is_complete":true},{"open":236.62,"high":236.8,"low":236.62,"close":236.68,"volume":2925,"time":"2022-05-06T10:43:00.000Z","is_complete":true},{"open":236.8,"high":236.8,"low":236.7,"close":236.8,"volume":381,"time":"2022-05-06T10:44:00.000Z","is_complete":true},{"open":236.7,"high":236.8,"low":236.7,"close":236.8,"volume":95,"time":"2022-05-06T10:45:00.000Z","is_complete":true},{"open":236.79,"high":236.8,"low":236.7,"close":236.71,"volume":407,"time":"2022-05-06T10:46:00.000Z","is_complete":true},{"open":236.78,"high":236.78,"low":236.69,"close":236.71,"volume":651,"time":"2022-05-06T10:47:00.000Z","is_complete":true},{"open":236.77,"high":236.79,"low":236.6,"close":236.73,"volume":1104,"time":"2022-05-06T10:48:00.000Z","is_complete":true},{"open":236.74,"high":236.76,"low":236.62,"close":236.73,"volume":192,"time":"2022-05-06T10:49:00.000Z","is_complete":true},{"open":236.73,"high":236.73,"low":236.61,"close":236.62,"volume":422,"time":"2022-05-06T10:50:00.000Z","is_complete":true},{"open":236.7,"high":236.79,"low":236.62,"close":236.72,"volume":230,"time":"2022-05-06T10:51:00.000Z","is_complete":true},{"open":236.72,"high":236.8,"low":236.66,"close":236.8,"volume":946,"time":"2022-05-06T10:52:00.000Z","is_complete":true},{"open":236.8,"high":236.8,"low":236.72,"close":236.72,"volume":369,"time":"2022-05-06T10:53:00.000Z","is_complete":true},{"open":236.79,"high":236.8,"low":236.72,"close":236.72,"volume":1351,"time":"2022-05-06T10:54:00.000Z","is_complete":true},{"open":236.75,"high":236.98,"low":236.75,"close":236.98,"volume":1794,"time":"2022-05-06T10:55:00.000Z","is_complete":true},{"open":236.97,"high":237,"low":236.83,"close":236.9,"volume":1476,"time":"2022-05-06T10:56:00.000Z","is_complete":true},{"open":236.96,"high":236.99,"low":236.85,"close":236.85,"volume":610,"time":"2022-05-06T10:57:00.000Z","is_complete":true},{"open":236.95,"high":237,"low":236.85,"close":236.99,"volume":731,"time":"2022-05-06T10:58:00.000Z","is_complete":true},{"open":236.99,"high":237,"low":236.85,"close":236.99,"volume":568,"time":"2022-05-06T10:59:00.000Z","is_complete":true},{"open":236.9,"high":236.99,"low":236.85,"close":236.97,"volume":92,"time":"2022-05-06T11:00:00.000Z","is_complete":true},{"open":236.97,"high":236.99,"low":236.89,"close":236.89,"volume":108,"time":"2022-05-06T11:01:00.000Z","is_complete":true},{"open":236.89,"high":236.99,"low":236.87,"close":236.99,"volume":213,"time":"2022-05-06T11:02:00.000Z","is_complete":true},{"open":236.99,"high":237,"low":236.87,"close":236.87,"volume":236,"time":"2022-05-06T11:03:00.000Z","is_complete":true},{"open":236.97,"high":237,"low":236.88,"close":236.91,"volume":818,"time":"2022-05-06T11:04:00.000Z","is_complete":true},{"open":236.99,"high":237.1,"low":236.9,"close":236.9,"volume":884,"time":"2022-05-06T11:05:00.000Z","is_complete":true},{"open":236.99,"high":236.99,"low":236.85,"close":236.98,"volume":1084,"time":"2022-05-06T11:06:00.000Z","is_complete":true},{"open":236.92,"high":237.15,"low":236.85,"close":237,"volume":2755,"time":"2022-05-06T11:07:00.000Z","is_complete":true},{"open":237.02,"high":237.47,"low":237.02,"close":237.23,"volume":1492,"time":"2022-05-06T11:08:00.000Z","is_complete":true},{"open":237.26,"high":237.28,"low":237.19,"close":237.27,"volume":438,"time":"2022-05-06T11:09:00.000Z","is_complete":true},{"open":237.2,"high":237.34,"low":237.2,"close":237.28,"volume":447,"time":"2022-05-06T11:10:00.000Z","is_complete":true},{"open":237.28,"high":237.3,"low":237.2,"close":237.2,"volume":126,"time":"2022-05-06T11:11:00.000Z","is_complete":true},{"open":237.2,"high":237.23,"low":237.01,"close":237.05,"volume":1235,"time":"2022-05-06T11:12:00.000Z","is_complete":true},{"open":237.08,"high":237.17,"low":237.05,"close":237.09,"volume":1479,"time":"2022-05-06T11:13:00.000Z","is_complete":true},{"open":237.05,"high":237.1,"low":237.05,"close":237.06,"volume":212,"time":"2022-05-06T11:14:00.000Z","is_complete":true},{"open":237.05,"high":237.09,"low":237.05,"close":237.09,"volume":764,"time":"2022-05-06T11:15:00.000Z","is_complete":true},{"open":237.05,"high":237.09,"low":237.05,"close":237.05,"volume":1011,"time":"2022-05-06T11:16:00.000Z","is_complete":true},{"open":237.07,"high":237.25,"low":237.05,"close":237.12,"volume":2335,"time":"2022-05-06T11:17:00.000Z","is_complete":true},{"open":237.11,"high":237.3,"low":237.06,"close":237.3,"volume":738,"time":"2022-05-06T11:18:00.000Z","is_complete":true},{"open":237.3,"high":237.42,"low":237.17,"close":237.4,"volume":1120,"time":"2022-05-06T11:19:00.000Z","is_complete":true},{"open":237.42,"high":237.6,"low":237.4,"close":237.6,"volume":2438,"time":"2022-05-06T11:20:00.000Z","is_complete":true},{"open":237.49,"high":237.9,"low":237.49,"close":237.86,"volume":12473,"time":"2022-05-06T11:21:00.000Z","is_complete":true},{"open":237.86,"high":238.3,"low":237.82,"close":238.1,"volume":11598,"time":"2022-05-06T11:22:00.000Z","is_complete":true},{"open":238.02,"high":238.02,"low":237.82,"close":237.89,"volume":1517,"time":"2022-05-06T11:23:00.000Z","is_complete":true},{"open":237.88,"high":237.99,"low":237.82,"close":237.89,"volume":4696,"time":"2022-05-06T11:24:00.000Z","is_complete":true},{"open":237.9,"high":237.99,"low":237.82,"close":237.82,"volume":2393,"time":"2022-05-06T11:25:00.000Z","is_complete":true},{"open":237.82,"high":238.03,"low":237.82,"close":237.91,"volume":2794,"time":"2022-05-06T11:26:00.000Z","is_complete":true},{"open":237.91,"high":238.04,"low":237.9,"close":237.91,"volume":642,"time":"2022-05-06T11:27:00.000Z","is_complete":true},{"open":237.91,"high":238.3,"low":237.9,"close":238.21,"volume":5667,"time":"2022-05-06T11:28:00.000Z","is_complete":true},{"open":238.18,"high":238.33,"low":237.91,"close":237.91,"volume":2974,"time":"2022-05-06T11:29:00.000Z","is_complete":true},{"open":237.91,"high":238.11,"low":237.91,"close":238,"volume":1593,"time":"2022-05-06T11:30:00.000Z","is_complete":true},{"open":238.07,"high":238.07,"low":237.83,"close":237.89,"volume":1534,"time":"2022-05-06T11:31:00.000Z","is_complete":true},{"open":237.83,"high":237.9,"low":237.82,"close":237.82,"volume":1683,"time":"2022-05-06T11:32:00.000Z","is_complete":true},{"open":237.89,"high":237.9,"low":237.82,"close":237.85,"volume":8087,"time":"2022-05-06T11:33:00.000Z","is_complete":true},{"open":237.85,"high":237.92,"low":237.82,"close":237.82,"volume":1591,"time":"2022-05-06T11:34:00.000Z","is_complete":true},{"open":237.82,"high":238.32,"low":237.82,"close":238.32,"volume":4468,"time":"2022-05-06T11:35:00.000Z","is_complete":true},{"open":238.28,"high":238.33,"low":238.07,"close":238.18,"volume":1751,"time":"2022-05-06T11:36:00.000Z","is_complete":true},{"open":238.26,"high":238.3,"low":237.97,"close":238.02,"volume":1117,"time":"2022-05-06T11:37:00.000Z","is_complete":true},{"open":238,"high":238.05,"low":237.83,"close":237.84,"volume":884,"time":"2022-05-06T11:38:00.000Z","is_complete":true},{"open":237.84,"high":238.04,"low":237.84,"close":237.87,"volume":544,"time":"2022-05-06T11:39:00.000Z","is_complete":true},{"open":237.99,"high":238,"low":237.87,"close":237.89,"volume":291,"time":"2022-05-06T11:40:00.000Z","is_complete":true},{"open":237.9,"high":237.91,"low":237.82,"close":237.82,"volume":1057,"time":"2022-05-06T11:41:00.000Z","is_complete":true},{"open":237.89,"high":237.97,"low":237.83,"close":237.83,"volume":434,"time":"2022-05-06T11:42:00.000Z","is_complete":true},{"open":237.84,"high":237.95,"low":237.82,"close":237.93,"volume":598,"time":"2022-05-06T11:43:00.000Z","is_complete":true},{"open":237.93,"high":238,"low":237.84,"close":237.84,"volume":1475,"time":"2022-05-06T11:44:00.000Z","is_complete":true},{"open":237.83,"high":238.04,"low":237.82,"close":238.03,"volume":792,"time":"2022-05-06T11:45:00.000Z","is_complete":true},{"open":238.04,"high":238.1,"low":237.84,"close":237.97,"volume":1943,"time":"2022-05-06T11:46:00.000Z","is_complete":true},{"open":237.97,"high":237.97,"low":237.84,"close":237.96,"volume":898,"time":"2022-05-06T11:47:00.000Z","is_complete":true},{"open":237.96,"high":237.97,"low":237.93,"close":237.96,"volume":934,"time":"2022-05-06T11:48:00.000Z","is_complete":true},{"open":237.96,"high":237.96,"low":237.82,"close":237.9,"volume":1405,"time":"2022-05-06T11:49:00.000Z","is_complete":true},{"open":237.9,"high":237.93,"low":237.83,"close":237.83,"volume":306,"time":"2022-05-06T11:50:00.000Z","is_complete":true},{"open":237.83,"high":237.93,"low":237.82,"close":237.83,"volume":868,"time":"2022-05-06T11:51:00.000Z","is_complete":true},{"open":237.83,"high":237.93,"low":237.82,"close":237.83,"volume":794,"time":"2022-05-06T11:52:00.000Z","is_complete":true},{"open":237.9,"high":237.94,"low":237.83,"close":237.88,"volume":445,"time":"2022-05-06T11:53:00.000Z","is_complete":true},{"open":237.93,"high":237.97,"low":237.86,"close":237.92,"volume":731,"time":"2022-05-06T11:54:00.000Z","is_complete":true},{"open":237.92,"high":237.92,"low":237.84,"close":237.92,"volume":527,"time":"2022-05-06T11:55:00.000Z","is_complete":true},{"open":237.92,"high":237.97,"low":237.85,"close":237.86,"volume":745,"time":"2022-05-06T11:56:00.000Z","is_complete":true},{"open":237.86,"high":237.94,"low":237.82,"close":237.9,"volume":1792,"time":"2022-05-06T11:57:00.000Z","is_complete":true},{"open":237.9,"high":237.97,"low":237.89,"close":237.97,"volume":2690,"time":"2022-05-06T11:58:00.000Z","is_complete":true},{"open":237.97,"high":237.97,"low":237.89,"close":237.97,"volume":435,"time":"2022-05-06T11:59:00.000Z","is_complete":true},{"open":237.97,"high":237.97,"low":237.82,"close":237.97,"volume":2923,"time":"2022-05-06T12:00:00.000Z","is_complete":true},{"open":237.96,"high":237.97,"low":237.93,"close":237.97,"volume":1417,"time":"2022-05-06T12:01:00.000Z","is_complete":true},{"open":237.93,"high":238.3,"low":237.93,"close":238.16,"volume":10749,"time":"2022-05-06T12:02:00.000Z","is_complete":true},{"open":238.28,"high":238.75,"low":238.16,"close":238.64,"volume":29141,"time":"2022-05-06T12:03:00.000Z","is_complete":true},{"open":238.64,"high":238.79,"low":238.57,"close":238.77,"volume":5758,"time":"2022-05-06T12:04:00.000Z","is_complete":true},{"open":238.77,"high":238.88,"low":238.72,"close":238.74,"volume":3876,"time":"2022-05-06T12:05:00.000Z","is_complete":true},{"open":238.86,"high":238.88,"low":238.59,"close":238.79,"volume":2244,"time":"2022-05-06T12:06:00.000Z","is_complete":true},{"open":238.8,"high":238.8,"low":238.7,"close":238.75,"volume":978,"time":"2022-05-06T12:07:00.000Z","is_complete":true},{"open":238.75,"high":238.88,"low":238.7,"close":238.8,"volume":1987,"time":"2022-05-06T12:08:00.000Z","is_complete":true},{"open":238.71,"high":238.88,"low":238.7,"close":238.7,"volume":3042,"time":"2022-05-06T12:09:00.000Z","is_complete":true},{"open":238.7,"high":238.88,"low":238.5,"close":238.82,"volume":3257,"time":"2022-05-06T12:10:00.000Z","is_complete":true},{"open":238.58,"high":238.8,"low":238.5,"close":238.74,"volume":1076,"time":"2022-05-06T12:11:00.000Z","is_complete":true},{"open":238.61,"high":238.75,"low":238.5,"close":238.6,"volume":5067,"time":"2022-05-06T12:12:00.000Z","is_complete":true},{"open":238.6,"high":238.74,"low":238.4,"close":238.6,"volume":1660,"time":"2022-05-06T12:13:00.000Z","is_complete":true},{"open":238.5,"high":238.6,"low":238.45,"close":238.53,"volume":819,"time":"2022-05-06T12:14:00.000Z","is_complete":true},{"open":238.52,"high":238.79,"low":238.47,"close":238.79,"volume":1665,"time":"2022-05-06T12:15:00.000Z","is_complete":true},{"open":238.64,"high":238.84,"low":238.64,"close":238.68,"volume":3270,"time":"2022-05-06T12:16:00.000Z","is_complete":true},{"open":238.68,"high":238.84,"low":238.61,"close":238.84,"volume":976,"time":"2022-05-06T12:17:00.000Z","is_complete":true},{"open":238.8,"high":238.85,"low":238.72,"close":238.74,"volume":1201,"time":"2022-05-06T12:18:00.000Z","is_complete":true},{"open":238.82,"high":238.86,"low":238.74,"close":238.8,"volume":1387,"time":"2022-05-06T12:19:00.000Z","is_complete":true},{"open":238.8,"high":238.86,"low":238.72,"close":238.8,"volume":1390,"time":"2022-05-06T12:20:00.000Z","is_complete":true},{"open":238.8,"high":238.86,"low":238.72,"close":238.72,"volume":1297,"time":"2022-05-06T12:21:00.000Z","is_complete":true},{"open":238.72,"high":238.81,"low":238.7,"close":238.81,"volume":411,"time":"2022-05-06T12:22:00.000Z","is_complete":true},{"open":238.72,"high":238.85,"low":238.7,"close":238.7,"volume":1966,"time":"2022-05-06T12:23:00.000Z","is_complete":true},{"open":238.7,"high":238.75,"low":238.63,"close":238.74,"volume":2102,"time":"2022-05-06T12:24:00.000Z","is_complete":true},{"open":238.74,"high":238.76,"low":238.63,"close":238.64,"volume":2300,"time":"2022-05-06T12:25:00.000Z","is_complete":true},{"open":238.63,"high":238.75,"low":238.63,"close":238.73,"volume":2598,"time":"2022-05-06T12:26:00.000Z","is_complete":true},{"open":238.63,"high":238.75,"low":238.63,"close":238.69,"volume":997,"time":"2022-05-06T12:27:00.000Z","is_complete":true},{"open":238.69,"high":238.75,"low":238.63,"close":238.7,"volume":924,"time":"2022-05-06T12:28:00.000Z","is_complete":true},{"open":238.63,"high":238.7,"low":238.63,"close":238.7,"volume":548,"time":"2022-05-06T12:29:00.000Z","is_complete":true},{"open":238.64,"high":238.85,"low":238.64,"close":238.85,"volume":1576,"time":"2022-05-06T12:30:00.000Z","is_complete":true},{"open":238.7,"high":238.86,"low":238.7,"close":238.86,"volume":1268,"time":"2022-05-06T12:31:00.000Z","is_complete":true},{"open":238.85,"high":239.29,"low":238.85,"close":239.18,"volume":22655,"time":"2022-05-06T12:32:00.000Z","is_complete":true},{"open":239.18,"high":239.5,"low":239.12,"close":239.5,"volume":15159,"time":"2022-05-06T12:33:00.000Z","is_complete":true},{"open":239.5,"high":240.5,"low":239.1,"close":240.5,"volume":47287,"time":"2022-05-06T12:34:00.000Z","is_complete":true},{"open":240.38,"high":241.35,"low":240.34,"close":241.3,"volume":39617,"time":"2022-05-06T12:35:00.000Z","is_complete":true},{"open":241.27,"high":242.04,"low":241.09,"close":242,"volume":39413,"time":"2022-05-06T12:36:00.000Z","is_complete":true},{"open":242,"high":242.04,"low":241.79,"close":241.89,"volume":16016,"time":"2022-05-06T12:37:00.000Z","is_complete":true},{"open":241.89,"high":242.3,"low":241.79,"close":241.79,"volume":15671,"time":"2022-05-06T12:38:00.000Z","is_complete":true},{"open":241.91,"high":242,"low":241.79,"close":241.96,"volume":11391,"time":"2022-05-06T12:39:00.000Z","is_complete":true},{"open":242,"high":242.92,"low":241.8,"close":242.74,"volume":24404,"time":"2022-05-06T12:40:00.000Z","is_complete":true},{"open":242.61,"high":242.8,"low":242.23,"close":242.28,"volume":5613,"time":"2022-05-06T12:41:00.000Z","is_complete":true},{"open":242.28,"high":242.46,"low":242.1,"close":242.12,"volume":7090,"time":"2022-05-06T12:42:00.000Z","is_complete":true},{"open":242.17,"high":242.23,"low":241.79,"close":241.79,"volume":12012,"time":"2022-05-06T12:43:00.000Z","is_complete":true},{"open":241.89,"high":242.5,"low":241.79,"close":242,"volume":8777,"time":"2022-05-06T12:44:00.000Z","is_complete":true},{"open":242.01,"high":242.01,"low":241.79,"close":241.8,"volume":11540,"time":"2022-05-06T12:45:00.000Z","is_complete":true},{"open":241.79,"high":241.8,"low":241.79,"close":241.79,"volume":5287,"time":"2022-05-06T12:46:00.000Z","is_complete":true},{"open":241.79,"high":241.95,"low":241.79,"close":241.8,"volume":5451,"time":"2022-05-06T12:47:00.000Z","is_complete":true},{"open":241.88,"high":241.94,"low":241.79,"close":241.8,"volume":2367,"time":"2022-05-06T12:48:00.000Z","is_complete":true},{"open":241.88,"high":241.89,"low":240.6,"close":240.94,"volume":15691,"time":"2022-05-06T12:49:00.000Z","is_complete":true},{"open":240.94,"high":241.19,"low":240.58,"close":241.04,"volume":13080,"time":"2022-05-06T12:50:00.000Z","is_complete":true},{"open":241.04,"high":241.1,"low":240.83,"close":241.1,"volume":3308,"time":"2022-05-06T12:51:00.000Z","is_complete":true},{"open":241.1,"high":241.59,"low":241,"close":241.59,"volume":4855,"time":"2022-05-06T12:52:00.000Z","is_complete":true},{"open":241.59,"high":241.93,"low":241.5,"close":241.82,"volume":3992,"time":"2022-05-06T12:53:00.000Z","is_complete":true},{"open":241.82,"high":241.9,"low":241.27,"close":241.27,"volume":3699,"time":"2022-05-06T12:54:00.000Z","is_complete":true},{"open":241.4,"high":241.85,"low":241.21,"close":241.33,"volume":3326,"time":"2022-05-06T12:55:00.000Z","is_complete":true},{"open":241.41,"high":241.49,"low":241.05,"close":241.18,"volume":1881,"time":"2022-05-06T12:56:00.000Z","is_complete":true},{"open":241.35,"high":241.37,"low":241.18,"close":241.25,"volume":923,"time":"2022-05-06T12:57:00.000Z","is_complete":true},{"open":241.28,"high":241.28,"low":240.67,"close":240.78,"volume":4671,"time":"2022-05-06T12:58:00.000Z","is_complete":true},{"open":240.8,"high":241,"low":240.64,"close":240.88,"volume":4585,"time":"2022-05-06T12:59:00.000Z","is_complete":true},{"open":240.74,"high":240.9,"low":240.57,"close":240.57,"volume":5147,"time":"2022-05-06T13:00:00.000Z","is_complete":true},{"open":240.57,"high":240.6,"low":240.26,"close":240.3,"volume":4447,"time":"2022-05-06T13:01:00.000Z","is_complete":true},{"open":240.26,"high":240.32,"low":240.18,"close":240.3,"volume":9277,"time":"2022-05-06T13:02:00.000Z","is_complete":true},{"open":240.32,"high":240.6,"low":240.3,"close":240.52,"volume":6930,"time":"2022-05-06T13:03:00.000Z","is_complete":true},{"open":240.5,"high":240.69,"low":240.47,"close":240.56,"volume":2187,"time":"2022-05-06T13:04:00.000Z","is_complete":true},{"open":240.65,"high":240.69,"low":240.38,"close":240.41,"volume":2327,"time":"2022-05-06T13:05:00.000Z","is_complete":true},{"open":240.42,"high":240.5,"low":240.33,"close":240.4,"volume":1122,"time":"2022-05-06T13:06:00.000Z","is_complete":true},{"open":240.4,"high":240.46,"low":240.3,"close":240.33,"volume":1623,"time":"2022-05-06T13:07:00.000Z","is_complete":true},{"open":240.41,"high":240.61,"low":240.35,"close":240.55,"volume":1861,"time":"2022-05-06T13:08:00.000Z","is_complete":true},{"open":240.55,"high":240.61,"low":240.35,"close":240.6,"volume":2668,"time":"2022-05-06T13:09:00.000Z","is_complete":true},{"open":240.6,"high":240.7,"low":240.5,"close":240.61,"volume":2102,"time":"2022-05-06T13:10:00.000Z","is_complete":true},{"open":240.6,"high":240.92,"low":240.6,"close":240.66,"volume":3189,"time":"2022-05-06T13:11:00.000Z","is_complete":true},{"open":240.8,"high":240.8,"low":240.45,"close":240.6,"volume":2637,"time":"2022-05-06T13:12:00.000Z","is_complete":true},{"open":240.5,"high":240.68,"low":240.5,"close":240.5,"volume":675,"time":"2022-05-06T13:13:00.000Z","is_complete":true},{"open":240.5,"high":240.69,"low":240.4,"close":240.41,"volume":2323,"time":"2022-05-06T13:14:00.000Z","is_complete":true},{"open":240.54,"high":240.57,"low":240.2,"close":240.22,"volume":5895,"time":"2022-05-06T13:15:00.000Z","is_complete":true},{"open":240.38,"high":240.38,"low":240.08,"close":240.11,"volume":3734,"time":"2022-05-06T13:16:00.000Z","is_complete":true},{"open":240.13,"high":240.2,"low":239.57,"close":239.78,"volume":7999,"time":"2022-05-06T13:17:00.000Z","is_complete":true},{"open":239.78,"high":239.84,"low":239.07,"close":239.34,"volume":19277,"time":"2022-05-06T13:18:00.000Z","is_complete":true},{"open":239.36,"high":239.82,"low":239.26,"close":239.69,"volume":3956,"time":"2022-05-06T13:19:00.000Z","is_complete":true},{"open":239.63,"high":239.84,"low":239.55,"close":239.83,"volume":2765,"time":"2022-05-06T13:20:00.000Z","is_complete":true},{"open":239.84,"high":239.84,"low":239.6,"close":239.62,"volume":2205,"time":"2022-05-06T13:21:00.000Z","is_complete":true},{"open":239.72,"high":239.74,"low":239.6,"close":239.68,"volume":808,"time":"2022-05-06T13:22:00.000Z","is_complete":true},{"open":239.6,"high":239.69,"low":239.49,"close":239.59,"volume":885,"time":"2022-05-06T13:23:00.000Z","is_complete":true},{"open":239.56,"high":239.59,"low":239.37,"close":239.59,"volume":970,"time":"2022-05-06T13:24:00.000Z","is_complete":true},{"open":239.55,"high":239.59,"low":239.33,"close":239.4,"volume":1205,"time":"2022-05-06T13:25:00.000Z","is_complete":true},{"open":239.47,"high":239.5,"low":239.3,"close":239.36,"volume":858,"time":"2022-05-06T13:26:00.000Z","is_complete":true},{"open":239.36,"high":239.7,"low":239.05,"close":239.48,"volume":8033,"time":"2022-05-06T13:27:00.000Z","is_complete":true},{"open":239.47,"high":239.49,"low":239.24,"close":239.28,"volume":576,"time":"2022-05-06T13:28:00.000Z","is_complete":true},{"open":239.24,"high":239.26,"low":239.01,"close":239.04,"volume":2674,"time":"2022-05-06T13:29:00.000Z","is_complete":true},{"open":239.17,"high":239.7,"low":239.01,"close":239.57,"volume":3113,"time":"2022-05-06T13:30:00.000Z","is_complete":true},{"open":239.67,"high":239.84,"low":239.53,"close":239.84,"volume":2313,"time":"2022-05-06T13:31:00.000Z","is_complete":true},{"open":239.84,"high":239.84,"low":239.72,"close":239.83,"volume":1613,"time":"2022-05-06T13:32:00.000Z","is_complete":true},{"open":239.81,"high":239.82,"low":239.41,"close":239.41,"volume":1272,"time":"2022-05-06T13:33:00.000Z","is_complete":true},{"open":239.56,"high":239.62,"low":239.42,"close":239.46,"volume":286,"time":"2022-05-06T13:34:00.000Z","is_complete":true},{"open":239.47,"high":239.55,"low":239.4,"close":239.42,"volume":657,"time":"2022-05-06T13:35:00.000Z","is_complete":true},{"open":239.4,"high":239.45,"low":239.23,"close":239.34,"volume":1486,"time":"2022-05-06T13:36:00.000Z","is_complete":true},{"open":239.25,"high":239.34,"low":238.99,"close":239.03,"volume":7935,"time":"2022-05-06T13:37:00.000Z","is_complete":true},{"open":238.99,"high":239.35,"low":238.99,"close":239.32,"volume":12026,"time":"2022-05-06T13:38:00.000Z","is_complete":true},{"open":239.3,"high":239.38,"low":239.14,"close":239.14,"volume":1947,"time":"2022-05-06T13:39:00.000Z","is_complete":true},{"open":239.14,"high":239.3,"low":239.02,"close":239.14,"volume":1146,"time":"2022-05-06T13:40:00.000Z","is_complete":true},{"open":239.03,"high":239.35,"low":239.03,"close":239.35,"volume":1235,"time":"2022-05-06T13:41:00.000Z","is_complete":true},{"open":239.29,"high":239.45,"low":239,"close":239.16,"volume":1942,"time":"2022-05-06T13:42:00.000Z","is_complete":true},{"open":239.09,"high":239.3,"low":239.07,"close":239.29,"volume":341,"time":"2022-05-06T13:43:00.000Z","is_complete":true},{"open":239.3,"high":239.34,"low":239.13,"close":239.34,"volume":855,"time":"2022-05-06T13:44:00.000Z","is_complete":true},{"open":239.33,"high":239.33,"low":239.22,"close":239.33,"volume":331,"time":"2022-05-06T13:45:00.000Z","is_complete":true},{"open":239.33,"high":239.64,"low":239.33,"close":239.63,"volume":1877,"time":"2022-05-06T13:46:00.000Z","is_complete":true},{"open":239.53,"high":239.63,"low":239.35,"close":239.4,"volume":1604,"time":"2022-05-06T13:47:00.000Z","is_complete":true},{"open":239.35,"high":239.39,"low":239.17,"close":239.39,"volume":1868,"time":"2022-05-06T13:48:00.000Z","is_complete":true},{"open":239.29,"high":239.44,"low":239.2,"close":239.36,"volume":574,"time":"2022-05-06T13:49:00.000Z","is_complete":true},{"open":239.36,"high":239.5,"low":239.36,"close":239.44,"volume":920,"time":"2022-05-06T13:50:00.000Z","is_complete":true},{"open":239.44,"high":239.49,"low":239.2,"close":239.2,"volume":896,"time":"2022-05-06T13:51:00.000Z","is_complete":true},{"open":239.2,"high":239.44,"low":239.2,"close":239.44,"volume":161,"time":"2022-05-06T13:52:00.000Z","is_complete":true},{"open":239.36,"high":239.5,"low":239.36,"close":239.36,"volume":698,"time":"2022-05-06T13:53:00.000Z","is_complete":true},{"open":239.4,"high":239.49,"low":239.11,"close":239.14,"volume":1239,"time":"2022-05-06T13:54:00.000Z","is_complete":true},{"open":239.25,"high":239.28,"low":239.1,"close":239.23,"volume":1325,"time":"2022-05-06T13:55:00.000Z","is_complete":true},{"open":239.28,"high":239.43,"low":239.2,"close":239.4,"volume":809,"time":"2022-05-06T13:56:00.000Z","is_complete":true},{"open":239.43,"high":239.5,"low":239.29,"close":239.29,"volume":1219,"time":"2022-05-06T13:57:00.000Z","is_complete":true},{"open":239.4,"high":239.5,"low":239.29,"close":239.3,"volume":1434,"time":"2022-05-06T13:58:00.000Z","is_complete":true},{"open":239.3,"high":239.61,"low":239.3,"close":239.61,"volume":2145,"time":"2022-05-06T13:59:00.000Z","is_complete":true},{"open":239.61,"high":239.83,"low":239.5,"close":239.82,"volume":2621,"time":"2022-05-06T14:00:00.000Z","is_complete":true},{"open":239.82,"high":240.19,"low":239.75,"close":240,"volume":17204,"time":"2022-05-06T14:01:00.000Z","is_complete":true},{"open":240.09,"high":240.52,"low":239.84,"close":240.13,"volume":7609,"time":"2022-05-06T14:02:00.000Z","is_complete":true},{"open":240.14,"high":240.14,"low":239.85,"close":239.91,"volume":934,"time":"2022-05-06T14:03:00.000Z","is_complete":true},{"open":239.91,"high":239.99,"low":239.84,"close":239.86,"volume":2250,"time":"2022-05-06T14:04:00.000Z","is_complete":true},{"open":239.92,"high":240.05,"low":239.86,"close":239.97,"volume":1008,"time":"2022-05-06T14:05:00.000Z","is_complete":true},{"open":240,"high":240.18,"low":239.94,"close":240.08,"volume":1962,"time":"2022-05-06T14:06:00.000Z","is_complete":true},{"open":240.09,"high":240.24,"low":239.98,"close":240.21,"volume":2656,"time":"2022-05-06T14:07:00.000Z","is_complete":true},{"open":240.09,"high":240.2,"low":239.89,"close":239.89,"volume":1693,"time":"2022-05-06T14:08:00.000Z","is_complete":true},{"open":239.92,"high":240.12,"low":239.9,"close":239.99,"volume":1152,"time":"2022-05-06T14:09:00.000Z","is_complete":true},{"open":239.98,"high":240,"low":239.89,"close":239.89,"volume":852,"time":"2022-05-06T14:10:00.000Z","is_complete":true},{"open":239.89,"high":239.95,"low":239.84,"close":239.9,"volume":10053,"time":"2022-05-06T14:11:00.000Z","is_complete":true},{"open":239.85,"high":239.9,"low":239.84,"close":239.84,"volume":1063,"time":"2022-05-06T14:12:00.000Z","is_complete":true},{"open":239.84,"high":239.88,"low":239.84,"close":239.87,"volume":1159,"time":"2022-05-06T14:13:00.000Z","is_complete":true},{"open":239.85,"high":239.88,"low":239.84,"close":239.84,"volume":447,"time":"2022-05-06T14:14:00.000Z","is_complete":true},{"open":239.84,"high":239.88,"low":239.84,"close":239.88,"volume":694,"time":"2022-05-06T14:15:00.000Z","is_complete":true},{"open":239.88,"high":239.88,"low":239.53,"close":239.61,"volume":2979,"time":"2022-05-06T14:16:00.000Z","is_complete":true},{"open":239.76,"high":239.77,"low":239.55,"close":239.56,"volume":2488,"time":"2022-05-06T14:17:00.000Z","is_complete":true},{"open":239.58,"high":239.6,"low":239.55,"close":239.55,"volume":590,"time":"2022-05-06T14:18:00.000Z","is_complete":true},{"open":239.59,"high":239.6,"low":239.56,"close":239.57,"volume":387,"time":"2022-05-06T14:19:00.000Z","is_complete":true},{"open":239.57,"high":239.57,"low":239.55,"close":239.56,"volume":1119,"time":"2022-05-06T14:20:00.000Z","is_complete":true},{"open":239.56,"high":239.6,"low":239.56,"close":239.6,"volume":824,"time":"2022-05-06T14:21:00.000Z","is_complete":true},{"open":239.6,"high":239.68,"low":239.59,"close":239.65,"volume":265,"time":"2022-05-06T14:22:00.000Z","is_complete":true},{"open":239.6,"high":239.79,"low":239.6,"close":239.75,"volume":557,"time":"2022-05-06T14:23:00.000Z","is_complete":true},{"open":239.75,"high":239.79,"low":239.65,"close":239.65,"volume":174,"time":"2022-05-06T14:24:00.000Z","is_complete":true},{"open":239.77,"high":239.8,"low":239.65,"close":239.8,"volume":469,"time":"2022-05-06T14:25:00.000Z","is_complete":true},{"open":239.79,"high":239.98,"low":239.78,"close":239.88,"volume":1448,"time":"2022-05-06T14:26:00.000Z","is_complete":true},{"open":239.95,"high":239.98,"low":239.83,"close":239.83,"volume":634,"time":"2022-05-06T14:27:00.000Z","is_complete":true},{"open":239.88,"high":239.92,"low":239.8,"close":239.92,"volume":308,"time":"2022-05-06T14:28:00.000Z","is_complete":true},{"open":239.85,"high":239.99,"low":239.85,"close":239.99,"volume":933,"time":"2022-05-06T14:29:00.000Z","is_complete":true},{"open":239.99,"high":240.15,"low":239.88,"close":240.15,"volume":4844,"time":"2022-05-06T14:30:00.000Z","is_complete":true},{"open":240.15,"high":240.3,"low":240.07,"close":240.24,"volume":2116,"time":"2022-05-06T14:31:00.000Z","is_complete":true},{"open":240.24,"high":240.49,"low":240.12,"close":240.4,"volume":2659,"time":"2022-05-06T14:32:00.000Z","is_complete":true},{"open":240.46,"high":240.8,"low":240.36,"close":240.75,"volume":3990,"time":"2022-05-06T14:33:00.000Z","is_complete":true},{"open":240.74,"high":240.85,"low":240.66,"close":240.8,"volume":3371,"time":"2022-05-06T14:34:00.000Z","is_complete":true},{"open":240.85,"high":240.89,"low":240.23,"close":240.38,"volume":2803,"time":"2022-05-06T14:35:00.000Z","is_complete":true},{"open":240.39,"high":240.48,"low":240.23,"close":240.31,"volume":1451,"time":"2022-05-06T14:36:00.000Z","is_complete":true},{"open":240.31,"high":240.37,"low":240.05,"close":240.05,"volume":2338,"time":"2022-05-06T14:37:00.000Z","is_complete":true},{"open":240.04,"high":240.24,"low":240.02,"close":240.18,"volume":2850,"time":"2022-05-06T14:38:00.000Z","is_complete":true},{"open":240.09,"high":240.32,"low":240.09,"close":240.09,"volume":1134,"time":"2022-05-06T14:39:00.000Z","is_complete":true},{"open":240.09,"high":240.29,"low":240,"close":240.05,"volume":4610,"time":"2022-05-06T14:40:00.000Z","is_complete":true},{"open":240.08,"high":240.16,"low":239.84,"close":240.16,"volume":20469,"time":"2022-05-06T14:41:00.000Z","is_complete":true},{"open":240.16,"high":240.6,"low":240.16,"close":240.33,"volume":2111,"time":"2022-05-06T14:42:00.000Z","is_complete":true},{"open":240.32,"high":240.32,"low":239.98,"close":240.04,"volume":1988,"time":"2022-05-06T14:43:00.000Z","is_complete":true},{"open":240.03,"high":240.41,"low":239.98,"close":240.07,"volume":22307,"time":"2022-05-06T14:44:00.000Z","is_complete":true},{"open":240,"high":240.07,"low":239.98,"close":239.98,"volume":4642,"time":"2022-05-06T14:45:00.000Z","is_complete":true},{"open":239.98,"high":240,"low":239.98,"close":239.98,"volume":925,"time":"2022-05-06T14:46:00.000Z","is_complete":true},{"open":239.98,"high":240.33,"low":239.98,"close":240.04,"volume":39151,"time":"2022-05-06T14:47:00.000Z","is_complete":true},{"open":240.21,"high":240.25,"low":240.01,"close":240.2,"volume":1325,"time":"2022-05-06T14:48:00.000Z","is_complete":true},{"open":240.2,"high":240.49,"low":240.09,"close":240.49,"volume":2226,"time":"2022-05-06T14:49:00.000Z","is_complete":true},{"open":240.4,"high":240.49,"low":240.13,"close":240.25,"volume":589,"time":"2022-05-06T14:50:00.000Z","is_complete":true},{"open":240.24,"high":240.59,"low":240.23,"close":240.5,"volume":3240,"time":"2022-05-06T14:51:00.000Z","is_complete":true},{"open":240.5,"high":240.59,"low":240.5,"close":240.58,"volume":696,"time":"2022-05-06T14:52:00.000Z","is_complete":true},{"open":240.51,"high":240.71,"low":240.37,"close":240.51,"volume":3286,"time":"2022-05-06T14:53:00.000Z","is_complete":true},{"open":240.51,"high":240.65,"low":239.98,"close":240.28,"volume":8469,"time":"2022-05-06T14:54:00.000Z","is_complete":true},{"open":240.26,"high":240.34,"low":240.1,"close":240.3,"volume":902,"time":"2022-05-06T14:55:00.000Z","is_complete":true},{"open":240.23,"high":240.28,"low":240.18,"close":240.25,"volume":1713,"time":"2022-05-06T14:56:00.000Z","is_complete":true},{"open":240.19,"high":240.27,"low":240.1,"close":240.2,"volume":2296,"time":"2022-05-06T14:57:00.000Z","is_complete":true},{"open":240.21,"high":240.27,"low":240.17,"close":240.25,"volume":567,"time":"2022-05-06T14:58:00.000Z","is_complete":true},{"open":240.24,"high":240.25,"low":240,"close":240.04,"volume":6150,"time":"2022-05-06T14:59:00.000Z","is_complete":true},{"open":240.04,"high":240.28,"low":240.04,"close":240.16,"volume":1673,"time":"2022-05-06T15:00:00.000Z","is_complete":true},{"open":240.25,"high":240.3,"low":240.14,"close":240.28,"volume":1238,"time":"2022-05-06T15:01:00.000Z","is_complete":true},{"open":240.28,"high":240.35,"low":240.2,"close":240.35,"volume":1682,"time":"2022-05-06T15:02:00.000Z","is_complete":true},{"open":240.36,"high":240.46,"low":240.3,"close":240.4,"volume":1739,"time":"2022-05-06T15:03:00.000Z","is_complete":true},{"open":240.41,"high":240.55,"low":240.4,"close":240.51,"volume":1481,"time":"2022-05-06T15:04:00.000Z","is_complete":true},{"open":240.51,"high":240.65,"low":240.4,"close":240.42,"volume":1899,"time":"2022-05-06T15:05:00.000Z","is_complete":true},{"open":240.6,"high":240.61,"low":240.31,"close":240.42,"volume":1191,"time":"2022-05-06T15:06:00.000Z","is_complete":true},{"open":240.4,"high":240.44,"low":240.2,"close":240.44,"volume":1570,"time":"2022-05-06T15:07:00.000Z","is_complete":true},{"open":240.45,"high":240.64,"low":240.4,"close":240.4,"volume":4146,"time":"2022-05-06T15:08:00.000Z","is_complete":true},{"open":240.4,"high":240.51,"low":240.4,"close":240.51,"volume":566,"time":"2022-05-06T15:09:00.000Z","is_complete":true},{"open":240.41,"high":240.5,"low":240.4,"close":240.4,"volume":783,"time":"2022-05-06T15:10:00.000Z","is_complete":true},{"open":240.49,"high":240.49,"low":240.3,"close":240.3,"volume":620,"time":"2022-05-06T15:11:00.000Z","is_complete":true},{"open":240.39,"high":240.49,"low":240.31,"close":240.35,"volume":460,"time":"2022-05-06T15:12:00.000Z","is_complete":true},{"open":240.35,"high":240.4,"low":240.3,"close":240.39,"volume":589,"time":"2022-05-06T15:13:00.000Z","is_complete":true},{"open":240.39,"high":240.4,"low":240.39,"close":240.4,"volume":600,"time":"2022-05-06T15:14:00.000Z","is_complete":true},{"open":240.4,"high":240.5,"low":240.3,"close":240.3,"volume":1822,"time":"2022-05-06T15:15:00.000Z","is_complete":true},{"open":240.48,"high":240.48,"low":240.32,"close":240.38,"volume":724,"time":"2022-05-06T15:16:00.000Z","is_complete":true},{"open":240.4,"high":240.4,"low":240.26,"close":240.27,"volume":4202,"time":"2022-05-06T15:17:00.000Z","is_complete":true},{"open":240.27,"high":240.39,"low":240.08,"close":240.16,"volume":1959,"time":"2022-05-06T15:18:00.000Z","is_complete":true},{"open":240.28,"high":240.3,"low":240.02,"close":240.3,"volume":5099,"time":"2022-05-06T15:19:00.000Z","is_complete":true},{"open":240.28,"high":240.33,"low":240.15,"close":240.15,"volume":1491,"time":"2022-05-06T15:20:00.000Z","is_complete":true},{"open":240.31,"high":240.32,"low":240.15,"close":240.16,"volume":914,"time":"2022-05-06T15:21:00.000Z","is_complete":true},{"open":240.32,"high":240.32,"low":240.18,"close":240.3,"volume":1936,"time":"2022-05-06T15:22:00.000Z","is_complete":true},{"open":240.3,"high":240.32,"low":240.21,"close":240.28,"volume":1650,"time":"2022-05-06T15:23:00.000Z","is_complete":true},{"open":240.3,"high":240.3,"low":240.19,"close":240.23,"volume":655,"time":"2022-05-06T15:24:00.000Z","is_complete":true},{"open":240.23,"high":240.3,"low":240.03,"close":240.15,"volume":2589,"time":"2022-05-06T15:25:00.000Z","is_complete":true},{"open":240.15,"high":240.15,"low":240.02,"close":240.11,"volume":1960,"time":"2022-05-06T15:26:00.000Z","is_complete":true},{"open":240.11,"high":240.3,"low":240.05,"close":240.28,"volume":2562,"time":"2022-05-06T15:27:00.000Z","is_complete":true},{"open":240.3,"high":240.4,"low":240.06,"close":240.29,"volume":3066,"time":"2022-05-06T15:28:00.000Z","is_complete":true},{"open":240.15,"high":240.32,"low":239.98,"close":240.06,"volume":12143,"time":"2022-05-06T15:29:00.000Z","is_complete":true},{"open":240.23,"high":240.26,"low":240,"close":240.01,"volume":3647,"time":"2022-05-06T15:30:00.000Z","is_complete":true},{"open":240.08,"high":240.18,"low":240.01,"close":240.1,"volume":1416,"time":"2022-05-06T15:31:00.000Z","is_complete":true},{"open":240.1,"high":240.1,"low":240,"close":240.05,"volume":11461,"time":"2022-05-06T15:32:00.000Z","is_complete":true},{"open":240.05,"high":240.1,"low":239.98,"close":240,"volume":20634,"time":"2022-05-06T15:33:00.000Z","is_complete":true},{"open":240,"high":240.09,"low":239.98,"close":240,"volume":1780,"time":"2022-05-06T15:34:00.000Z","is_complete":true},{"open":240,"high":240.1,"low":240,"close":240.08,"volume":4998,"time":"2022-05-06T15:35:00.000Z","is_complete":true},{"open":240.08,"high":240.08,"low":240.02,"close":240.02,"volume":5804,"time":"2022-05-06T15:36:00.000Z","is_complete":true},{"open":240.08,"high":240.1,"low":240.02,"close":240.02,"volume":12722,"time":"2022-05-06T15:37:00.000Z","is_complete":true},{"open":240.1,"high":240.19,"low":240.02,"close":240.18,"volume":4352,"time":"2022-05-06T15:38:00.000Z","is_complete":true},{"open":240.11,"high":240.19,"low":240.02,"close":240.02,"volume":10131,"time":"2022-05-06T15:39:00.000Z","is_complete":true},{"open":240.1,"high":240.1,"low":240.1,"close":240.1,"volume":11993,"time":"2022-05-06T15:45:00.000Z","is_complete":true},{"open":240.1,"high":240.1,"low":240.1,"close":240.1,"volume":221,"time":"2022-05-06T15:46:00.000Z","is_complete":true},{"open":240.1,"high":240.1,"low":240.1,"close":240.1,"volume":302,"time":"2022-05-06T15:47:00.000Z","is_complete":true},{"open":240.1,"high":240.1,"low":240.1,"close":240.1,"volume":312,"time":"2022-05-06T15:48:00.000Z","is_complete":true},{"open":240.1,"high":240.1,"low":240.1,"close":240.1,"volume":418,"time":"2022-05-06T15:49:00.000Z","is_complete":true}]}