{"candles":[{"open":128.45,"high":129.44,"low":128.11,"close":129.26,"volume":11735,"time":"2022-05-13T07:00:00.000Z","is_complete":true},{"open":129.24,"high":129.24,"low":128.5,"close":128.53,"volume":7798,"time":"2022-05-13T07:01:00.000Z","is_complete":true},{"open":128.95,"high":129.18,"low":127.34,"close":129.18,"volume":28720,"time":"2022-05-13T07:02:00.000Z","is_complete":true},{"open":129.18,"high":129.4,"low":128.75,"close":129.4,"volume":14265,"time":"2022-05-13T07:03:00.000Z","is_complete":true},{"open":129.07,"high":129.13,"low":129.04,"close":129.04,"volume":4153,"time":"2022-05-13T07:04:00.000Z","is_complete":true},{"open":129.06,"high":129.06,"low":128.84,"close":128.84,"volume":5887,"time":"2022-05-13T07:05:00.000Z","is_complete":true},{"open":128.83,"high":129,"low":128.5,"close":128.5,"volume":8419,"time":"2022-05-13T07:06:00.000Z","is_complete":true},{"open":128.92,"high":128.92,"low":128.59,"close":128.77,"volume":1039,"time":"2022-05-13T07:07:00.000Z","is_complete":true},{"open":128.78,"high":128.79,"low":128.6,"close":128.62,"volume":2668,"time":"2022-05-13T07:08:00.000Z","is_complete":true},{"open":128.72,"high":128.8,"low":128.62,"close":128.62,"volume":352,"time":"2022-05-13T07:09:00.000Z","is_complete":true},{"open":128.73,"high":128.75,"low":128.63,"close":128.68,"volume":653,"time":"2022-05-13T07:10:00.000Z","is_complete":true},{"open":128.75,"high":128.76,"low":128.62,"close":128.76,"volume":1942,"time":"2022-05-13T07:11:00.000Z","is_complete":true},{"open":128.79,"high":128.8,"low":128.76,"close":128.77,"volume":2394,"time":"2022-05-13T07:12:00.000Z","is_complete":true},{"open":128.78,"high":128.8,"low":128.76,"close":128.8,"volume":827,"time":"2022-05-13T07:13:00.000Z","is_complete":true},{"open":128.76,"high":128.8,"low":128.4,"close":128.68,"volume":5880,"time":"2022-05-13T07:14:00.000Z","is_complete":true},{"open":128.68,"high":128.68,"low":128.48,"close":128.5,"volume":15787,"time":"2022-05-13T07:15:00.000Z","is_complete":true},{"open":128.5,"high":128.68,"low":128.5,"close":128.5,"volume":2385,"time":"2022-05-13T07:16:00.000Z","is_complete":true},{"open":128.5,"high":128.5,"low":128.3,"close":128.3,"volume":2536,"time":"2022-05-13T07:17:00.000Z","is_complete":true},{"open":128.46,"high":128.46,"low":128.04,"close":128.1,"volume":3947,"time":"2022-05-13T07:18:00.000Z","is_complete":true},{"open":128.1,"high":128.1,"low":128,"close":128,"volume":5186,"time":"2022-05-13T07:19:00.000Z","is_complete":true},{"open":127.99,"high":127.99,"low":127.72,"close":127.74,"volume":1336,"time":"2022-05-13T07:20:00.000Z","is_complete":true},{"open":127.74,"high":127.74,"low":127.34,"close":127.34,"volume":11349,"time":"2022-05-13T07:21:00.000Z","is_complete":true},{"open":127.35,"high":127.58,"low":127.34,"close":127.34,"volume":806,"time":"2022-05-13T07:22:00.000Z","is_complete":true},{"open":127.34,"high":127.55,"low":126.8,"close":127.15,"volume":17270,"time":"2022-05-13T07:23:00.000Z","is_complete":true},{"open":127.09,"high":127.09,"low":126.61,"close":126.61,"volume":2704,"time":"2022-05-13T07:24:00.000Z","is_complete":true},{"open":126.7,"high":127.1,"low":126.61,"close":127,"volume":8755,"time":"2022-05-13T07:25:00.000Z","is_complete":true},{"open":127,"high":127.26,"low":126.99,"close":127.26,"volume":12055,"time":"2022-05-13T07:26:00.000Z","is_complete":true},{"open":127.04,"high":127.29,"low":127,"close":127.29,"volume":7350,"time":"2022-05-13T07:27:00.000Z","is_complete":true},{"open":127.2,"high":127.87,"low":127.2,"close":127.82,"volume":23232,"time":"2022-05-13T07:28:00.000Z","is_complete":true},{"open":127.82,"high":127.82,"low":127.6,"close":127.62,"volume":2687,"time":"2022-05-13T07:29:00.000Z","is_complete":true},{"open":127.61,"high":127.7,"low":127.3,"close":127.7,"volume":8334,"time":"2022-05-13T07:30:00.000Z","is_complete":true},{"open":127.69,"high":127.7,"low":127.6,"close":127.6,"volume":699,"time":"2022-05-13T07:31:00.000Z","is_complete":true},{"open":127.7,"high":128,"low":127.69,"close":128,"volume":3148,"time":"2022-05-13T07:32:00.000Z","is_complete":true},{"open":128.04,"high":128.2,"low":127.7,"close":128,"volume":5265,"time":"2022-05-13T07:33:00.000Z","is_complete":true},{"open":128,"high":128.15,"low":128,"close":128.1,"volume":1920,"time":"2022-05-13T07:34:00.000Z","is_complete":true},{"open":128.19,"high":128.3,"low":128,"close":128.28,"volume":4497,"time":"2022-05-13T07:35:00.000Z","is_complete":true},{"open":128.26,"high":128.26,"low":128.12,"close":128.23,"volume":1044,"time":"2022-05-13T07:36:00.000Z","is_complete":true},{"open":128.23,"high":128.3,"low":127.7,"close":127.99,"volume":9748,"time":"2022-05-13T07:37:00.000Z","is_complete":true},{"open":127.98,"high":128.09,"low":127.95,"close":128,"volume":77,"time":"2022-05-13T07:38:00.000Z","is_complete":true},{"open":128,"high":128,"low":127.69,"close":127.85,"volume":945,"time":"2022-05-13T07:39:00.000Z","is_complete":true},{"open":127.88,"high":128.31,"low":127.87,"close":128.11,"volume":1812,"time":"2022-05-13T07:40:00.000Z","is_complete":true},{"open":127.88,"high":128.27,"low":127.3,"close":127.55,"volume":11434,"time":"2022-05-13T07:41:00.000Z","is_complete":true},{"open":127.84,"high":128,"low":127.75,"close":127.98,"volume":1425,"time":"2022-05-13T07:42:00.000Z","is_complete":true},{"open":127.98,"high":127.98,"low":127.8,"close":127.9,"volume":815,"time":"2022-05-13T07:43:00.000Z","is_complete":true},{"open":127.91,"high":128.7,"low":127.81,"close":128.5,"volume":22319,"time":"2022-05-13T07:44:00.000Z","is_complete":true},{"open":128.5,"high":128.58,"low":128.5,"close":128.5,"volume":4271,"time":"2022-05-13T07:45:00.000Z","is_complete":true},{"open":128.54,"high":128.64,"low":128.5,"close":128.56,"volume":1800,"time":"2022-05-13T07:46:00.000Z","is_complete":true},{"open":128.56,"high":128.75,"low":128.56,"close":128.75,"volume":2036,"time":"2022-05-13T07:47:00.000Z","is_complete":true},{"open":128.75,"high":128.75,"low":128.58,"close":128.58,"volume":186,"time":"2022-05-13T07:48:00.000Z","is_complete":true},{"open":128.58,"high":128.7,"low":128.46,"close":128.7,"volume":794,"time":"2022-05-13T07:49:00.000Z","is_complete":true},{"open":128.7,"high":129.8,"low":128.6,"close":129.59,"volume":36222,"time":"2022-05-13T07:50:00.000Z","is_complete":true},{"open":129.51,"high":129.78,"low":129.08,"close":129.59,"volume":7953,"time":"2022-05-13T07:51:00.000Z","is_complete":true},{"open":129.5,"high":129.76,"low":129.09,"close":129.12,"volume":17115,"time":"2022-05-13T07:52:00.000Z","is_complete":true},{"open":129.24,"high":129.6,"low":129.11,"close":129.51,"volume":3840,"time":"2022-05-13T07:53:00.000Z","is_complete":true},{"open":129.31,"high":129.48,"low":129.27,"close":129.3,"volume":1082,"time":"2022-05-13T07:54:00.000Z","is_complete":true},{"open":129.32,"high":129.32,"low":129.27,"close":129.27,"volume":1488,"time":"2022-05-13T07:55:00.000Z","is_complete":true},{"open":129.32,"high":129.45,"low":129.27,"close":129.27,"volume":4164,"time":"2022-05-13T07:56:00.000Z","is_complete":true},{"open":129.37,"high":129.38,"low":129.12,"close":129.28,"volume":2862,"time":"2022-05-13T07:57:00.000Z","is_complete":true},{"open":129.28,"high":129.28,"low":129.26,"close":129.26,"volume":231,"time":"2022-05-13T07:58:00.000Z","is_complete":true},{"open":129.2,"high":129.23,"low":129,"close":129,"volume":30453,"time":"2022-05-13T07:59:00.000Z","is_complete":true},{"open":129,"high":129.24,"low":129,"close":129.18,"volume":2715,"time":"2022-05-13T08:00:00.000Z","is_complete":true},{"open":129.18,"high":129.33,"low":129.16,"close":129.28,"volume":6009,"time":"2022-05-13T08:01:00.000Z","is_complete":true},{"open":129.28,"high":129.42,"low":129.13,"close":129.14,"volume":9723,"time":"2022-05-13T08:02:00.000Z","is_complete":true},{"open":129.14,"high":129.23,"low":129.13,"close":129.2,"volume":277,"time":"2022-05-13T08:03:00.000Z","is_complete":true},{"open":129.2,"high":129.25,"low":129.18,"close":129.25,"volume":1081,"time":"2022-05-13T08:04:00.000Z","is_complete":true},{"open":129.25,"high":129.25,"low":129.19,"close":129.19,"volume":781,"time":"2022-05-13T08:05:00.000Z","is_complete":true},{"open":129.2,"high":129.2,"low":129.1,"close":129.1,"volume":1403,"time":"2022-05-13T08:06:00.000Z","is_complete":true},{"open":129.09,"high":129.1,"low":129,"close":129,"volume":42003,"time":"2022-05-13T08:07:00.000Z","is_complete":true},{"open":129.01,"high":129.05,"low":129,"close":129,"volume":14857,"time":"2022-05-13T08:08:00.000Z","is_complete":true},{"open":129.02,"high":129.02,"low":128.44,"close":128.72,"volume":13700,"time":"2022-05-13T08:09:00.000Z","is_complete":true},{"open":128.7,"high":128.7,"low":128.48,"close":128.58,"volume":47,"time":"2022-05-13T08:10:00.000Z","is_complete":true},{"open":128.51,"high":128.55,"low":128.5,"close":128.51,"volume":1149,"time":"2022-05-13T08:11:00.000Z","is_complete":true},{"open":128.51,"high":128.6,"low":128.41,"close":128.49,"volume":2899,"time":"2022-05-13T08:12:00.000Z","is_complete":true},{"open":128.44,"high":128.64,"low":128.42,"close":128.64,"volume":500,"time":"2022-05-13T08:13:00.000Z","is_complete":true},{"open":128.74,"high":128.74,"low":128.51,"close":128.59,"volume":476,"time":"2022-05-13T08:14:00.000Z","is_complete":true},{"open":128.58,"high":128.75,"low":128.58,"close":128.74,"volume":1595,"time":"2022-05-13T08:15:00.000Z","is_complete":true},{"open":128.75,"high":129,"low":128.75,"close":129,"volume":1309,"time":"2022-05-13T08:16:00.000Z","is_complete":true},{"open":129,"high":129.07,"low":129,"close":129.07,"volume":4202,"time":"2022-05-13T08:17:00.000Z","is_complete":true},{"open":129.07,"high":129.16,"low":129.05,"close":129.16,"volume":141,"time":"2022-05-13T08:18:00.000Z","is_complete":true},{"open":129.16,"high":129.27,"low":129.15,"close":129.2,"volume":1096,"time":"2022-05-13T08:19:00.000Z","is_complete":true},{"open":129.2,"high":129.26,"low":129.2,"close":129.26,"volume":73,"time":"2022-05-13T08:20:00.000Z","is_complete":true},{"open":129.24,"high":129.3,"low":129.01,"close":129.29,"volume":2720,"time":"2022-05-13T08:21:00.000Z","is_complete":true},{"open":129.08,"high":129.29,"low":129.05,"close":129.05,"volume":1389,"time":"2022-05-13T08:22:00.000Z","is_complete":true},{"open":129.26,"high":129.28,"low":128.8,"close":129.08,"volume":3183,"time":"2022-05-13T08:23:00.000Z","is_complete":true},{"open":129.12,"high":129.2,"low":128.96,"close":128.96,"volume":1092,"time":"2022-05-13T08:24:00.000Z","is_complete":true},{"open":128.96,"high":128.96,"low":128.78,"close":128.95,"volume":54,"time":"2022-05-13T08:25:00.000Z","is_complete":true},{"open":128.82,"high":128.96,"low":128.82,"close":128.96,"volume":591,"time":"2022-05-13T08:26:00.000Z","is_complete":true},{"open":128.82,"high":128.88,"low":128.65,"close":128.88,"volume":476,"time":"2022-05-13T08:27:00.000Z","is_complete":true},{"open":128.88,"high":128.9,"low":128.88,"close":128.9,"volume":1128,"time":"2022-05-13T08:28:00.000Z","is_complete":true},{"open":128.89,"high":128.89,"low":128.88,"close":128.89,"volume":754,"time":"2022-05-13T08:29:00.000Z","is_complete":true},{"open":128.88,"high":128.88,"low":128.88,"close":128.88,"volume":29,"time":"2022-05-13T08:30:00.000Z","is_complete":true},{"open":128.89,"high":128.89,"low":128.57,"close":128.8,"volume":3149,"time":"2022-05-13T08:31:00.000Z","is_complete":true},{"open":128.8,"high":128.8,"low":128.76,"close":128.77,"volume":334,"time":"2022-05-13T08:32:00.000Z","is_complete":true},{"open":128.77,"high":128.77,"low":128.62,"close":128.63,"volume":61,"time":"2022-05-13T08:33:00.000Z","is_complete":true},{"open":128.61,"high":128.7,"low":128.6,"close":128.7,"volume":138,"time":"2022-05-13T08:34:00.000Z","is_complete":true},{"open":128.61,"high":128.69,"low":128.6,"close":128.6,"volume":188,"time":"2022-05-13T08:35:00.000Z","is_complete":true},{"open":128.68,"high":128.69,"low":128.6,"close":128.69,"volume":107,"time":"2022-05-13T08:36:00.000Z","is_complete":true},{"open":128.69,"high":128.76,"low":128.68,"close":128.76,"volume":48,"time":"2022-05-13T08:37:00.000Z","is_complete":true},{"open":128.73,"high":128.73,"low":128.68,"close":128.68,"volume":43,"time":"2022-05-13T08:38:00.000Z","is_complete":true},{"open":128.68,"high":128.7,"low":128.5,"close":128.5,"volume":1682,"time":"2022-05-13T08:39:00.000Z","is_complete":true},{"open":128.5,"high":128.5,"low":128.39,"close":128.4,"volume":2055,"time":"2022-05-13T08:40:00.000Z","is_complete":true},{"open":128.4,"high":128.5,"low":128.4,"close":128.4,"volume":1636,"time":"2022-05-13T08:41:00.000Z","is_complete":true},{"open":128.45,"high":128.45,"low":128.3,"close":128.3,"volume":2043,"time":"2022-05-13T08:42:00.000Z","is_complete":true},{"open":128.33,"high":128.33,"low":127.93,"close":128.01,"volume":6708,"time":"2022-05-13T08:43:00.000Z","is_complete":true},{"open":128.01,"high":128.04,"low":127.93,"close":127.99,"volume":2591,"time":"2022-05-13T08:44:00.000Z","is_complete":true},{"open":127.99,"high":127.99,"low":127.94,"close":127.98,"volume":1123,"time":"2022-05-13T08:45:00.000Z","is_complete":true},{"open":127.99,"high":127.99,"low":127.98,"close":127.99,"volume":105,"time":"2022-05-13T08:46:00.000Z","is_complete":true},{"open":127.99,"high":127.99,"low":127.73,"close":127.94,"volume":3147,"time":"2022-05-13T08:47:00.000Z","is_complete":true},{"open":127.94,"high":127.96,"low":127.7,"close":127.71,"volume":1079,"time":"2022-05-13T08:48:00.000Z","is_complete":true},{"open":127.71,"high":127.72,"low":127.7,"close":127.72,"volume":784,"time":"2022-05-13T08:49:00.000Z","is_complete":true},{"open":127.72,"high":128.15,"low":127.72,"close":128.15,"volume":4423,"time":"2022-05-13T08:50:00.000Z","is_complete":true},{"open":128.15,"high":128.49,"low":127.97,"close":128.49,"volume":1146,"time":"2022-05-13T08:51:00.000Z","is_complete":true},{"open":128.32,"high":128.44,"low":128.3,"close":128.34,"volume":224,"time":"2022-05-13T08:52:00.000Z","is_complete":true},{"open":128.4,"high":128.4,"low":128.2,"close":128.2,"volume":1631,"time":"2022-05-13T08:53:00.000Z","is_complete":true},{"open":128.35,"high":128.35,"low":127.91,"close":127.91,"volume":481,"time":"2022-05-13T08:54:00.000Z","is_complete":true},{"open":128.15,"high":128.15,"low":127.99,"close":127.99,"volume":78,"time":"2022-05-13T08:55:00.000Z","is_complete":true},{"open":128.16,"high":128.4,"low":128.16,"close":128.38,"volume":1401,"time":"2022-05-13T08:56:00.000Z","is_complete":true},{"open":128.38,"high":128.38,"low":128.3,"close":128.37,"volume":1062,"time":"2022-05-13T08:57:00.000Z","is_complete":true},{"open":128.37,"high":128.38,"low":128.25,"close":128.37,"volume":508,"time":"2022-05-13T08:58:00.000Z","is_complete":true},{"open":128.26,"high":128.26,"low":128.24,"close":128.25,"volume":84,"time":"2022-05-13T08:59:00.000Z","is_complete":true},{"open":128.25,"high":128.45,"low":128.25,"close":128.45,"volume":156,"time":"2022-05-13T09:00:00.000Z","is_complete":true},{"open":128.32,"high":128.32,"low":128.29,"close":128.29,"volume":56,"time":"2022-05-13T09:01:00.000Z","is_complete":true},{"open":128.3,"high":128.37,"low":128.25,"close":128.37,"volume":177,"time":"2022-05-13T09:02:00.000Z","is_complete":true},{"open":128.35,"high":128.35,"low":128.2,"close":128.32,"volume":181,"time":"2022-05-13T09:03:00.000Z","is_complete":true},{"open":128.19,"high":128.32,"low":128.19,"close":128.32,"volume":94,"time":"2022-05-13T09:04:00.000Z","is_complete":true},{"open":128.32,"high":128.4,"low":128.32,"close":128.4,"volume":142,"time":"2022-05-13T09:05:00.000Z","is_complete":true},{"open":128.4,"high":128.4,"low":128.33,"close":128.38,"volume":1121,"time":"2022-05-13T09:06:00.000Z","is_complete":true},{"open":128.37,"high":128.37,"low":128.33,"close":128.33,"volume":36,"time":"2022-05-13T09:07:00.000Z","is_complete":true},{"open":128.36,"high":128.38,"low":128.36,"close":128.36,"volume":1051,"time":"2022-05-13T09:08:00.000Z","is_complete":true},{"open":128.38,"high":128.5,"low":128.36,"close":128.36,"volume":2078,"time":"2022-05-13T09:09:00.000Z","is_complete":true},{"open":128.49,"high":128.49,"low":128.12,"close":128.19,"volume":2829,"time":"2022-05-13T09:10:00.000Z","is_complete":true},{"open":128.38,"high":128.62,"low":128.13,"close":128.6,"volume":2927,"time":"2022-05-13T09:11:00.000Z","is_complete":true},{"open":128.59,"high":128.59,"low":128.58,"close":128.58,"volume":58,"time":"2022-05-13T09:12:00.000Z","is_complete":true},{"open":128.44,"high":128.57,"low":128.33,"close":128.5,"volume":286,"time":"2022-05-13T09:13:00.000Z","is_complete":true},{"open":128.49,"high":128.5,"low":128.48,"close":128.48,"volume":46,"time":"2022-05-13T09:14:00.000Z","is_complete":true},{"open":128.49,"high":128.49,"low":128.48,"close":128.49,"volume":17,"time":"2022-05-13T09:15:00.000Z","is_complete":true},{"open":128.4,"high":128.44,"low":128.4,"close":128.44,"volume":3,"time":"2022-05-13T09:16:00.000Z","is_complete":true},{"open":128.44,"high":128.59,"low":128.34,"close":128.34,"volume":218,"time":"2022-05-13T09:17:00.000Z","is_complete":true},{"open":128.58,"high":128.58,"low":128.44,"close":128.44,"volume":17,"time":"2022-05-13T09:18:00.000Z","is_complete":true},{"open":128.44,"high":128.72,"low":128.01,"close":128.7,"volume":9769,"time":"2022-05-13T09:19:00.000Z","is_complete":true},{"open":128.59,"high":128.75,"low":128.59,"close":128.75,"volume":279,"time":"2022-05-13T09:20:00.000Z","is_complete":true},{"open":128.75,"high":128.75,"low":128.16,"close":128.5,"volume":3125,"time":"2022-05-13T09:21:00.000Z","is_complete":true},{"open":128.41,"high":128.5,"low":128.39,"close":128.5,"volume":1112,"time":"2022-05-13T09:22:00.000Z","is_complete":true},{"open":128.36,"high":128.75,"low":128.36,"close":128.75,"volume":4676,"time":"2022-05-13T09:23:00.000Z","is_complete":true},{"open":128.7,"high":128.7,"low":128.44,"close":128.69,"volume":1173,"time":"2022-05-13T09:24:00.000Z","is_complete":true},{"open":128.67,"high":128.7,"low":128.67,"close":128.69,"volume":266,"time":"2022-05-13T09:25:00.000Z","is_complete":true},{"open":128.69,"high":128.7,"low":128.69,"close":128.69,"volume":629,"time":"2022-05-13T09:26:00.000Z","is_complete":true},{"open":128.5,"high":128.5,"low":128.5,"close":128.5,"volume":249,"time":"2022-05-13T09:27:00.000Z","is_complete":true},{"open":128.47,"high":128.59,"low":128.45,"close":128.59,"volume":215,"time":"2022-05-13T09:28:00.000Z","is_complete":true},{"open":128.59,"high":128.84,"low":128.59,"close":128.84,"volume":7198,"time":"2022-05-13T09:29:00.000Z","is_complete":true},{"open":128.84,"high":129.01,"low":128.84,"close":129.01,"volume":22420,"time":"2022-05-13T09:30:00.000Z","is_complete":true},{"open":129,"high":129,"low":128.5,"close":128.86,"volume":6073,"time":"2022-05-13T09:31:00.000Z","is_complete":true},{"open":128.58,"high":129.2,"low":128.39,"close":129.19,"volume":17783,"time":"2022-05-13T09:32:00.000Z","is_complete":true},{"open":129.18,"high":129.3,"low":128.84,"close":128.84,"volume":12299,"time":"2022-05-13T09:33:00.000Z","is_complete":true},{"open":129.13,"high":129.29,"low":129.03,"close":129.29,"volume":71,"time":"2022-05-13T09:35:00.000Z","is_complete":true},{"open":129.28,"high":129.29,"low":129.19,"close":129.22,"volume":5964,"time":"2022-05-13T09:36:00.000Z","is_complete":true},{"open":129.29,"high":129.35,"low":129.29,"close":129.35,"volume":4292,"time":"2022-05-13T09:37:00.000Z","is_complete":true},{"open":129.3,"high":129.44,"low":128.71,"close":129.26,"volume":10486,"time":"2022-05-13T09:38:00.000Z","is_complete":true},{"open":129.24,"high":129.35,"low":129.24,"close":129.3,"volume":294,"time":"2022-05-13T09:39:00.000Z","is_complete":true},{"open":129.29,"high":129.5,"low":129.2,"close":129.5,"volume":15833,"time":"2022-05-13T09:40:00.000Z","is_complete":true},{"open":129.5,"high":129.5,"low":129.18,"close":129.18,"volume":1670,"time":"2022-05-13T09:41:00.000Z","is_complete":true},{"open":129.19,"high":129.2,"low":129.19,"close":129.2,"volume":264,"time":"2022-05-13T09:42:00.000Z","is_complete":true},{"open":129.2,"high":129.39,"low":129.19,"close":129.21,"volume":691,"time":"2022-05-13T09:43:00.000Z","is_complete":true},{"open":129.21,"high":129.38,"low":129.21,"close":129.21,"volume":1341,"time":"2022-05-13T09:44:00.000Z","is_complete":true},{"open":129.37,"high":129.37,"low":129.2,"close":129.35,"volume":738,"time":"2022-05-13T09:45:00.000Z","is_complete":true},{"open":129.36,"high":129.36,"low":129.2,"close":129.2,"volume":589,"time":"2022-05-13T09:46:00.000Z","is_complete":true},{"open":129.29,"high":129.29,"low":129.2,"close":129.2,"volume":194,"time":"2022-05-13T09:47:00.000Z","is_complete":true},{"open":129.2,"high":129.3,"low":129.2,"close":129.28,"volume":871,"time":"2022-05-13T09:48:00.000Z","is_complete":true},{"open":129.28,"high":129.28,"low":129.25,"close":129.25,"volume":5211,"time":"2022-05-13T09:49:00.000Z","is_complete":true},{"open":129.2,"high":129.2,"low":129.01,"close":129.01,"volume":641,"time":"2022-05-13T09:50:00.000Z","is_complete":true},{"open":129.19,"high":129.2,"low":128.92,"close":129,"volume":3772,"time":"2022-05-13T09:51:00.000Z","is_complete":true},{"open":129.19,"high":129.19,"low":129.01,"close":129.01,"volume":104,"time":"2022-05-13T09:52:00.000Z","is_complete":true},{"open":129.02,"high":129.08,"low":128.92,"close":128.92,"volume":727,"time":"2022-05-13T09:53:00.000Z","is_complete":true},{"open":129.04,"high":129.05,"low":128.92,"close":128.94,"volume":609,"time":"2022-05-13T09:54:00.000Z","is_complete":true},{"open":128.94,"high":128.94,"low":128.86,"close":128.86,"volume":2101,"time":"2022-05-13T09:55:00.000Z","is_complete":true},{"open":128.83,"high":128.9,"low":128.83,"close":128.83,"volume":57,"time":"2022-05-13T09:56:00.000Z","is_complete":true},{"open":128.83,"high":128.88,"low":128.78,"close":128.88,"volume":539,"time":"2022-05-13T09:57:00.000Z","is_complete":true},{"open":128.88,"high":128.88,"low":128.73,"close":128.74,"volume":772,"time":"2022-05-13T09:58:00.000Z","is_complete":true},{"open":128.88,"high":128.9,"low":128.88,"close":128.9,"volume":56,"time":"2022-05-13T09:59:00.000Z","is_complete":true},{"open":128.9,"high":128.9,"low":128.9,"close":128.9,"volume":86,"time":"2022-05-13T10:00:00.000Z","is_complete":true},{"open":128.9,"high":128.9,"low":128.9,"close":128.9,"volume":52,"time":"2022-05-13T10:01:00.000Z","is_complete":true},{"open":128.9,"high":128.9,"low":128.9,"close":128.9,"volume":3,"time":"2022-05-13T10:02:00.000Z","is_complete":true},{"open":128.9,"high":128.9,"low":128.83,"close":128.9,"volume":107,"time":"2022-05-13T10:03:00.000Z","is_complete":true},{"open":128.9,"high":128.9,"low":128.9,"close":128.9,"volume":9,"time":"2022-05-13T10:04:00.000Z","is_complete":true},{"open":128.9,"high":128.9,"low":128.85,"close":128.85,"volume":298,"time":"2022-05-13T10:05:00.000Z","is_complete":true},{"open":128.85,"high":128.85,"low":128.85,"close":128.85,"volume":311,"time":"2022-05-13T10:06:00.000Z","is_complete":true},{"open":128.85,"high":128.85,"low":128.84,"close":128.84,"volume":8,"time":"2022-05-13T10:07:00.000Z","is_complete":true},{"open":128.84,"high":128.89,"low":128.83,"close":128.89,"volume":280,"time":"2022-05-13T10:08:00.000Z","is_complete":true},{"open":128.9,"high":129.02,"low":128.88,"close":129.02,"volume":676,"time":"2022-05-13T10:09:00.000Z","is_complete":true},{"open":129.11,"high":129.12,"low":128.95,"close":128.95,"volume":26,"time":"2022-05-13T10:10:00.000Z","is_complete":true},{"open":128.99,"high":129.1,"low":128.99,"close":129.1,"volume":236,"time":"2022-05-13T10:11:00.000Z","is_complete":true},{"open":128.97,"high":129.1,"low":128.97,"close":129.09,"volume":1012,"time":"2022-05-13T10:12:00.000Z","is_complete":true},{"open":128.99,"high":128.99,"low":128.97,"close":128.97,"volume":111,"time":"2022-05-13T10:13:00.000Z","is_complete":true},{"open":129.08,"high":129.09,"low":129.08,"close":129.09,"volume":11,"time":"2022-05-13T10:14:00.000Z","is_complete":true},{"open":129.08,"high":129.09,"low":129.01,"close":129.01,"volume":338,"time":"2022-05-13T10:15:00.000Z","is_complete":true},{"open":129.06,"high":129.09,"low":129,"close":129.05,"volume":7362,"time":"2022-05-13T10:16:00.000Z","is_complete":true},{"open":129.09,"high":129.09,"low":129.05,"close":129.09,"volume":20,"time":"2022-05-13T10:17:00.000Z","is_complete":true},{"open":129.08,"high":129.24,"low":129.08,"close":129.24,"volume":479,"time":"2022-05-13T10:18:00.000Z","is_complete":true},{"open":129.26,"high":129.37,"low":129.26,"close":129.37,"volume":3712,"time":"2022-05-13T10:19:00.000Z","is_complete":true},{"open":129.24,"high":129.37,"low":129.24,"close":129.36,"volume":74,"time":"2022-05-13T10:20:00.000Z","is_complete":true},{"open":129.26,"high":129.26,"low":129.26,"close":129.26,"volume":1,"time":"2022-05-13T10:21:00.000Z","is_complete":true},{"open":129.33,"high":129.49,"low":129.14,"close":129.29,"volume":8124,"time":"2022-05-13T10:22:00.000Z","is_complete":true},{"open":129.35,"high":129.35,"low":129.06,"close":129.12,"volume":3135,"time":"2022-05-13T10:23:00.000Z","is_complete":true},{"open":129.19,"high":129.26,"low":129.12,"close":129.19,"volume":1618,"time":"2022-05-13T10:24:00.000Z","is_complete":true},{"open":129.14,"high":129.23,"low":129.12,"close":129.23,"volume":1533,"time":"2022-05-13T10:25:00.000Z","is_complete":true},{"open":129.38,"high":129.42,"low":129.15,"close":129.37,"volume":6044,"time":"2022-05-13T10:26:00.000Z","is_complete":true},{"open":129.32,"high":129.48,"low":129.15,"close":129.48,"volume":3508,"time":"2022-05-13T10:27:00.000Z","is_complete":true},{"open":129.32,"high":129.32,"low":129.32,"close":129.32,"volume":117,"time":"2022-05-13T10:28:00.000Z","is_complete":true},{"open":129.33,"high":129.43,"low":129.33,"close":129.43,"volume":178,"time":"2022-05-13T10:29:00.000Z","is_complete":true},{"open":129.43,"high":129.55,"low":129.32,"close":129.46,"volume":8845,"time":"2022-05-13T10:30:00.000Z","is_complete":true},{"open":129.33,"high":129.33,"low":129.16,"close":129.17,"volume":509,"time":"2022-05-13T10:31:00.000Z","is_complete":true},{"open":129.28,"high":129.3,"low":129.16,"close":129.17,"volume":142,"time":"2022-05-13T10:32:00.000Z","is_complete":true},{"open":129.17,"high":129.29,"low":129.16,"close":129.29,"volume":457,"time":"2022-05-13T10:33:00.000Z","is_complete":true},{"open":129.27,"high":129.27,"low":129.27,"close":129.27,"volume":20,"time":"2022-05-13T10:34:00.000Z","is_complete":true},{"open":129.27,"high":129.29,"low":129.27,"close":129.28,"volume":55,"time":"2022-05-13T10:35:00.000Z","is_complete":true},{"open":129.28,"high":129.28,"low":129.26,"close":129.28,"volume":48,"time":"2022-05-13T10:36:00.000Z","is_complete":true},{"open":129.25,"high":129.25,"low":129.16,"close":129.25,"volume":64,"time":"2022-05-13T10:37:00.000Z","is_complete":true},{"open":129.16,"high":129.16,"low":129.13,"close":129.13,"volume":100,"time":"2022-05-13T10:38:00.000Z","is_complete":true},{"open":129.2,"high":129.2,"low":129.17,"close":129.2,"volume":14,"time":"2022-05-13T10:39:00.000Z","is_complete":true},{"open":129.17,"high":129.2,"low":129.12,"close":129.2,"volume":148,"time":"2022-05-13T10:40:00.000Z","is_complete":true},{"open":129.2,"high":129.2,"low":129.2,"close":129.2,"volume":890,"time":"2022-05-13T10:41:00.000Z","is_complete":true},{"open":129.21,"high":129.21,"low":129.2,"close":129.2,"volume":376,"time":"2022-05-13T10:42:00.000Z","is_complete":true},{"open":129.21,"high":129.21,"low":129.2,"close":129.2,"volume":237,"time":"2022-05-13T10:43:00.000Z","is_complete":true},{"open":129.21,"high":129.21,"low":129.21,"close":129.21,"volume":11,"time":"2022-05-13T10:44:00.000Z","is_complete":true},{"open":129.21,"high":129.21,"low":129.2,"close":129.2,"volume":2460,"time":"2022-05-13T10:45:00.000Z","is_complete":true},{"open":129.15,"high":129.2,"low":129.12,"close":129.2,"volume":1308,"time":"2022-05-13T10:46:00.000Z","is_complete":true},{"open":129.2,"high":129.2,"low":129.15,"close":129.15,"volume":2,"time":"2022-05-13T10:47:00.000Z","is_complete":true},{"open":129.15,"high":129.15,"low":129.15,"close":129.15,"volume":31,"time":"2022-05-13T10:48:00.000Z","is_complete":true},{"open":129.15,"high":129.15,"low":129.13,"close":129.13,"volume":631,"time":"2022-05-13T10:49:00.000Z","is_complete":true},{"open":129.16,"high":129.16,"low":129.16,"close":129.16,"volume":2,"time":"2022-05-13T10:50:00.000Z","is_complete":true},{"open":129.14,"high":129.14,"low":129.12,"close":129.12,"volume":478,"time":"2022-05-13T10:51:00.000Z","is_complete":true},{"open":129.14,"high":129.14,"low":129.14,"close":129.14,"volume":20,"time":"2022-05-13T10:52:00.000Z","is_complete":true},{"open":129.13,"high":129.13,"low":129.12,"close":129.13,"volume":288,"time":"2022-05-13T10:53:00.000Z","is_complete":true},{"open":129.13,"high":129.13,"low":129,"close":129.12,"volume":3042,"time":"2022-05-13T10:54:00.000Z","is_complete":true},{"open":129.1,"high":129.12,"low":129,"close":129,"volume":5035,"time":"2022-05-13T10:55:00.000Z","is_complete":true},{"open":129.01,"high":129.1,"low":129,"close":129.1,"volume":555,"time":"2022-05-13T10:56:00.000Z","is_complete":true},{"open":129.01,"high":129.01,"low":128.63,"close":128.63,"volume":10068,"time":"2022-05-13T10:57:00.000Z","is_complete":true},{"open":128.33,"high":128.7,"low":128.23,"close":128.7,"volume":8045,"time":"2022-05-13T10:58:00.000Z","is_complete":true},{"open":128.79,"high":128.9,"low":128.58,"close":128.9,"volume":1540,"time":"2022-05-13T10:59:00.000Z","is_complete":true},{"open":128.85,"high":128.86,"low":128.85,"close":128.86,"volume":35,"time":"2022-05-13T11:00:00.000Z","is_complete":true},{"open":128.86,"high":128.86,"low":128.85,"close":128.86,"volume":61,"time":"2022-05-13T11:01:00.000Z","is_complete":true},{"open":128.86,"high":128.88,"low":128.86,"close":128.88,"volume":11,"time":"2022-05-13T11:02:00.000Z","is_complete":true},{"open":128.88,"high":128.88,"low":128.8,"close":128.84,"volume":828,"time":"2022-05-13T11:03:00.000Z","is_complete":true},{"open":128.84,"high":128.87,"low":128.84,"close":128.87,"volume":148,"time":"2022-05-13T11:04:00.000Z","is_complete":true},{"open":128.87,"high":128.87,"low":128.87,"close":128.87,"volume":6,"time":"2022-05-13T11:05:00.000Z","is_complete":true},{"open":128.87,"high":128.87,"low":128.87,"close":128.87,"volume":1,"time":"2022-05-13T11:06:00.000Z","is_complete":true},{"open":128.88,"high":128.88,"low":128.84,"close":128.84,"volume":71,"time":"2022-05-13T11:07:00.000Z","is_complete":true},{"open":128.81,"high":128.81,"low":128.81,"close":128.81,"volume":34,"time":"2022-05-13T11:08:00.000Z","is_complete":true},{"open":128.81,"high":128.81,"low":128.81,"close":128.81,"volume":666,"time":"2022-05-13T11:09:00.000Z","is_complete":true},{"open":128.64,"high":128.85,"low":128.64,"close":128.84,"volume":1107,"time":"2022-05-13T11:11:00.000Z","is_complete":true},{"open":128.8,"high":128.8,"low":128.8,"close":128.8,"volume":1,"time":"2022-05-13T11:12:00.000Z","is_complete":true},{"open":128.66,"high":128.66,"low":128.6,"close":128.6,"volume":222,"time":"2022-05-13T11:13:00.000Z","is_complete":true},{"open":128.79,"high":128.79,"low":128.59,"close":128.78,"volume":27,"time":"2022-05-13T11:14:00.000Z","is_complete":true},{"open":128.79,"high":128.79,"low":128.62,"close":128.62,"volume":746,"time":"2022-05-13T11:15:00.000Z","is_complete":true},{"open":128.62,"high":128.62,"low":128.6,"close":128.62,"volume":326,"time":"2022-05-13T11:16:00.000Z","is_complete":true},{"open":128.62,"high":128.62,"low":128.61,"close":128.62,"volume":2414,"time":"2022-05-13T11:17:00.000Z","is_complete":true},{"open":128.62,"high":128.62,"low":128.61,"close":128.62,"volume":87,"time":"2022-05-13T11:18:00.000Z","is_complete":true},{"open":128.61,"high":128.62,"low":128.61,"close":128.62,"volume":1658,"time":"2022-05-13T11:19:00.000Z","is_complete":true},{"open":128.62,"high":128.62,"low":128.61,"close":128.61,"volume":103,"time":"2022-05-13T11:20:00.000Z","is_complete":true},{"open":128.62,"high":128.62,"low":128.61,"close":128.61,"volume":173,"time":"2022-05-13T11:21:00.000Z","is_complete":true},{"open":128.61,"high":128.61,"low":128.57,"close":128.57,"volume":70,"time":"2022-05-13T11:22:00.000Z","is_complete":true},{"open":128.6,"high":128.62,"low":128.6,"close":128.62,"volume":195,"time":"2022-05-13T11:23:00.000Z","is_complete":true},{"open":128.58,"high":128.6,"low":128.57,"close":128.6,"volume":207,"time":"2022-05-13T11:24:00.000Z","is_complete":true},{"open":128.6,"high":128.6,"low":128.57,"close":128.57,"volume":48,"time":"2022-05-13T11:25:00.000Z","is_complete":true},{"open":128.57,"high":128.57,"low":128.55,"close":128.56,"volume":4,"time":"2022-05-13T11:26:00.000Z","is_complete":true},{"open":128.57,"high":128.6,"low":128.5,"close":128.5,"volume":3742,"time":"2022-05-13T11:27:00.000Z","is_complete":true},{"open":128.5,"high":128.51,"low":128.5,"close":128.5,"volume":615,"time":"2022-05-13T11:28:00.000Z","is_complete":true},{"open":128.51,"high":128.51,"low":128.51,"close":128.51,"volume":477,"time":"2022-05-13T11:29:00.000Z","is_complete":true},{"open":128.52,"high":128.52,"low":128.5,"close":128.52,"volume":1332,"time":"2022-05-13T11:30:00.000Z","is_complete":true},{"open":128.52,"high":128.6,"low":128.52,"close":128.6,"volume":151,"time":"2022-05-13T11:31:00.000Z","is_complete":true},{"open":128.52,"high":128.59,"low":128.52,"close":128.57,"volume":46,"time":"2022-05-13T11:32:00.000Z","is_complete":true},{"open":128.58,"high":128.58,"low":128.52,"close":128.58,"volume":6,"time":"2022-05-13T11:33:00.000Z","is_complete":true},{"open":128.58,"high":128.58,"low":128.58,"close":128.58,"volume":15,"time":"2022-05-13T11:34:00.000Z","is_complete":true},{"open":128.58,"high":128.6,"low":128.58,"close":128.6,"volume":1981,"time":"2022-05-13T11:35:00.000Z","is_complete":true},{"open":128.55,"high":128.55,"low":128.36,"close":128.4,"volume":3003,"time":"2022-05-13T11:36:00.000Z","is_complete":true},{"open":128.41,"high":128.58,"low":128.41,"close":128.58,"volume":2364,"time":"2022-05-13T11:37:00.000Z","is_complete":true},{"open":128.39,"high":128.56,"low":128.37,"close":128.56,"volume":68,"time":"2022-05-13T11:38:00.000Z","is_complete":true},{"open":128.54,"high":128.56,"low":128.35,"close":128.35,"volume":1140,"time":"2022-05-13T11:39:00.000Z","is_complete":true},{"open":128.39,"high":128.39,"low":128.38,"close":128.38,"volume":10,"time":"2022-05-13T11:40:00.000Z","is_complete":true},{"open":128.45,"high":128.45,"low":128.45,"close":128.45,"volume":2,"time":"2022-05-13T11:41:00.000Z","is_complete":true},{"open":128.5,"high":128.53,"low":128.38,"close":128.53,"volume":16,"time":"2022-05-13T11:42:00.000Z","is_complete":true},{"open":128.55,"high":128.55,"low":128.52,"close":128.52,"volume":124,"time":"2022-05-13T11:43:00.000Z","is_complete":true},{"open":128.43,"high":128.53,"low":128.43,"close":128.53,"volume":28,"time":"2022-05-13T11:44:00.000Z","is_complete":true},{"open":128.53,"high":128.55,"low":128.53,"close":128.55,"volume":243,"time":"2022-05-13T11:45:00.000Z","is_complete":true},{"open":128.53,"high":128.64,"low":128.53,"close":128.63,"volume":665,"time":"2022-05-13T11:46:00.000Z","is_complete":true},{"open":128.57,"high":128.64,"low":128.54,"close":128.64,"volume":2105,"time":"2022-05-13T11:47:00.000Z","is_complete":true},{"open":128.63,"high":128.64,"low":128.54,"close":128.63,"volume":339,"time":"2022-05-13T11:48:00.000Z","is_complete":true},{"open":128.6,"high":128.6,"low":128.6,"close":128.6,"volume":5,"time":"2022-05-13T11:49:00.000Z","is_complete":true},{"open":128.6,"high":128.6,"low":128.54,"close":128.58,"volume":143,"time":"2022-05-13T11:50:00.000Z","is_complete":true},{"open":128.54,"high":128.57,"low":128.43,"close":128.57,"volume":165,"time":"2022-05-13T11:51:00.000Z","is_complete":true},{"open":128.6,"high":128.6,"low":128.6,"close":128.6,"volume":17,"time":"2022-05-13T11:52:00.000Z","is_complete":true},{"open":128.59,"high":128.59,"low":128.57,"close":128.59,"volume":54,"time":"2022-05-13T11:53:00.000Z","is_complete":true},{"open":128.59,"high":128.59,"low":128.41,"close":128.57,"volume":810,"time":"2022-05-13T11:54:00.000Z","is_complete":true},{"open":128.57,"high":128.59,"low":128.56,"close":128.59,"volume":1425,"time":"2022-05-13T11:55:00.000Z","is_complete":true},{"open":128.59,"high":128.61,"low":128.59,"close":128.61,"volume":52,"time":"2022-05-13T11:56:00.000Z","is_complete":true},{"open":128.6,"high":128.6,"low":128.44,"close":128.44,"volume":517,"time":"2022-05-13T11:57:00.000Z","is_complete":true},{"open":128.59,"high":128.59,"low":128.5,"close":128.5,"volume":73,"time":"2022-05-13T11:58:00.000Z","is_complete":true},{"open":128.59,"high":128.59,"low":128.58,"close":128.58,"volume":33,"time":"2022-05-13T11:59:00.000Z","is_complete":true},{"open":128.59,"high":128.59,"low":128.59,"close":128.59,"volume":4,"time":"2022-05-13T12:00:00.000Z","is_complete":true},{"open":128.55,"high":128.55,"low":128.55,"close":128.55,"volume":101,"time":"2022-05-13T12:01:00.000Z","is_complete":true},{"open":128.55,"high":128.55,"low":128.55,"close":128.55,"volume":299,"time":"2022-05-13T12:02:00.000Z","is_complete":true},{"open":128.55,"high":128.55,"low":128.55,"close":128.55,"volume":10,"time":"2022-05-13T12:03:00.000Z","is_complete":true},{"open":128.55,"high":128.55,"low":128.43,"close":128.43,"volume":1050,"time":"2022-05-13T12:04:00.000Z","is_complete":true},{"open":128.44,"high":128.58,"low":128.44,"close":128.57,"volume":4,"time":"2022-05-13T12:05:00.000Z","is_complete":true},{"open":128.57,"high":128.57,"low":128.38,"close":128.38,"volume":716,"time":"2022-05-13T12:06:00.000Z","is_complete":true},{"open":128.43,"high":128.43,"low":128.3,"close":128.3,"volume":3251,"time":"2022-05-13T12:07:00.000Z","is_complete":true},{"open":128.33,"high":128.57,"low":128.33,"close":128.57,"volume":2002,"time":"2022-05-13T12:08:00.000Z","is_complete":true},{"open":128.57,"high":128.65,"low":128.57,"close":128.65,"volume":1066,"time":"2022-05-13T12:09:00.000Z","is_complete":true},{"open":128.61,"high":128.63,"low":128.6,"close":128.63,"volume":75,"time":"2022-05-13T12:10:00.000Z","is_complete":true},{"open":128.63,"high":128.63,"low":128.63,"close":128.63,"volume":30,"time":"2022-05-13T12:11:00.000Z","is_complete":true},{"open":128.63,"high":128.63,"low":128.62,"close":128.62,"volume":41,"time":"2022-05-13T12:12:00.000Z","is_complete":true},{"open":128.62,"high":128.62,"low":128.6,"close":128.62,"volume":77,"time":"2022-05-13T12:13:00.000Z","is_complete":true},{"open":128.62,"high":128.62,"low":128.62,"close":128.62,"volume":43,"time":"2022-05-13T12:14:00.000Z","is_complete":true},{"open":128.6,"high":128.6,"low":128.42,"close":128.59,"volume":1985,"time":"2022-05-13T12:15:00.000Z","is_complete":true},{"open":128.62,"high":128.62,"low":128.62,"close":128.62,"volume":4,"time":"2022-05-13T12:16:00.000Z","is_complete":true},{"open":128.6,"high":128.6,"low":128.6,"close":128.6,"volume":31,"time":"2022-05-13T12:17:00.000Z","is_complete":true},{"open":128.6,"high":128.6,"low":128.45,"close":128.45,"volume":1917,"time":"2022-05-13T12:18:00.000Z","is_complete":true},{"open":128.57,"high":128.58,"low":128.45,"close":128.45,"volume":63,"time":"2022-05-13T12:19:00.000Z","is_complete":true},{"open":128.56,"high":128.58,"low":128.31,"close":128.31,"volume":3366,"time":"2022-05-13T12:20:00.000Z","is_complete":true},{"open":128.48,"high":128.49,"low":128.31,"close":128.31,"volume":68,"time":"2022-05-13T12:21:00.000Z","is_complete":true},{"open":128.34,"high":128.34,"low":128.31,"close":128.31,"volume":880,"time":"2022-05-13T12:22:00.000Z","is_complete":true},{"open":128.42,"high":128.42,"low":128.33,"close":128.33,"volume":12,"time":"2022-05-13T12:23:00.000Z","is_complete":true},{"open":128.33,"high":128.33,"low":128.3,"close":128.3,"volume":420,"time":"2022-05-13T12:24:00.000Z","is_complete":true},{"open":128.39,"high":128.39,"low":128.33,"close":128.33,"volume":2,"time":"2022-05-13T12:26:00.000Z","is_complete":true},{"open":128.33,"high":128.33,"low":128.3,"close":128.33,"volume":551,"time":"2022-05-13T12:27:00.000Z","is_complete":true},{"open":128.33,"high":128.33,"low":128.33,"close":128.33,"volume":8,"time":"2022-05-13T12:29:00.000Z","is_complete":true},{"open":128.33,"high":128.4,"low":128.33,"close":128.4,"volume":84,"time":"2022-05-13T12:30:00.000Z","is_complete":true},{"open":128.4,"high":128.42,"low":128.4,"close":128.42,"volume":109,"time":"2022-05-13T12:31:00.000Z","is_complete":true},{"open":128.44,"high":128.44,"low":128.43,"close":128.43,"volume":3,"time":"2022-05-13T12:32:00.000Z","is_complete":true},{"open":128.41,"high":128.42,"low":128.41,"close":128.42,"volume":176,"time":"2022-05-13T12:33:00.000Z","is_complete":true},{"open":128.41,"high":128.42,"low":128.41,"close":128.42,"volume":46,"time":"2022-05-13T12:34:00.000Z","is_complete":true},{"open":128.42,"high":128.43,"low":128.42,"close":128.43,"volume":509,"time":"2022-05-13T12:35:00.000Z","is_complete":true},{"open":128.43,"high":128.46,"low":128.4,"close":128.46,"volume":2668,"time":"2022-05-13T12:36:00.000Z","is_complete":true},{"open":128.41,"high":128.45,"low":128.41,"close":128.45,"volume":3,"time":"2022-05-13T12:37:00.000Z","is_complete":true},{"open":128.41,"high":128.55,"low":128.4,"close":128.55,"volume":805,"time":"2022-05-13T12:38:00.000Z","is_complete":true},{"open":128.55,"high":128.78,"low":128.55,"close":128.78,"volume":4109,"time":"2022-05-13T12:39:00.000Z","is_complete":true},{"open":128.47,"high":128.73,"low":128.47,"close":128.69,"volume":1049,"time":"2022-05-13T12:40:00.000Z","is_complete":true},{"open":128.58,"high":128.67,"low":128.58,"close":128.66,"volume":51,"time":"2022-05-13T12:41:00.000Z","is_complete":true},{"open":128.59,"high":128.59,"low":128.58,"close":128.58,"volume":94,"time":"2022-05-13T12:42:00.000Z","is_complete":true},{"open":128.64,"high":128.75,"low":128.64,"close":128.75,"volume":13,"time":"2022-05-13T12:43:00.000Z","is_complete":true},{"open":128.76,"high":128.76,"low":128.75,"close":128.76,"volume":111,"time":"2022-05-13T12:44:00.000Z","is_complete":true},{"open":128.75,"high":128.75,"low":128.75,"close":128.75,"volume":230,"time":"2022-05-13T12:45:00.000Z","is_complete":true},{"open":128.75,"high":128.76,"low":128.75,"close":128.75,"volume":42,"time":"2022-05-13T12:46:00.000Z","is_complete":true},{"open":128.72,"high":128.72,"low":128.67,"close":128.7,"volume":83,"time":"2022-05-13T12:47:00.000Z","is_complete":true},{"open":128.7,"high":128.7,"low":128.66,"close":128.66,"volume":500,"time":"2022-05-13T12:48:00.000Z","is_complete":true},{"open":128.66,"high":128.76,"low":128.65,"close":128.76,"volume":1651,"time":"2022-05-13T12:49:00.000Z","is_complete":true},{"open":128.73,"high":128.76,"low":128.67,"close":128.76,"volume":217,"time":"2022-05-13T12:50:00.000Z","is_complete":true},{"open":128.76,"high":128.76,"low":128.76,"close":128.76,"volume":26,"time":"2022-05-13T12:51:00.000Z","is_complete":true},{"open":128.76,"high":128.76,"low":128.68,"close":128.68,"volume":22,"time":"2022-05-13T12:52:00.000Z","is_complete":true},{"open":128.75,"high":128.76,"low":128.75,"close":128.76,"volume":120,"time":"2022-05-13T12:53:00.000Z","is_complete":true},{"open":128.76,"high":128.76,"low":128.76,"close":128.76,"volume":109,"time":"2022-05-13T12:54:00.000Z","is_complete":true},{"open":128.76,"high":128.78,"low":128.76,"close":128.76,"volume":600,"time":"2022-05-13T12:55:00.000Z","is_complete":true},{"open":128.76,"high":128.79,"low":128.76,"close":128.79,"volume":1127,"time":"2022-05-13T12:56:00.000Z","is_complete":true},{"open":128.79,"high":128.79,"low":128.79,"close":128.79,"volume":1,"time":"2022-05-13T12:57:00.000Z","is_complete":true},{"open":128.79,"high":128.79,"low":128.79,"close":128.79,"volume":3,"time":"2022-05-13T12:58:00.000Z","is_complete":true},{"open":128.79,"high":128.79,"low":128.79,"close":128.79,"volume":6,"time":"2022-05-13T12:59:00.000Z","is_complete":true},{"open":128.78,"high":128.8,"low":128.76,"close":128.8,"volume":8268,"time":"2022-05-13T13:00:00.000Z","is_complete":true},{"open":128.8,"high":128.8,"low":128.78,"close":128.78,"volume":124,"time":"2022-05-13T13:01:00.000Z","is_complete":true},{"open":128.78,"high":128.78,"low":128.68,"close":128.68,"volume":54,"time":"2022-05-13T13:02:00.000Z","is_complete":true},{"open":128.74,"high":128.74,"low":128.74,"close":128.74,"volume":4,"time":"2022-05-13T13:03:00.000Z","is_complete":true},{"open":128.74,"high":128.77,"low":128.74,"close":128.76,"volume":338,"time":"2022-05-13T13:04:00.000Z","is_complete":true},{"open":128.77,"high":128.77,"low":128.74,"close":128.74,"volume":233,"time":"2022-05-13T13:05:00.000Z","is_complete":true},{"open":128.74,"high":128.77,"low":128.74,"close":128.74,"volume":47,"time":"2022-05-13T13:06:00.000Z","is_complete":true},{"open":128.74,"high":128.77,"low":128.74,"close":128.77,"volume":1306,"time":"2022-05-13T13:08:00.000Z","is_complete":true},{"open":128.78,"high":128.79,"low":128.78,"close":128.79,"volume":228,"time":"2022-05-13T13:09:00.000Z","is_complete":true},{"open":128.8,"high":128.82,"low":128.77,"close":128.82,"volume":7904,"time":"2022-05-13T13:10:00.000Z","is_complete":true},{"open":128.87,"high":128.99,"low":128.82,"close":128.98,"volume":3893,"time":"2022-05-13T13:11:00.000Z","is_complete":true},{"open":128.99,"high":128.99,"low":128.92,"close":128.92,"volume":110,"time":"2022-05-13T13:12:00.000Z","is_complete":true},{"open":128.93,"high":129,"low":128.92,"close":129,"volume":2279,"time":"2022-05-13T13:13:00.000Z","is_complete":true},{"open":128.99,"high":129,"low":128.99,"close":129,"volume":1751,"time":"2022-05-13T13:14:00.000Z","is_complete":true},{"open":128.98,"high":129,"low":128.97,"close":128.99,"volume":1110,"time":"2022-05-13T13:15:00.000Z","is_complete":true},{"open":128.94,"high":128.99,"low":128.92,"close":128.93,"volume":18,"time":"2022-05-13T13:16:00.000Z","is_complete":true},{"open":128.99,"high":129.09,"low":128.99,"close":129.09,"volume":3621,"time":"2022-05-13T13:17:00.000Z","is_complete":true},{"open":129.08,"high":129.15,"low":129.05,"close":129.13,"volume":1359,"time":"2022-05-13T13:18:00.000Z","is_complete":true},{"open":129.06,"high":129.06,"low":129.04,"close":129.04,"volume":10,"time":"2022-05-13T13:19:00.000Z","is_complete":true},{"open":129.1,"high":129.32,"low":129.1,"close":129.14,"volume":4461,"time":"2022-05-13T13:20:00.000Z","is_complete":true},{"open":129.13,"high":129.13,"low":128.92,"close":129.08,"volume":5394,"time":"2022-05-13T13:21:00.000Z","is_complete":true},{"open":129.1,"high":129.1,"low":129.04,"close":129.04,"volume":5,"time":"2022-05-13T13:22:00.000Z","is_complete":true},{"open":129.07,"high":129.1,"low":129.07,"close":129.1,"volume":24,"time":"2022-05-13T13:23:00.000Z","is_complete":true},{"open":128.98,"high":129.06,"low":128.83,"close":128.88,"volume":1457,"time":"2022-05-13T13:24:00.000Z","is_complete":true},{"open":128.9,"high":128.9,"low":128.74,"close":128.77,"volume":15063,"time":"2022-05-13T13:25:00.000Z","is_complete":true},{"open":128.77,"high":128.78,"low":128.77,"close":128.77,"volume":114,"time":"2022-05-13T13:26:00.000Z","is_complete":true},{"open":128.77,"high":128.77,"low":128.66,"close":128.66,"volume":5763,"time":"2022-05-13T13:27:00.000Z","is_complete":true},{"open":128.78,"high":128.78,"low":128.78,"close":128.78,"volume":10,"time":"2022-05-13T13:28:00.000Z","is_complete":true},{"open":128.78,"high":128.78,"low":128.78,"close":128.78,"volume":91,"time":"2022-05-13T13:29:00.000Z","is_complete":true},{"open":128.77,"high":128.77,"low":128.77,"close":128.77,"volume":1,"time":"2022-05-13T13:30:00.000Z","is_complete":true},{"open":129.18,"high":129.22,"low":128.79,"close":129.1,"volume":3889,"time":"2022-05-13T13:31:00.000Z","is_complete":true},{"open":129.1,"high":129.1,"low":129.1,"close":129.1,"volume":2,"time":"2022-05-13T13:32:00.000Z","is_complete":true},{"open":129.1,"high":129.1,"low":128.73,"close":128.73,"volume":908,"time":"2022-05-13T13:33:00.000Z","is_complete":true},{"open":129.09,"high":129.09,"low":129.09,"close":129.09,"volume":1,"time":"2022-05-13T13:34:00.000Z","is_complete":true},{"open":129.09,"high":129.11,"low":128.53,"close":128.6,"volume":3073,"time":"2022-05-13T13:35:00.000Z","is_complete":true},{"open":128.7,"high":128.92,"low":128.7,"close":128.92,"volume":83,"time":"2022-05-13T13:36:00.000Z","is_complete":true},{"open":128.8,"high":128.98,"low":128.8,"close":128.98,"volume":84,"time":"2022-05-13T13:37:00.000Z","is_complete":true},{"open":128.98,"high":128.98,"low":128.8,"close":128.8,"volume":10,"time":"2022-05-13T13:38:00.000Z","is_complete":true},{"open":128.8,"high":128.96,"low":128.7,"close":128.96,"volume":397,"time":"2022-05-13T13:39:00.000Z","is_complete":true},{"open":128.77,"high":128.96,"low":128.77,"close":128.77,"volume":444,"time":"2022-05-13T13:40:00.000Z","is_complete":true},{"open":128.76,"high":128.76,"low":128.54,"close":128.76,"volume":1134,"time":"2022-05-13T13:41:00.000Z","is_complete":true},{"open":128.72,"high":128.73,"low":128.71,"close":128.73,"volume":139,"time":"2022-05-13T13:42:00.000Z","is_complete":true},{"open":128.76,"high":128.76,"low":128.46,"close":128.54,"volume":2348,"time":"2022-05-13T13:43:00.000Z","is_complete":true},{"open":128.7,"high":128.72,"low":128.7,"close":128.72,"volume":16,"time":"2022-05-13T13:44:00.000Z","is_complete":true},{"open":128.7,"high":128.72,"low":128.7,"close":128.71,"volume":40,"time":"2022-05-13T13:45:00.000Z","is_complete":true},{"open":128.73,"high":128.75,"low":128.7,"close":128.7,"volume":505,"time":"2022-05-13T13:46:00.000Z","is_complete":true},{"open":128.7,"high":128.7,"low":128.69,"close":128.69,"volume":61,"time":"2022-05-13T13:47:00.000Z","is_complete":true},{"open":128.67,"high":128.67,"low":128.5,"close":128.6,"volume":1111,"time":"2022-05-13T13:48:00.000Z","is_complete":true},{"open":128.62,"high":128.62,"low":128.6,"close":128.6,"volume":79,"time":"2022-05-13T13:49:00.000Z","is_complete":true},{"open":128.52,"high":128.52,"low":128.5,"close":128.5,"volume":1000,"time":"2022-05-13T13:50:00.000Z","is_complete":true},{"open":128.6,"high":128.6,"low":128.59,"close":128.6,"volume":32,"time":"2022-05-13T13:51:00.000Z","is_complete":true},{"open":128.59,"high":128.6,"low":128.59,"close":128.6,"volume":21,"time":"2022-05-13T13:52:00.000Z","is_complete":true},{"open":128.55,"high":128.55,"low":128.55,"close":128.55,"volume":892,"time":"2022-05-13T13:53:00.000Z","is_complete":true},{"open":128.56,"high":128.65,"low":128.56,"close":128.65,"volume":20,"time":"2022-05-13T13:54:00.000Z","is_complete":true},{"open":128.61,"high":128.71,"low":128.55,"close":128.65,"volume":3582,"time":"2022-05-13T13:55:00.000Z","is_complete":true},{"open":128.65,"high":128.9,"low":128.65,"close":128.78,"volume":3655,"time":"2022-05-13T13:57:00.000Z","is_complete":true},{"open":128.78,"high":128.78,"low":128.77,"close":128.77,"volume":9,"time":"2022-05-13T13:58:00.000Z","is_complete":true},{"open":128.77,"high":128.77,"low":128.77,"close":128.77,"volume":3,"time":"2022-05-13T13:59:00.000Z","is_complete":true},{"open":128.76,"high":128.76,"low":128.69,"close":128.69,"volume":102,"time":"2022-05-13T14:01:00.000Z","is_complete":true},{"open":128.74,"high":128.74,"low":128.7,"close":128.7,"volume":8,"time":"2022-05-13T14:02:00.000Z","is_complete":true},{"open":128.72,"high":128.75,"low":128.72,"close":128.75,"volume":7,"time":"2022-05-13T14:03:00.000Z","is_complete":true},{"open":128.75,"high":128.75,"low":128.75,"close":128.75,"volume":33,"time":"2022-05-13T14:04:00.000Z","is_complete":true},{"open":128.75,"high":128.77,"low":128.71,"close":128.71,"volume":98,"time":"2022-05-13T14:06:00.000Z","is_complete":true},{"open":128.76,"high":128.76,"low":128.76,"close":128.76,"volume":1,"time":"2022-05-13T14:07:00.000Z","is_complete":true},{"open":128.75,"high":128.76,"low":128.69,"close":128.69,"volume":824,"time":"2022-05-13T14:08:00.000Z","is_complete":true},{"open":128.69,"high":128.69,"low":128.69,"close":128.69,"volume":101,"time":"2022-05-13T14:09:00.000Z","is_complete":true},{"open":128.69,"high":128.69,"low":128.65,"close":128.65,"volume":605,"time":"2022-05-13T14:10:00.000Z","is_complete":true},{"open":128.65,"high":128.65,"low":128.55,"close":128.55,"volume":570,"time":"2022-05-13T14:11:00.000Z","is_complete":true},{"open":128.65,"high":128.77,"low":128.59,"close":128.59,"volume":266,"time":"2022-05-13T14:12:00.000Z","is_complete":true},{"open":128.62,"high":128.62,"low":128.62,"close":128.62,"volume":1,"time":"2022-05-13T14:13:00.000Z","is_complete":true},{"open":128.58,"high":128.58,"low":128.58,"close":128.58,"volume":2,"time":"2022-05-13T14:14:00.000Z","is_complete":true},{"open":128.62,"high":128.8,"low":128.62,"close":128.8,"volume":651,"time":"2022-05-13T14:15:00.000Z","is_complete":true},{"open":128.79,"high":128.79,"low":128.79,"close":128.79,"volume":4,"time":"2022-05-13T14:16:00.000Z","is_complete":true},{"open":128.76,"high":128.8,"low":128.76,"close":128.8,"volume":3,"time":"2022-05-13T14:17:00.000Z","is_complete":true},{"open":128.75,"high":128.75,"low":128.51,"close":128.7,"volume":902,"time":"2022-05-13T14:18:00.000Z","is_complete":true},{"open":128.55,"high":128.55,"low":128.54,"close":128.54,"volume":8999,"time":"2022-05-13T14:19:00.000Z","is_complete":true},{"open":128.67,"high":128.67,"low":128.67,"close":128.67,"volume":100,"time":"2022-05-13T14:20:00.000Z","is_complete":true},{"open":128.67,"high":128.67,"low":128.58,"close":128.58,"volume":96,"time":"2022-05-13T14:21:00.000Z","is_complete":true},{"open":128.58,"high":128.58,"low":128.58,"close":128.58,"volume":8,"time":"2022-05-13T14:22:00.000Z","is_complete":true},{"open":128.65,"high":128.65,"low":128.65,"close":128.65,"volume":7,"time":"2022-05-13T14:23:00.000Z","is_complete":true},{"open":128.59,"high":128.59,"low":128.51,"close":128.51,"volume":1155,"time":"2022-05-13T14:24:00.000Z","is_complete":true},{"open":128.65,"high":128.67,"low":128.58,"close":128.65,"volume":2700,"time":"2022-05-13T14:25:00.000Z","is_complete":true},{"open":128.69,"high":128.8,"low":128.69,"close":128.76,"volume":3909,"time":"2022-05-13T14:26:00.000Z","is_complete":true},{"open":128.7,"high":128.8,"low":128.7,"close":128.8,"volume":3,"time":"2022-05-13T14:27:00.000Z","is_complete":true},{"open":128.8,"high":128.8,"low":128.7,"close":128.7,"volume":521,"time":"2022-05-13T14:28:00.000Z","is_complete":true},{"open":128.7,"high":128.7,"low":128.7,"close":128.7,"volume":6,"time":"2022-05-13T14:29:00.000Z","is_complete":true},{"open":128.7,"high":128.75,"low":128.7,"close":128.75,"volume":1013,"time":"2022-05-13T14:30:00.000Z","is_complete":true},{"open":128.75,"high":128.75,"low":128.75,"close":128.75,"volume":50,"time":"2022-05-13T14:31:00.000Z","is_complete":true},{"open":128.79,"high":128.79,"low":128.7,"close":128.7,"volume":11,"time":"2022-05-13T14:32:00.000Z","is_complete":true},{"open":128.7,"high":128.7,"low":128.49,"close":128.54,"volume":1627,"time":"2022-05-13T14:33:00.000Z","is_complete":true},{"open":128.66,"high":128.69,"low":128.55,"close":128.55,"volume":105,"time":"2022-05-13T14:34:00.000Z","is_complete":true},{"open":128.71,"high":128.71,"low":128.33,"close":128.62,"volume":8871,"time":"2022-05-13T14:35:00.000Z","is_complete":true},{"open":128.61,"high":128.68,"low":128.5,"close":128.6,"volume":103,"time":"2022-05-13T14:36:00.000Z","is_complete":true},{"open":128.61,"high":128.66,"low":128.5,"close":128.5,"volume":100,"time":"2022-05-13T14:37:00.000Z","is_complete":true},{"open":128.51,"high":128.67,"low":128.51,"close":128.67,"volume":21,"time":"2022-05-13T14:38:00.000Z","is_complete":true},{"open":128.53,"high":128.68,"low":128.52,"close":128.54,"volume":326,"time":"2022-05-13T14:39:00.000Z","is_complete":true},{"open":128.55,"high":128.64,"low":128.51,"close":128.64,"volume":501,"time":"2022-05-13T14:40:00.000Z","is_complete":true},{"open":128.61,"high":128.63,"low":128.52,"close":128.52,"volume":6,"time":"2022-05-13T14:41:00.000Z","is_complete":true},{"open":128.61,"high":128.68,"low":128.61,"close":128.61,"volume":212,"time":"2022-05-13T14:42:00.000Z","is_complete":true},{"open":128.64,"high":128.64,"low":128.63,"close":128.64,"volume":16,"time":"2022-05-13T14:43:00.000Z","is_complete":true},{"open":128.61,"high":128.68,"low":128.55,"close":128.56,"volume":94,"time":"2022-05-13T14:44:00.000Z","is_complete":true},{"open":128.64,"high":128.65,"low":128.64,"close":128.65,"volume":23,"time":"2022-05-13T14:45:00.000Z","is_complete":true},{"open":128.64,"high":128.65,"low":128.64,"close":128.65,"volume":10,"time":"2022-05-13T14:46:00.000Z","is_complete":true},{"open":128.64,"high":128.65,"low":128.56,"close":128.65,"volume":120,"time":"2022-05-13T14:47:00.000Z","is_complete":true},{"open":128.57,"high":128.58,"low":128.54,"close":128.58,"volume":337,"time":"2022-05-13T14:48:00.000Z","is_complete":true},{"open":128.58,"high":128.58,"low":128.53,"close":128.58,"volume":351,"time":"2022-05-13T14:49:00.000Z","is_complete":true},{"open":128.57,"high":128.57,"low":128.57,"close":128.57,"volume":3,"time":"2022-05-13T14:50:00.000Z","is_complete":true},{"open":128.57,"high":128.65,"low":128.54,"close":128.65,"volume":363,"time":"2022-05-13T14:51:00.000Z","is_complete":true},{"open":128.64,"high":128.64,"low":128.55,"close":128.55,"volume":44,"time":"2022-05-13T14:52:00.000Z","is_complete":true},{"open":128.55,"high":128.69,"low":128.54,"close":128.69,"volume":201,"time":"2022-05-13T14:53:00.000Z","is_complete":true},{"open":128.68,"high":128.69,"low":128.68,"close":128.69,"volume":59,"time":"2022-05-13T14:54:00.000Z","is_complete":true},{"open":128.58,"high":128.58,"low":128.56,"close":128.56,"volume":46,"time":"2022-05-13T14:55:00.000Z","is_complete":true},{"open":128.6,"high":128.6,"low":128.6,"close":128.6,"volume":48,"time":"2022-05-13T14:56:00.000Z","is_complete":true},{"open":128.6,"high":128.64,"low":128.6,"close":128.6,"volume":101,"time":"2022-05-13T14:57:00.000Z","is_complete":true},{"open":128.6,"high":128.67,"low":128.6,"close":128.65,"volume":14,"time":"2022-05-13T14:58:00.000Z","is_complete":true},{"open":128.69,"high":128.71,"low":128.69,"close":128.71,"volume":119,"time":"2022-05-13T14:59:00.000Z","is_complete":true},{"open":128.69,"high":128.69,"low":128.69,"close":128.69,"volume":1,"time":"2022-05-13T15:00:00.000Z","is_complete":true},{"open":128.7,"high":128.7,"low":128.55,"close":128.55,"volume":1016,"time":"2022-05-13T15:01:00.000Z","is_complete":true},{"open":128.67,"high":128.67,"low":128.52,"close":128.65,"volume":1019,"time":"2022-05-13T15:02:00.000Z","is_complete":true},{"open":128.65,"high":128.69,"low":128.57,"close":128.57,"volume":1792,"time":"2022-05-13T15:03:00.000Z","is_complete":true},{"open":128.57,"high":128.7,"low":128.57,"close":128.7,"volume":1926,"time":"2022-05-13T15:04:00.000Z","is_complete":true},{"open":128.58,"high":128.58,"low":128.5,"close":128.58,"volume":2814,"time":"2022-05-13T15:05:00.000Z","is_complete":true},{"open":128.45,"high":128.62,"low":128.36,"close":128.41,"volume":3586,"time":"2022-05-13T15:06:00.000Z","is_complete":true},{"open":128.43,"high":128.43,"low":128.43,"close":128.43,"volume":1650,"time":"2022-05-13T15:07:00.000Z","is_complete":true},{"open":128.44,"high":128.6,"low":128.43,"close":128.57,"volume":830,"time":"2022-05-13T15:08:00.000Z","is_complete":true},{"open":128.61,"high":128.61,"low":128.61,"close":128.61,"volume":1598,"time":"2022-05-13T15:09:00.000Z","is_complete":true},{"open":128.61,"high":128.67,"low":128.61,"close":128.61,"volume":4127,"time":"2022-05-13T15:10:00.000Z","is_complete":true},{"open":128.61,"high":128.61,"low":128.45,"close":128.52,"volume":108,"time":"2022-05-13T15:11:00.000Z","is_complete":true},{"open":128.63,"high":128.63,"low":128.55,"close":128.55,"volume":147,"time":"2022-05-13T15:12:00.000Z","is_complete":true},{"open":128.52,"high":128.55,"low":128.52,"close":128.53,"volume":1111,"time":"2022-05-13T15:13:00.000Z","is_complete":true},{"open":128.59,"high":128.59,"low":128.59,"close":128.59,"volume":3100,"time":"2022-05-13T15:14:00.000Z","is_complete":true},{"open":128.6,"high":128.6,"low":128.59,"close":128.59,"volume":23,"time":"2022-05-13T15:15:00.000Z","is_complete":true},{"open":128.75,"high":128.8,"low":128.6,"close":128.64,"volume":2149,"time":"2022-05-13T15:16:00.000Z","is_complete":true},{"open":128.79,"high":128.9,"low":128.79,"close":128.9,"volume":1834,"time":"2022-05-13T15:17:00.000Z","is_complete":true},{"open":128.9,"high":128.92,"low":128.8,"close":128.9,"volume":794,"time":"2022-05-13T15:18:00.000Z","is_complete":true},{"open":128.91,"high":128.92,"low":128.91,"close":128.91,"volume":412,"time":"2022-05-13T15:19:00.000Z","is_complete":true},{"open":128.92,"high":128.92,"low":128.9,"close":128.92,"volume":3770,"time":"2022-05-13T15:20:00.000Z","is_complete":true},{"open":128.92,"high":128.96,"low":128.92,"close":128.96,"volume":3000,"time":"2022-05-13T15:21:00.000Z","is_complete":true},{"open":128.96,"high":128.97,"low":128.96,"close":128.96,"volume":2895,"time":"2022-05-13T15:22:00.000Z","is_complete":true},{"open":128.98,"high":128.98,"low":128.97,"close":128.97,"volume":41,"time":"2022-05-13T15:23:00.000Z","is_complete":true},{"open":128.96,"high":128.97,"low":128.93,"close":128.97,"volume":349,"time":"2022-05-13T15:24:00.000Z","is_complete":true},{"open":128.97,"high":128.99,"low":128.97,"close":128.99,"volume":2508,"time":"2022-05-13T15:25:00.000Z","is_complete":true},{"open":128.97,"high":129,"low":128.97,"close":129,"volume":2136,"time":"2022-05-13T15:26:00.000Z","is_complete":true},{"open":129,"high":129,"low":128.97,"close":128.97,"volume":2478,"time":"2022-05-13T15:27:00.000Z","is_complete":true},{"open":129,"high":129,"low":128.97,"close":128.97,"volume":4980,"time":"2022-05-13T15:28:00.000Z","is_complete":true},{"open":128.97,"high":128.99,"low":128.53,"close":128.78,"volume":3389,"time":"2022-05-13T15:29:00.000Z","is_complete":true},{"open":128.56,"high":128.81,"low":128.53,"close":128.6,"volume":1018,"time":"2022-05-13T15:30:00.000Z","is_complete":true},{"open":128.73,"high":128.82,"low":128.6,"close":128.81,"volume":2081,"time":"2022-05-13T15:31:00.000Z","is_complete":true},{"open":128.8,"high":128.88,"low":128.8,"close":128.85,"volume":6138,"time":"2022-05-13T15:32:00.000Z","is_complete":true},{"open":128.86,"high":128.9,"low":128.8,"close":128.89,"volume":5314,"time":"2022-05-13T15:33:00.000Z","is_complete":true},{"open":128.89,"high":128.9,"low":128.82,"close":128.82,"volume":1963,"time":"2022-05-13T15:34:00.000Z","is_complete":true},{"open":128.82,"high":128.89,"low":128.8,"close":128.89,"volume":949,"time":"2022-05-13T15:35:00.000Z","is_complete":true},{"open":128.82,"high":128.82,"low":128.5,"close":128.5,"volume":4822,"time":"2022-05-13T15:36:00.000Z","is_complete":true},{"open":128.51,"high":128.72,"low":128.51,"close":128.7,"volume":709,"time":"2022-05-13T15:37:00.000Z","is_complete":true},{"open":128.6,"high":128.69,"low":128.51,"close":128.51,"volume":2879,"time":"2022-05-13T15:38:00.000Z","is_complete":true},{"open":128.59,"high":128.59,"low":128.5,"close":128.54,"volume":3391,"time":"2022-05-13T15:39:00.000Z","is_complete":true},{"open":128.5,"high":128.5,"low":128.5,"close":128.5,"volume":4422,"time":"2022-05-13T15:45:00.000Z","is_complete":true},{"open":128.5,"high":128.5,"low":128.5,"close":128.5,"volume":54,"time":"2022-05-13T15:46:00.000Z","is_complete":true},{"open":128.5,"high":128.5,"low":128.5,"close":128.5,"volume":50,"time":"2022-05-13T15:48:00.000Z","is_complete":true},{"open":128.5,"high":128.5,"low":128.5,"close":128.5,"volume":381,"time":"2022-05-13T15:49:00.000Z","is_complete":true}]}