{"candles":[{"open":234.99,"high":236.4,"low":233.11,"close":236.29,"volume":25271,"time":"2022-05-16T07:00:00.000Z","is_complete":true},{"open":236.4,"high":237.81,"low":236.01,"close":237.38,"volume":20131,"time":"2022-05-16T07:01:00.000Z","is_complete":true},{"open":237.43,"high":237.68,"low":237,"close":237.24,"volume":8294,"time":"2022-05-16T07:02:00.000Z","is_complete":true},{"open":237.24,"high":237.31,"low":236.53,"close":236.6,"volume":6449,"time":"2022-05-16T07:03:00.000Z","is_complete":true},{"open":236.77,"high":237.39,"low":236.67,"close":237.39,"volume":14835,"time":"2022-05-16T07:04:00.000Z","is_complete":true},{"open":237.39,"high":238.4,"low":237.3,"close":238.13,"volume":34059,"time":"2022-05-16T07:05:00.000Z","is_complete":true},{"open":238.2,"high":238.5,"low":237.37,"close":237.7,"volume":11784,"time":"2022-05-16T07:06:00.000Z","is_complete":true},{"open":237.74,"high":237.95,"low":237.65,"close":237.9,"volume":8272,"time":"2022-05-16T07:07:00.000Z","is_complete":true},{"open":237.9,"high":237.95,"low":237.65,"close":237.69,"volume":5287,"time":"2022-05-16T07:08:00.000Z","is_complete":true},{"open":237.66,"high":237.9,"low":237.5,"close":237.88,"volume":5540,"time":"2022-05-16T07:09:00.000Z","is_complete":true},{"open":237.88,"high":237.93,"low":237.6,"close":237.68,"volume":4249,"time":"2022-05-16T07:10:00.000Z","is_complete":true},{"open":237.79,"high":237.84,"low":237.04,"close":237.21,"volume":9928,"time":"2022-05-16T07:11:00.000Z","is_complete":true},{"open":237.21,"high":237.37,"low":236.78,"close":237.33,"volume":10079,"time":"2022-05-16T07:12:00.000Z","is_complete":true},{"open":237.33,"high":237.68,"low":237.22,"close":237.68,"volume":4321,"time":"2022-05-16T07:13:00.000Z","is_complete":true},{"open":237.68,"high":237.8,"low":237.54,"close":237.7,"volume":2639,"time":"2022-05-16T07:14:00.000Z","is_complete":true},{"open":237.7,"high":237.7,"low":237.19,"close":237.32,"volume":2841,"time":"2022-05-16T07:15:00.000Z","is_complete":true},{"open":237.33,"high":237.49,"low":236.75,"close":237.03,"volume":4035,"time":"2022-05-16T07:16:00.000Z","is_complete":true},{"open":237.03,"high":237.07,"low":236.6,"close":236.62,"volume":2631,"time":"2022-05-16T07:17:00.000Z","is_complete":true},{"open":236.62,"high":236.91,"low":236.6,"close":236.91,"volume":1656,"time":"2022-05-16T07:18:00.000Z","is_complete":true},{"open":236.9,"high":236.9,"low":236.63,"close":236.68,"volume":1688,"time":"2022-05-16T07:19:00.000Z","is_complete":true},{"open":236.67,"high":236.7,"low":236.26,"close":236.6,"volume":9510,"time":"2022-05-16T07:20:00.000Z","is_complete":true},{"open":236.5,"high":236.59,"low":236.39,"close":236.4,"volume":2900,"time":"2022-05-16T07:21:00.000Z","is_complete":true},{"open":236.46,"high":236.8,"low":236.4,"close":236.69,"volume":3120,"time":"2022-05-16T07:22:00.000Z","is_complete":true},{"open":236.78,"high":237.6,"low":236.78,"close":237.56,"volume":11619,"time":"2022-05-16T07:23:00.000Z","is_complete":true},{"open":237.54,"high":237.6,"low":237.3,"close":237.34,"volume":7292,"time":"2022-05-16T07:24:00.000Z","is_complete":true},{"open":237.42,"high":237.5,"low":237,"close":237.18,"volume":3962,"time":"2022-05-16T07:25:00.000Z","is_complete":true},{"open":237.02,"high":237.14,"low":237,"close":237.12,"volume":1079,"time":"2022-05-16T07:26:00.000Z","is_complete":true},{"open":237.12,"high":237.4,"low":237.12,"close":237.38,"volume":2305,"time":"2022-05-16T07:27:00.000Z","is_complete":true},{"open":237.39,"high":237.46,"low":237.24,"close":237.46,"volume":1096,"time":"2022-05-16T07:28:00.000Z","is_complete":true},{"open":237.46,"high":237.6,"low":237.4,"close":237.6,"volume":4663,"time":"2022-05-16T07:29:00.000Z","is_complete":true},{"open":237.49,"high":238.32,"low":237.49,"close":238.26,"volume":10662,"time":"2022-05-16T07:30:00.000Z","is_complete":true},{"open":238.26,"high":238.35,"low":238.1,"close":238.11,"volume":7013,"time":"2022-05-16T07:31:00.000Z","is_complete":true},{"open":238.2,"high":238.59,"low":238.1,"close":238.48,"volume":25629,"time":"2022-05-16T07:32:00.000Z","is_complete":true},{"open":238.44,"high":238.9,"low":238.43,"close":238.88,"volume":11922,"time":"2022-05-16T07:33:00.000Z","is_complete":true},{"open":238.88,"high":238.96,"low":238.7,"close":238.92,"volume":5452,"time":"2022-05-16T07:34:00.000Z","is_complete":true},{"open":238.96,"high":239.25,"low":237.88,"close":238.15,"volume":15113,"time":"2022-05-16T07:35:00.000Z","is_complete":true},{"open":238.15,"high":238.86,"low":238.15,"close":238.65,"volume":6134,"time":"2022-05-16T07:36:00.000Z","is_complete":true},{"open":238.63,"high":238.85,"low":238.5,"close":238.6,"volume":1545,"time":"2022-05-16T07:37:00.000Z","is_complete":true},{"open":238.72,"high":238.8,"low":238.5,"close":238.5,"volume":15056,"time":"2022-05-16T07:38:00.000Z","is_complete":true},{"open":238.5,"high":238.72,"low":238.5,"close":238.67,"volume":5172,"time":"2022-05-16T07:39:00.000Z","is_complete":true},{"open":238.67,"high":238.79,"low":238.5,"close":238.63,"volume":14615,"time":"2022-05-16T07:40:00.000Z","is_complete":true},{"open":238.5,"high":238.84,"low":238.5,"close":238.84,"volume":14754,"time":"2022-05-16T07:41:00.000Z","is_complete":true},{"open":238.84,"high":239.16,"low":238.65,"close":238.99,"volume":6546,"time":"2022-05-16T07:42:00.000Z","is_complete":true},{"open":238.88,"high":239.45,"low":238.88,"close":239.3,"volume":9647,"time":"2022-05-16T07:43:00.000Z","is_complete":true},{"open":239.34,"high":239.39,"low":238.9,"close":238.97,"volume":5496,"time":"2022-05-16T07:44:00.000Z","is_complete":true},{"open":238.97,"high":239.4,"low":238.92,"close":239.17,"volume":5262,"time":"2022-05-16T07:45:00.000Z","is_complete":true},{"open":239.13,"high":239.4,"low":239.06,"close":239.29,"volume":4277,"time":"2022-05-16T07:46:00.000Z","is_complete":true},{"open":239.3,"high":239.79,"low":239.3,"close":239.65,"volume":12428,"time":"2022-05-16T07:47:00.000Z","is_complete":true},{"open":239.63,"high":239.8,"low":239.5,"close":239.51,"volume":11523,"time":"2022-05-16T07:48:00.000Z","is_complete":true},{"open":239.53,"high":239.53,"low":239.11,"close":239.23,"volume":5001,"time":"2022-05-16T07:49:00.000Z","is_complete":true},{"open":239.37,"high":239.47,"low":239,"close":239.36,"volume":4960,"time":"2022-05-16T07:50:00.000Z","is_complete":true},{"open":239.36,"high":239.36,"low":239.06,"close":239.18,"volume":1710,"time":"2022-05-16T07:51:00.000Z","is_complete":true},{"open":239.18,"high":239.35,"low":239.06,"close":239.28,"volume":2229,"time":"2022-05-16T07:52:00.000Z","is_complete":true},{"open":239.22,"high":239.47,"low":239.21,"close":239.47,"volume":1167,"time":"2022-05-16T07:53:00.000Z","is_complete":true},{"open":239.47,"high":239.99,"low":239.37,"close":239.98,"volume":12570,"time":"2022-05-16T07:54:00.000Z","is_complete":true},{"open":239.98,"high":240.86,"low":239.92,"close":240.64,"volume":48069,"time":"2022-05-16T07:55:00.000Z","is_complete":true},{"open":240.65,"high":240.92,"low":240.01,"close":240.42,"volume":25901,"time":"2022-05-16T07:56:00.000Z","is_complete":true},{"open":240.42,"high":240.49,"low":239.85,"close":240.37,"volume":13581,"time":"2022-05-16T07:57:00.000Z","is_complete":true},{"open":240.37,"high":240.46,"low":240,"close":240.28,"volume":5421,"time":"2022-05-16T07:58:00.000Z","is_complete":true},{"open":240.28,"high":240.33,"low":240,"close":240.2,"volume":8688,"time":"2022-05-16T07:59:00.000Z","is_complete":true},{"open":240.21,"high":240.29,"low":240,"close":240.15,"volume":8414,"time":"2022-05-16T08:00:00.000Z","is_complete":true},{"open":240.1,"high":240.47,"low":240.02,"close":240.32,"volume":5608,"time":"2022-05-16T08:01:00.000Z","is_complete":true},{"open":240.32,"high":240.45,"low":240.2,"close":240.27,"volume":2637,"time":"2022-05-16T08:02:00.000Z","is_complete":true},{"open":240.35,"high":240.39,"low":240.26,"close":240.39,"volume":1711,"time":"2022-05-16T08:03:00.000Z","is_complete":true},{"open":240.39,"high":240.46,"low":240.3,"close":240.38,"volume":1928,"time":"2022-05-16T08:04:00.000Z","is_complete":true},{"open":240.3,"high":240.38,"low":240.17,"close":240.21,"volume":1631,"time":"2022-05-16T08:05:00.000Z","is_complete":true},{"open":240.17,"high":240.21,"low":240,"close":240.04,"volume":3989,"time":"2022-05-16T08:06:00.000Z","is_complete":true},{"open":240.06,"high":240.06,"low":240,"close":240.01,"volume":4240,"time":"2022-05-16T08:07:00.000Z","is_complete":true},{"open":240.02,"high":240.35,"low":240,"close":240.13,"volume":5487,"time":"2022-05-16T08:08:00.000Z","is_complete":true},{"open":240.17,"high":240.26,"low":240,"close":240.02,"volume":2452,"time":"2022-05-16T08:09:00.000Z","is_complete":true},{"open":240.02,"high":240.09,"low":240,"close":240.02,"volume":2489,"time":"2022-05-16T08:10:00.000Z","is_complete":true},{"open":240.02,"high":240.34,"low":240.02,"close":240.23,"volume":3490,"time":"2022-05-16T08:11:00.000Z","is_complete":true},{"open":240.26,"high":240.77,"low":240.26,"close":240.61,"volume":13385,"time":"2022-05-16T08:12:00.000Z","is_complete":true},{"open":240.61,"high":240.79,"low":240.57,"close":240.76,"volume":2926,"time":"2022-05-16T08:13:00.000Z","is_complete":true},{"open":240.79,"high":240.81,"low":240.7,"close":240.79,"volume":3569,"time":"2022-05-16T08:14:00.000Z","is_complete":true},{"open":240.79,"high":240.9,"low":240.7,"close":240.87,"volume":5047,"time":"2022-05-16T08:15:00.000Z","is_complete":true},{"open":240.87,"high":240.9,"low":240.61,"close":240.62,"volume":3694,"time":"2022-05-16T08:16:00.000Z","is_complete":true},{"open":240.67,"high":240.69,"low":240.15,"close":240.38,"volume":4895,"time":"2022-05-16T08:17:00.000Z","is_complete":true},{"open":240.38,"high":240.42,"low":240.25,"close":240.28,"volume":525,"time":"2022-05-16T08:18:00.000Z","is_complete":true},{"open":240.28,"high":240.43,"low":240.12,"close":240.22,"volume":3966,"time":"2022-05-16T08:19:00.000Z","is_complete":true},{"open":240.23,"high":240.6,"low":240.2,"close":240.59,"volume":2535,"time":"2022-05-16T08:20:00.000Z","is_complete":true},{"open":240.59,"high":240.59,"low":240.13,"close":240.13,"volume":2139,"time":"2022-05-16T08:21:00.000Z","is_complete":true},{"open":240.14,"high":240.4,"low":240.07,"close":240.21,"volume":2153,"time":"2022-05-16T08:22:00.000Z","is_complete":true},{"open":240.12,"high":240.28,"low":240.06,"close":240.26,"volume":2502,"time":"2022-05-16T08:23:00.000Z","is_complete":true},{"open":240.16,"high":240.35,"low":240.01,"close":240.24,"volume":4934,"time":"2022-05-16T08:24:00.000Z","is_complete":true},{"open":240.24,"high":240.25,"low":239.2,"close":239.31,"volume":23159,"time":"2022-05-16T08:25:00.000Z","is_complete":true},{"open":239.2,"high":239.92,"low":239.2,"close":239.81,"volume":2982,"time":"2022-05-16T08:26:00.000Z","is_complete":true},{"open":239.81,"high":240.17,"low":239.7,"close":239.85,"volume":3373,"time":"2022-05-16T08:27:00.000Z","is_complete":true},{"open":239.78,"high":240,"low":239.78,"close":239.85,"volume":712,"time":"2022-05-16T08:28:00.000Z","is_complete":true},{"open":239.87,"high":240.1,"low":239.7,"close":239.84,"volume":3626,"time":"2022-05-16T08:29:00.000Z","is_complete":true},{"open":239.87,"high":240.15,"low":239.87,"close":240.11,"volume":792,"time":"2022-05-16T08:30:00.000Z","is_complete":true},{"open":240.1,"high":240.19,"low":240,"close":240,"volume":1894,"time":"2022-05-16T08:31:00.000Z","is_complete":true},{"open":240,"high":240.01,"low":239.8,"close":239.83,"volume":3997,"time":"2022-05-16T08:32:00.000Z","is_complete":true},{"open":239.8,"high":239.98,"low":239.8,"close":239.81,"volume":1785,"time":"2022-05-16T08:33:00.000Z","is_complete":true},{"open":239.9,"high":239.9,"low":239.27,"close":239.61,"volume":14342,"time":"2022-05-16T08:34:00.000Z","is_complete":true},{"open":239.7,"high":239.7,"low":239.5,"close":239.52,"volume":2594,"time":"2022-05-16T08:35:00.000Z","is_complete":true},{"open":239.65,"high":239.65,"low":239.3,"close":239.48,"volume":3292,"time":"2022-05-16T08:36:00.000Z","is_complete":true},{"open":239.44,"high":239.47,"low":239.33,"close":239.33,"volume":441,"time":"2022-05-16T08:37:00.000Z","is_complete":true},{"open":239.33,"high":239.6,"low":239.33,"close":239.5,"volume":1325,"time":"2022-05-16T08:38:00.000Z","is_complete":true},{"open":239.55,"high":239.65,"low":239.5,"close":239.6,"volume":1304,"time":"2022-05-16T08:39:00.000Z","is_complete":true},{"open":239.6,"high":239.66,"low":239.57,"close":239.59,"volume":550,"time":"2022-05-16T08:40:00.000Z","is_complete":true},{"open":239.65,"high":239.75,"low":239.48,"close":239.49,"volume":2278,"time":"2022-05-16T08:41:00.000Z","is_complete":true},{"open":239.5,"high":239.68,"low":239.5,"close":239.6,"volume":220,"time":"2022-05-16T08:42:00.000Z","is_complete":true},{"open":239.55,"high":239.76,"low":239.55,"close":239.63,"volume":1640,"time":"2022-05-16T08:43:00.000Z","is_complete":true},{"open":239.75,"high":239.75,"low":239.56,"close":239.59,"volume":1760,"time":"2022-05-16T08:44:00.000Z","is_complete":true},{"open":239.59,"high":239.8,"low":239.59,"close":239.76,"volume":1953,"time":"2022-05-16T08:45:00.000Z","is_complete":true},{"open":239.79,"high":239.8,"low":239.67,"close":239.73,"volume":1646,"time":"2022-05-16T08:46:00.000Z","is_complete":true},{"open":239.69,"high":239.78,"low":239.55,"close":239.59,"volume":2008,"time":"2022-05-16T08:47:00.000Z","is_complete":true},{"open":239.59,"high":239.6,"low":239.29,"close":239.29,"volume":4367,"time":"2022-05-16T08:48:00.000Z","is_complete":true},{"open":239.3,"high":239.39,"low":238.5,"close":238.64,"volume":14170,"time":"2022-05-16T08:49:00.000Z","is_complete":true},{"open":238.64,"high":238.77,"low":238.1,"close":238.77,"volume":10824,"time":"2022-05-16T08:50:00.000Z","is_complete":true},{"open":238.55,"high":239,"low":238.51,"close":238.81,"volume":1764,"time":"2022-05-16T08:51:00.000Z","is_complete":true},{"open":238.87,"high":239.15,"low":238.82,"close":238.99,"volume":2625,"time":"2022-05-16T08:52:00.000Z","is_complete":true},{"open":238.99,"high":239.38,"low":238.85,"close":239.28,"volume":4309,"time":"2022-05-16T08:53:00.000Z","is_complete":true},{"open":239.26,"high":239.5,"low":238.85,"close":239.02,"volume":4081,"time":"2022-05-16T08:54:00.000Z","is_complete":true},{"open":238.85,"high":239.37,"low":238.85,"close":239.16,"volume":1453,"time":"2022-05-16T08:55:00.000Z","is_complete":true},{"open":239.16,"high":239.36,"low":239.16,"close":239.21,"volume":875,"time":"2022-05-16T08:56:00.000Z","is_complete":true},{"open":239.31,"high":239.36,"low":239.21,"close":239.28,"volume":775,"time":"2022-05-16T08:57:00.000Z","is_complete":true},{"open":239.32,"high":239.34,"low":239.16,"close":239.34,"volume":656,"time":"2022-05-16T08:58:00.000Z","is_complete":true},{"open":239.22,"high":239.35,"low":239.2,"close":239.24,"volume":639,"time":"2022-05-16T08:59:00.000Z","is_complete":true},{"open":239.34,"high":239.35,"low":239.2,"close":239.23,"volume":757,"time":"2022-05-16T09:00:00.000Z","is_complete":true},{"open":239.31,"high":239.33,"low":239,"close":239,"volume":1443,"time":"2022-05-16T09:01:00.000Z","is_complete":true},{"open":239.01,"high":239.14,"low":239,"close":239.01,"volume":874,"time":"2022-05-16T09:02:00.000Z","is_complete":true},{"open":239.01,"high":239.08,"low":238.96,"close":238.98,"volume":3792,"time":"2022-05-16T09:03:00.000Z","is_complete":true},{"open":238.98,"high":239.19,"low":238.98,"close":238.98,"volume":2037,"time":"2022-05-16T09:04:00.000Z","is_complete":true},{"open":238.98,"high":239.15,"low":238.98,"close":239.05,"volume":1162,"time":"2022-05-16T09:05:00.000Z","is_complete":true},{"open":239.06,"high":239.16,"low":239,"close":239.07,"volume":263,"time":"2022-05-16T09:06:00.000Z","is_complete":true},{"open":239.04,"high":239.11,"low":239,"close":239.02,"volume":958,"time":"2022-05-16T09:07:00.000Z","is_complete":true},{"open":239,"high":239.1,"low":238.98,"close":238.98,"volume":1284,"time":"2022-05-16T09:08:00.000Z","is_complete":true},{"open":239,"high":239.12,"low":238.97,"close":239.12,"volume":758,"time":"2022-05-16T09:09:00.000Z","is_complete":true},{"open":239.04,"high":239.32,"low":239.03,"close":239.27,"volume":392,"time":"2022-05-16T09:10:00.000Z","is_complete":true},{"open":239.21,"high":239.33,"low":239.2,"close":239.26,"volume":439,"time":"2022-05-16T09:11:00.000Z","is_complete":true},{"open":239.28,"high":239.79,"low":239.22,"close":239.57,"volume":6480,"time":"2022-05-16T09:12:00.000Z","is_complete":true},{"open":239.67,"high":239.92,"low":239.53,"close":239.78,"volume":4787,"time":"2022-05-16T09:13:00.000Z","is_complete":true},{"open":239.72,"high":239.87,"low":239.6,"close":239.68,"volume":1507,"time":"2022-05-16T09:14:00.000Z","is_complete":true},{"open":239.7,"high":239.88,"low":239.53,"close":239.69,"volume":1147,"time":"2022-05-16T09:15:00.000Z","is_complete":true},{"open":239.59,"high":239.69,"low":239.4,"close":239.4,"volume":5752,"time":"2022-05-16T09:16:00.000Z","is_complete":true},{"open":239.4,"high":239.52,"low":239.4,"close":239.49,"volume":347,"time":"2022-05-16T09:17:00.000Z","is_complete":true},{"open":239.52,"high":239.6,"low":239.46,"close":239.54,"volume":1270,"time":"2022-05-16T09:18:00.000Z","is_complete":true},{"open":239.55,"high":239.6,"low":239.54,"close":239.6,"volume":170,"time":"2022-05-16T09:19:00.000Z","is_complete":true},{"open":239.54,"high":239.6,"low":239.54,"close":239.6,"volume":142,"time":"2022-05-16T09:20:00.000Z","is_complete":true},{"open":239.55,"high":239.59,"low":238.85,"close":239.03,"volume":5163,"time":"2022-05-16T09:21:00.000Z","is_complete":true},{"open":239.03,"high":239.58,"low":239,"close":239.26,"volume":1541,"time":"2022-05-16T09:22:00.000Z","is_complete":true},{"open":239.22,"high":239.39,"low":239.19,"close":239.22,"volume":612,"time":"2022-05-16T09:23:00.000Z","is_complete":true},{"open":239.21,"high":239.22,"low":238.85,"close":238.99,"volume":3137,"time":"2022-05-16T09:24:00.000Z","is_complete":true},{"open":238.99,"high":239.3,"low":238.85,"close":239.21,"volume":2290,"time":"2022-05-16T09:25:00.000Z","is_complete":true},{"open":239.21,"high":239.26,"low":239.21,"close":239.23,"volume":454,"time":"2022-05-16T09:26:00.000Z","is_complete":true},{"open":239.23,"high":239.26,"low":239.22,"close":239.26,"volume":324,"time":"2022-05-16T09:27:00.000Z","is_complete":true},{"open":239.23,"high":239.26,"low":239.16,"close":239.18,"volume":448,"time":"2022-05-16T09:28:00.000Z","is_complete":true},{"open":239.16,"high":239.33,"low":239,"close":239.21,"volume":1793,"time":"2022-05-16T09:29:00.000Z","is_complete":true},{"open":239.38,"high":239.5,"low":239.22,"close":239.22,"volume":564,"time":"2022-05-16T09:30:00.000Z","is_complete":true},{"open":239.36,"high":239.49,"low":239.16,"close":239.29,"volume":383,"time":"2022-05-16T09:31:00.000Z","is_complete":true},{"open":239.17,"high":239.35,"low":239.02,"close":239.17,"volume":791,"time":"2022-05-16T09:32:00.000Z","is_complete":true},{"open":239.13,"high":239.98,"low":239.04,"close":239.98,"volume":10928,"time":"2022-05-16T09:33:00.000Z","is_complete":true},{"open":239.98,"high":240.43,"low":239.96,"close":240.41,"volume":16463,"time":"2022-05-16T09:34:00.000Z","is_complete":true},{"open":240.41,"high":240.49,"low":240.09,"close":240.14,"volume":4133,"time":"2022-05-16T09:35:00.000Z","is_complete":true},{"open":240.28,"high":240.33,"low":239.66,"close":240.15,"volume":4344,"time":"2022-05-16T09:36:00.000Z","is_complete":true},{"open":240.06,"high":240.48,"low":240.06,"close":240.48,"volume":3969,"time":"2022-05-16T09:37:00.000Z","is_complete":true},{"open":240.02,"high":240.43,"low":239.9,"close":240.27,"volume":2814,"time":"2022-05-16T09:38:00.000Z","is_complete":true},{"open":240.27,"high":240.36,"low":240.2,"close":240.34,"volume":2494,"time":"2022-05-16T09:39:00.000Z","is_complete":true},{"open":240.35,"high":240.5,"low":240.13,"close":240.4,"volume":9942,"time":"2022-05-16T09:40:00.000Z","is_complete":true},{"open":240.48,"high":240.6,"low":240.4,"close":240.57,"volume":6625,"time":"2022-05-16T09:41:00.000Z","is_complete":true},{"open":240.52,"high":240.58,"low":240.07,"close":240.42,"volume":3049,"time":"2022-05-16T09:42:00.000Z","is_complete":true},{"open":240.42,"high":240.63,"low":240.42,"close":240.56,"volume":2289,"time":"2022-05-16T09:43:00.000Z","is_complete":true},{"open":240.56,"high":240.81,"low":240.56,"close":240.75,"volume":5166,"time":"2022-05-16T09:44:00.000Z","is_complete":true},{"open":240.79,"high":241.48,"low":240.73,"close":241.1,"volume":28456,"time":"2022-05-16T09:45:00.000Z","is_complete":true},{"open":241.1,"high":241.4,"low":240.94,"close":241.2,"volume":4455,"time":"2022-05-16T09:46:00.000Z","is_complete":true},{"open":241.2,"high":241.4,"low":241,"close":241.17,"volume":4844,"time":"2022-05-16T09:47:00.000Z","is_complete":true},{"open":241.18,"high":241.4,"low":241.1,"close":241.27,"volume":4632,"time":"2022-05-16T09:48:00.000Z","is_complete":true},{"open":241.27,"high":241.27,"low":240.91,"close":241.13,"volume":5967,"time":"2022-05-16T09:49:00.000Z","is_complete":true},{"open":241.12,"high":241.4,"low":241.04,"close":241.4,"volume":4233,"time":"2022-05-16T09:50:00.000Z","is_complete":true},{"open":241.4,"high":241.41,"low":241.22,"close":241.41,"volume":2722,"time":"2022-05-16T09:51:00.000Z","is_complete":true},{"open":241.4,"high":241.48,"low":241.28,"close":241.44,"volume":5923,"time":"2022-05-16T09:52:00.000Z","is_complete":true},{"open":241.44,"high":241.44,"low":241.27,"close":241.4,"volume":1550,"time":"2022-05-16T09:53:00.000Z","is_complete":true},{"open":241.4,"high":241.49,"low":241.35,"close":241.49,"volume":3416,"time":"2022-05-16T09:54:00.000Z","is_complete":true},{"open":241.49,"high":241.49,"low":241.22,"close":241.3,"volume":6143,"time":"2022-05-16T09:55:00.000Z","is_complete":true},{"open":241.24,"high":241.31,"low":241.22,"close":241.22,"volume":1843,"time":"2022-05-16T09:56:00.000Z","is_complete":true},{"open":241.25,"high":241.4,"low":241.22,"close":241.29,"volume":4561,"time":"2022-05-16T09:57:00.000Z","is_complete":true},{"open":241.37,"high":241.48,"low":241.25,"close":241.38,"volume":3332,"time":"2022-05-16T09:58:00.000Z","is_complete":true},{"open":241.4,"high":241.5,"low":241.36,"close":241.43,"volume":4053,"time":"2022-05-16T09:59:00.000Z","is_complete":true},{"open":241.43,"high":241.8,"low":241.42,"close":241.72,"volume":13499,"time":"2022-05-16T10:00:00.000Z","is_complete":true},{"open":241.75,"high":241.81,"low":241.6,"close":241.7,"volume":2715,"time":"2022-05-16T10:01:00.000Z","is_complete":true},{"open":241.72,"high":241.8,"low":241.4,"close":241.66,"volume":16616,"time":"2022-05-16T10:02:00.000Z","is_complete":true},{"open":241.47,"high":241.79,"low":241.47,"close":241.7,"volume":1756,"time":"2022-05-16T10:03:00.000Z","is_complete":true},{"open":241.7,"high":241.8,"low":241.67,"close":241.8,"volume":5073,"time":"2022-05-16T10:04:00.000Z","is_complete":true},{"open":241.73,"high":241.89,"low":241.72,"close":241.79,"volume":6064,"time":"2022-05-16T10:05:00.000Z","is_complete":true},{"open":241.79,"high":241.88,"low":241.7,"close":241.7,"volume":4207,"time":"2022-05-16T10:06:00.000Z","is_complete":true},{"open":241.72,"high":241.79,"low":241.65,"close":241.7,"volume":1558,"time":"2022-05-16T10:07:00.000Z","is_complete":true},{"open":241.7,"high":241.75,"low":241.65,"close":241.74,"volume":1060,"time":"2022-05-16T10:08:00.000Z","is_complete":true},{"open":241.72,"high":241.95,"low":241.72,"close":241.85,"volume":10423,"time":"2022-05-16T10:09:00.000Z","is_complete":true},{"open":241.84,"high":242,"low":241.84,"close":241.97,"volume":18612,"time":"2022-05-16T10:10:00.000Z","is_complete":true},{"open":242,"high":242,"low":241.8,"close":241.82,"volume":13937,"time":"2022-05-16T10:11:00.000Z","is_complete":true},{"open":241.92,"high":241.99,"low":241.82,"close":241.98,"volume":2416,"time":"2022-05-16T10:12:00.000Z","is_complete":true},{"open":241.84,"high":241.99,"low":241.81,"close":241.84,"volume":2871,"time":"2022-05-16T10:13:00.000Z","is_complete":true},{"open":241.85,"high":241.88,"low":241.8,"close":241.8,"volume":2691,"time":"2022-05-16T10:14:00.000Z","is_complete":true},{"open":241.8,"high":241.8,"low":241.18,"close":241.3,"volume":9965,"time":"2022-05-16T10:15:00.000Z","is_complete":true},{"open":241.39,"high":241.45,"low":241.22,"close":241.33,"volume":4311,"time":"2022-05-16T10:16:00.000Z","is_complete":true},{"open":241.33,"high":241.8,"low":241.33,"close":241.62,"volume":4304,"time":"2022-05-16T10:17:00.000Z","is_complete":true},{"open":241.62,"high":241.71,"low":241.6,"close":241.62,"volume":3635,"time":"2022-05-16T10:18:00.000Z","is_complete":true},{"open":241.7,"high":241.72,"low":241.6,"close":241.61,"volume":995,"time":"2022-05-16T10:19:00.000Z","is_complete":true},{"open":241.62,"high":241.71,"low":241.33,"close":241.45,"volume":5797,"time":"2022-05-16T10:20:00.000Z","is_complete":true},{"open":241.45,"high":241.6,"low":241.36,"close":241.44,"volume":3391,"time":"2022-05-16T10:21:00.000Z","is_complete":true},{"open":241.4,"high":241.45,"low":241.21,"close":241.23,"volume":3958,"time":"2022-05-16T10:22:00.000Z","is_complete":true},{"open":241.3,"high":241.4,"low":241.2,"close":241.2,"volume":1667,"time":"2022-05-16T10:23:00.000Z","is_complete":true},{"open":241.24,"high":241.44,"low":241.18,"close":241.31,"volume":2640,"time":"2022-05-16T10:24:00.000Z","is_complete":true},{"open":241.31,"high":241.5,"low":241.31,"close":241.5,"volume":1414,"time":"2022-05-16T10:25:00.000Z","is_complete":true},{"open":241.5,"high":241.84,"low":241.48,"close":241.83,"volume":8010,"time":"2022-05-16T10:26:00.000Z","is_complete":true},{"open":241.83,"high":241.9,"low":241.73,"close":241.77,"volume":1102,"time":"2022-05-16T10:27:00.000Z","is_complete":true},{"open":241.77,"high":241.89,"low":241.66,"close":241.8,"volume":706,"time":"2022-05-16T10:28:00.000Z","is_complete":true},{"open":241.8,"high":241.88,"low":241.7,"close":241.7,"volume":1072,"time":"2022-05-16T10:29:00.000Z","is_complete":true},{"open":241.71,"high":241.87,"low":241.4,"close":241.6,"volume":2135,"time":"2022-05-16T10:30:00.000Z","is_complete":true},{"open":241.6,"high":241.7,"low":241.39,"close":241.64,"volume":1559,"time":"2022-05-16T10:31:00.000Z","is_complete":true},{"open":241.64,"high":241.7,"low":241.6,"close":241.61,"volume":424,"time":"2022-05-16T10:32:00.000Z","is_complete":true},{"open":241.61,"high":241.8,"low":241.61,"close":241.63,"volume":705,"time":"2022-05-16T10:33:00.000Z","is_complete":true},{"open":241.63,"high":241.74,"low":241.51,"close":241.53,"volume":1701,"time":"2022-05-16T10:34:00.000Z","is_complete":true},{"open":241.53,"high":241.8,"low":241.53,"close":241.75,"volume":3614,"time":"2022-05-16T10:35:00.000Z","is_complete":true},{"open":241.68,"high":241.79,"low":241.62,"close":241.72,"volume":714,"time":"2022-05-16T10:36:00.000Z","is_complete":true},{"open":241.67,"high":241.76,"low":241.61,"close":241.63,"volume":404,"time":"2022-05-16T10:37:00.000Z","is_complete":true},{"open":241.75,"high":241.8,"low":241.71,"close":241.8,"volume":1642,"time":"2022-05-16T10:38:00.000Z","is_complete":true},{"open":241.79,"high":241.8,"low":241.72,"close":241.73,"volume":1325,"time":"2022-05-16T10:39:00.000Z","is_complete":true},{"open":241.79,"high":241.85,"low":241.72,"close":241.81,"volume":1911,"time":"2022-05-16T10:40:00.000Z","is_complete":true},{"open":241.8,"high":241.85,"low":241.79,"close":241.81,"volume":794,"time":"2022-05-16T10:41:00.000Z","is_complete":true},{"open":241.83,"high":242.15,"low":241.83,"close":242.06,"volume":47306,"time":"2022-05-16T10:42:00.000Z","is_complete":true},{"open":242.06,"high":242.12,"low":241.8,"close":242.07,"volume":5705,"time":"2022-05-16T10:43:00.000Z","is_complete":true},{"open":242.03,"high":242.2,"low":242,"close":242.2,"volume":4847,"time":"2022-05-16T10:44:00.000Z","is_complete":true},{"open":242.2,"high":242.38,"low":242.14,"close":242.3,"volume":19569,"time":"2022-05-16T10:45:00.000Z","is_complete":true},{"open":242.3,"high":242.48,"low":242.2,"close":242.48,"volume":7025,"time":"2022-05-16T10:46:00.000Z","is_complete":true},{"open":242.45,"high":242.6,"low":242.17,"close":242.39,"volume":16857,"time":"2022-05-16T10:47:00.000Z","is_complete":true},{"open":242.51,"high":242.59,"low":242.33,"close":242.52,"volume":2930,"time":"2022-05-16T10:48:00.000Z","is_complete":true},{"open":242.46,"high":242.79,"low":242.46,"close":242.77,"volume":8983,"time":"2022-05-16T10:49:00.000Z","is_complete":true},{"open":242.77,"high":242.78,"low":242.41,"close":242.51,"volume":5078,"time":"2022-05-16T10:50:00.000Z","is_complete":true},{"open":242.52,"high":242.62,"low":242.4,"close":242.59,"volume":1101,"time":"2022-05-16T10:51:00.000Z","is_complete":true},{"open":242.55,"high":242.7,"low":242.46,"close":242.55,"volume":1656,"time":"2022-05-16T10:52:00.000Z","is_complete":true},{"open":242.53,"high":242.7,"low":242.53,"close":242.69,"volume":1344,"time":"2022-05-16T10:53:00.000Z","is_complete":true},{"open":242.62,"high":242.7,"low":242.51,"close":242.61,"volume":1528,"time":"2022-05-16T10:54:00.000Z","is_complete":true},{"open":242.61,"high":242.68,"low":242.4,"close":242.51,"volume":1763,"time":"2022-05-16T10:55:00.000Z","is_complete":true},{"open":242.51,"high":242.64,"low":242.3,"close":242.31,"volume":1687,"time":"2022-05-16T10:56:00.000Z","is_complete":true},{"open":242.3,"high":242.55,"low":242.3,"close":242.5,"volume":4367,"time":"2022-05-16T10:57:00.000Z","is_complete":true},{"open":242.47,"high":242.6,"low":242.25,"close":242.32,"volume":2452,"time":"2022-05-16T10:58:00.000Z","is_complete":true},{"open":242.32,"high":242.49,"low":242.22,"close":242.47,"volume":1017,"time":"2022-05-16T10:59:00.000Z","is_complete":true},{"open":242.47,"high":242.56,"low":242.35,"close":242.55,"volume":1092,"time":"2022-05-16T11:00:00.000Z","is_complete":true},{"open":242.55,"high":242.7,"low":242.42,"close":242.54,"volume":3336,"time":"2022-05-16T11:01:00.000Z","is_complete":true},{"open":242.66,"high":242.8,"low":242.59,"close":242.61,"volume":6363,"time":"2022-05-16T11:02:00.000Z","is_complete":true},{"open":242.61,"high":242.73,"low":242.59,"close":242.59,"volume":515,"time":"2022-05-16T11:03:00.000Z","is_complete":true},{"open":242.6,"high":242.73,"low":242.59,"close":242.68,"volume":575,"time":"2022-05-16T11:04:00.000Z","is_complete":true},{"open":242.68,"high":242.9,"low":242.59,"close":242.9,"volume":4376,"time":"2022-05-16T11:05:00.000Z","is_complete":true},{"open":242.9,"high":243.18,"low":242.86,"close":243.14,"volume":24323,"time":"2022-05-16T11:06:00.000Z","is_complete":true},{"open":243.14,"high":243.3,"low":243.14,"close":243.29,"volume":4675,"time":"2022-05-16T11:07:00.000Z","is_complete":true},{"open":243.29,"high":243.95,"low":243.28,"close":243.77,"volume":18558,"time":"2022-05-16T11:08:00.000Z","is_complete":true},{"open":243.71,"high":244.09,"low":243.58,"close":243.95,"volume":20403,"time":"2022-05-16T11:09:00.000Z","is_complete":true},{"open":243.94,"high":244.19,"low":243.09,"close":243.37,"volume":16892,"time":"2022-05-16T11:10:00.000Z","is_complete":true},{"open":243.37,"high":243.69,"low":243.3,"close":243.42,"volume":5319,"time":"2022-05-16T11:11:00.000Z","is_complete":true},{"open":243.42,"high":243.44,"low":243,"close":243.27,"volume":11228,"time":"2022-05-16T11:12:00.000Z","is_complete":true},{"open":243.27,"high":243.66,"low":243.27,"close":243.66,"volume":3580,"time":"2022-05-16T11:13:00.000Z","is_complete":true},{"open":243.59,"high":243.95,"low":243.53,"close":243.92,"volume":4689,"time":"2022-05-16T11:14:00.000Z","is_complete":true},{"open":243.92,"high":243.93,"low":243.75,"close":243.85,"volume":2179,"time":"2022-05-16T11:15:00.000Z","is_complete":true},{"open":243.86,"high":243.96,"low":243.85,"close":243.95,"volume":5190,"time":"2022-05-16T11:16:00.000Z","is_complete":true},{"open":243.91,"high":244.49,"low":243.89,"close":244.12,"volume":13092,"time":"2022-05-16T11:17:00.000Z","is_complete":true},{"open":244.18,"high":244.43,"low":244,"close":244.16,"volume":4615,"time":"2022-05-16T11:18:00.000Z","is_complete":true},{"open":244.19,"high":244.39,"low":244.05,"close":244.35,"volume":3389,"time":"2022-05-16T11:19:00.000Z","is_complete":true},{"open":244.33,"high":244.35,"low":244.2,"close":244.28,"volume":2604,"time":"2022-05-16T11:20:00.000Z","is_complete":true},{"open":244.2,"high":244.34,"low":244.15,"close":244.15,"volume":4198,"time":"2022-05-16T11:21:00.000Z","is_complete":true},{"open":244.2,"high":244.49,"low":244.1,"close":244.12,"volume":8175,"time":"2022-05-16T11:22:00.000Z","is_complete":true},{"open":244.2,"high":244.3,"low":244.01,"close":244.29,"volume":6811,"time":"2022-05-16T11:23:00.000Z","is_complete":true},{"open":244.29,"high":244.31,"low":244.06,"close":244.29,"volume":4422,"time":"2022-05-16T11:24:00.000Z","is_complete":true},{"open":244.29,"high":244.47,"low":244.28,"close":244.4,"volume":5096,"time":"2022-05-16T11:25:00.000Z","is_complete":true},{"open":244.45,"high":244.7,"low":244.33,"close":244.64,"volume":14261,"time":"2022-05-16T11:26:00.000Z","is_complete":true},{"open":244.68,"high":244.8,"low":244.47,"close":244.6,"volume":7347,"time":"2022-05-16T11:27:00.000Z","is_complete":true},{"open":244.6,"high":244.6,"low":244,"close":244.17,"volume":8715,"time":"2022-05-16T11:28:00.000Z","is_complete":true},{"open":244.04,"high":244.17,"low":243.76,"close":243.79,"volume":4468,"time":"2022-05-16T11:29:00.000Z","is_complete":true},{"open":243.75,"high":243.88,"low":243.61,"close":243.7,"volume":9390,"time":"2022-05-16T11:30:00.000Z","is_complete":true},{"open":243.7,"high":243.7,"low":243.61,"close":243.63,"volume":6865,"time":"2022-05-16T11:31:00.000Z","is_complete":true},{"open":243.64,"high":243.96,"low":243.62,"close":243.92,"volume":5368,"time":"2022-05-16T11:32:00.000Z","is_complete":true},{"open":243.92,"high":244,"low":243.69,"close":243.8,"volume":5067,"time":"2022-05-16T11:33:00.000Z","is_complete":true},{"open":243.88,"high":243.99,"low":243.79,"close":243.98,"volume":1471,"time":"2022-05-16T11:34:00.000Z","is_complete":true},{"open":243.89,"high":244,"low":243.84,"close":243.98,"volume":5026,"time":"2022-05-16T11:35:00.000Z","is_complete":true},{"open":243.98,"high":244.44,"low":243.98,"close":244.26,"volume":7363,"time":"2022-05-16T11:36:00.000Z","is_complete":true},{"open":244.26,"high":244.27,"low":244.09,"close":244.2,"volume":2325,"time":"2022-05-16T11:37:00.000Z","is_complete":true},{"open":244.2,"high":244.2,"low":243.85,"close":244.1,"volume":3501,"time":"2022-05-16T11:38:00.000Z","is_complete":true},{"open":244.08,"high":244.18,"low":243.82,"close":243.9,"volume":2284,"time":"2022-05-16T11:39:00.000Z","is_complete":true},{"open":244,"high":244.18,"low":244,"close":244.09,"volume":1661,"time":"2022-05-16T11:40:00.000Z","is_complete":true},{"open":244.16,"high":244.25,"low":244.06,"close":244.2,"volume":4047,"time":"2022-05-16T11:41:00.000Z","is_complete":true},{"open":244.22,"high":244.3,"low":244.2,"close":244.3,"volume":2492,"time":"2022-05-16T11:42:00.000Z","is_complete":true},{"open":244.29,"high":244.3,"low":244.2,"close":244.29,"volume":1130,"time":"2022-05-16T11:43:00.000Z","is_complete":true},{"open":244.29,"high":244.45,"low":244.28,"close":244.42,"volume":2706,"time":"2022-05-16T11:44:00.000Z","is_complete":true},{"open":244.31,"high":244.47,"low":244.28,"close":244.38,"volume":2035,"time":"2022-05-16T11:45:00.000Z","is_complete":true},{"open":244.38,"high":244.5,"low":244.38,"close":244.4,"volume":3700,"time":"2022-05-16T11:46:00.000Z","is_complete":true},{"open":244.44,"high":244.5,"low":244.37,"close":244.47,"volume":2456,"time":"2022-05-16T11:47:00.000Z","is_complete":true},{"open":244.47,"high":244.72,"low":244.35,"close":244.64,"volume":6748,"time":"2022-05-16T11:48:00.000Z","is_complete":true},{"open":244.51,"high":244.65,"low":244.5,"close":244.58,"volume":2773,"time":"2022-05-16T11:49:00.000Z","is_complete":true},{"open":244.58,"high":244.65,"low":244.48,"close":244.5,"volume":2454,"time":"2022-05-16T11:50:00.000Z","is_complete":true},{"open":244.6,"high":244.69,"low":244.5,"close":244.65,"volume":1390,"time":"2022-05-16T11:51:00.000Z","is_complete":true},{"open":244.54,"high":244.65,"low":244.45,"close":244.5,"volume":2021,"time":"2022-05-16T11:52:00.000Z","is_complete":true},{"open":244.47,"high":244.65,"low":244.41,"close":244.64,"volume":4119,"time":"2022-05-16T11:53:00.000Z","is_complete":true},{"open":244.61,"high":244.64,"low":244.32,"close":244.45,"volume":3000,"time":"2022-05-16T11:54:00.000Z","is_complete":true},{"open":244.39,"high":244.5,"low":244.2,"close":244.25,"volume":2210,"time":"2022-05-16T11:55:00.000Z","is_complete":true},{"open":244.25,"high":244.3,"low":243.99,"close":244.2,"volume":4830,"time":"2022-05-16T11:56:00.000Z","is_complete":true},{"open":244.07,"high":244.2,"low":244,"close":244.09,"volume":3263,"time":"2022-05-16T11:57:00.000Z","is_complete":true},{"open":244.09,"high":244.42,"low":244.06,"close":244.42,"volume":3876,"time":"2022-05-16T11:58:00.000Z","is_complete":true},{"open":244.41,"high":244.7,"low":244.32,"close":244.52,"volume":6332,"time":"2022-05-16T11:59:00.000Z","is_complete":true},{"open":244.66,"high":244.7,"low":244.5,"close":244.52,"volume":1143,"time":"2022-05-16T12:00:00.000Z","is_complete":true},{"open":244.57,"high":244.6,"low":244.51,"close":244.59,"volume":805,"time":"2022-05-16T12:01:00.000Z","is_complete":true},{"open":244.55,"high":244.6,"low":244.5,"close":244.51,"volume":4903,"time":"2022-05-16T12:02:00.000Z","is_complete":true},{"open":244.5,"high":244.9,"low":244.5,"close":244.9,"volume":16130,"time":"2022-05-16T12:03:00.000Z","is_complete":true},{"open":244.83,"high":245.5,"low":244.74,"close":245.3,"volume":61973,"time":"2022-05-16T12:04:00.000Z","is_complete":true},{"open":245.49,"high":245.55,"low":245.3,"close":245.55,"volume":5683,"time":"2022-05-16T12:05:00.000Z","is_complete":true},{"open":245.54,"high":245.85,"low":245.35,"close":245.7,"volume":12712,"time":"2022-05-16T12:06:00.000Z","is_complete":true},{"open":245.77,"high":246.23,"low":245.65,"close":246.23,"volume":19772,"time":"2022-05-16T12:07:00.000Z","is_complete":true},{"open":246.23,"high":246.76,"low":246.04,"close":246.13,"volume":18799,"time":"2022-05-16T12:08:00.000Z","is_complete":true},{"open":246.13,"high":246.7,"low":246.08,"close":246.65,"volume":6544,"time":"2022-05-16T12:09:00.000Z","is_complete":true},{"open":246.55,"high":246.9,"low":246.53,"close":246.74,"volume":16138,"time":"2022-05-16T12:10:00.000Z","is_complete":true},{"open":246.72,"high":246.95,"low":246.13,"close":246.38,"volume":11976,"time":"2022-05-16T12:11:00.000Z","is_complete":true},{"open":246.28,"high":246.36,"low":245.78,"close":245.78,"volume":9060,"time":"2022-05-16T12:12:00.000Z","is_complete":true},{"open":245.78,"high":245.99,"low":245,"close":245.2,"volume":14901,"time":"2022-05-16T12:13:00.000Z","is_complete":true},{"open":245.19,"high":245.45,"low":244.8,"close":245,"volume":14557,"time":"2022-05-16T12:14:00.000Z","is_complete":true},{"open":244.98,"high":245,"low":244.51,"close":244.51,"volume":12180,"time":"2022-05-16T12:15:00.000Z","is_complete":true},{"open":244.51,"high":244.74,"low":244.2,"close":244.74,"volume":12108,"time":"2022-05-16T12:16:00.000Z","is_complete":true},{"open":244.74,"high":245.16,"low":244.6,"close":245.02,"volume":11956,"time":"2022-05-16T12:17:00.000Z","is_complete":true},{"open":245.13,"high":245.48,"low":245,"close":245.46,"volume":7778,"time":"2022-05-16T12:18:00.000Z","is_complete":true},{"open":245.45,"high":245.45,"low":245.06,"close":245.07,"volume":4611,"time":"2022-05-16T12:19:00.000Z","is_complete":true},{"open":245.21,"high":245.21,"low":245,"close":245,"volume":5057,"time":"2022-05-16T12:20:00.000Z","is_complete":true},{"open":245,"high":245.1,"low":244.12,"close":244.44,"volume":4706,"time":"2022-05-16T12:21:00.000Z","is_complete":true},{"open":244.3,"high":244.46,"low":243.72,"close":243.72,"volume":14202,"time":"2022-05-16T12:22:00.000Z","is_complete":true},{"open":243.72,"high":244.47,"low":243.65,"close":244.2,"volume":13936,"time":"2022-05-16T12:23:00.000Z","is_complete":true},{"open":244.16,"high":244.44,"low":243.84,"close":243.84,"volume":10887,"time":"2022-05-16T12:24:00.000Z","is_complete":true},{"open":243.84,"high":243.97,"low":243.67,"close":243.84,"volume":8746,"time":"2022-05-16T12:25:00.000Z","is_complete":true},{"open":243.8,"high":243.9,"low":243.75,"close":243.86,"volume":1636,"time":"2022-05-16T12:26:00.000Z","is_complete":true},{"open":243.86,"high":244.29,"low":243.8,"close":244.24,"volume":9402,"time":"2022-05-16T12:27:00.000Z","is_complete":true},{"open":244.2,"high":244.4,"low":244.16,"close":244.28,"volume":3576,"time":"2022-05-16T12:28:00.000Z","is_complete":true},{"open":244.22,"high":244.34,"low":243.8,"close":244,"volume":7185,"time":"2022-05-16T12:29:00.000Z","is_complete":true},{"open":244,"high":244.37,"low":243.91,"close":244.2,"volume":13781,"time":"2022-05-16T12:30:00.000Z","is_complete":true},{"open":244.2,"high":244.34,"low":244,"close":244.05,"volume":2477,"time":"2022-05-16T12:31:00.000Z","is_complete":true},{"open":244.01,"high":244.1,"low":243.87,"close":243.9,"volume":3615,"time":"2022-05-16T12:32:00.000Z","is_complete":true},{"open":243.98,"high":244,"low":243.88,"close":243.96,"volume":1779,"time":"2022-05-16T12:33:00.000Z","is_complete":true},{"open":243.96,"high":243.99,"low":243.82,"close":243.94,"volume":4717,"time":"2022-05-16T12:34:00.000Z","is_complete":true},{"open":243.86,"high":244,"low":243.85,"close":244,"volume":2518,"time":"2022-05-16T12:35:00.000Z","is_complete":true},{"open":243.9,"high":244.01,"low":243.9,"close":243.91,"volume":1989,"time":"2022-05-16T12:36:00.000Z","is_complete":true},{"open":244,"high":244.01,"low":243.9,"close":243.95,"volume":3882,"time":"2022-05-16T12:37:00.000Z","is_complete":true},{"open":244.01,"high":244.31,"low":243.95,"close":244.25,"volume":23896,"time":"2022-05-16T12:38:00.000Z","is_complete":true},{"open":244.25,"high":244.45,"low":244.2,"close":244.45,"volume":6446,"time":"2022-05-16T12:39:00.000Z","is_complete":true},{"open":244.45,"high":244.69,"low":244.39,"close":244.5,"volume":5718,"time":"2022-05-16T12:40:00.000Z","is_complete":true},{"open":244.55,"high":244.65,"low":244.42,"close":244.5,"volume":1447,"time":"2022-05-16T12:41:00.000Z","is_complete":true},{"open":244.55,"high":244.64,"low":244.2,"close":244.2,"volume":4084,"time":"2022-05-16T12:42:00.000Z","is_complete":true},{"open":244.3,"high":244.59,"low":244.22,"close":244.58,"volume":3988,"time":"2022-05-16T12:43:00.000Z","is_complete":true},{"open":244.48,"high":244.59,"low":244.37,"close":244.39,"volume":1761,"time":"2022-05-16T12:44:00.000Z","is_complete":true},{"open":244.39,"high":244.5,"low":244.34,"close":244.47,"volume":9492,"time":"2022-05-16T12:45:00.000Z","is_complete":true},{"open":244.48,"high":244.5,"low":244.4,"close":244.5,"volume":2698,"time":"2022-05-16T12:46:00.000Z","is_complete":true},{"open":244.49,"high":244.6,"low":244.4,"close":244.59,"volume":2295,"time":"2022-05-16T12:47:00.000Z","is_complete":true},{"open":244.59,"high":244.6,"low":244.5,"close":244.51,"volume":1128,"time":"2022-05-16T12:48:00.000Z","is_complete":true},{"open":244.55,"high":244.67,"low":244.5,"close":244.63,"volume":1843,"time":"2022-05-16T12:49:00.000Z","is_complete":true},{"open":244.63,"high":244.69,"low":244.51,"close":244.68,"volume":1997,"time":"2022-05-16T12:50:00.000Z","is_complete":true},{"open":244.68,"high":244.82,"low":244.61,"close":244.77,"volume":3139,"time":"2022-05-16T12:51:00.000Z","is_complete":true},{"open":244.77,"high":244.93,"low":244.7,"close":244.91,"volume":5155,"time":"2022-05-16T12:52:00.000Z","is_complete":true},{"open":244.93,"high":244.99,"low":244.81,"close":244.98,"volume":4180,"time":"2022-05-16T12:53:00.000Z","is_complete":true},{"open":244.98,"high":244.99,"low":244.85,"close":244.95,"volume":1360,"time":"2022-05-16T12:54:00.000Z","is_complete":true},{"open":244.95,"high":244.95,"low":244.8,"close":244.8,"volume":1587,"time":"2022-05-16T12:55:00.000Z","is_complete":true},{"open":244.89,"high":244.9,"low":244.2,"close":244.24,"volume":8537,"time":"2022-05-16T12:56:00.000Z","is_complete":true},{"open":244.33,"high":244.61,"low":244.21,"close":244.47,"volume":1845,"time":"2022-05-16T12:57:00.000Z","is_complete":true},{"open":244.49,"high":244.78,"low":244.2,"close":244.67,"volume":3804,"time":"2022-05-16T12:58:00.000Z","is_complete":true},{"open":244.77,"high":244.93,"low":244.73,"close":244.8,"volume":1176,"time":"2022-05-16T12:59:00.000Z","is_complete":true},{"open":244.87,"high":244.98,"low":244.8,"close":244.98,"volume":2364,"time":"2022-05-16T13:00:00.000Z","is_complete":true},{"open":244.98,"high":245,"low":244.81,"close":244.9,"volume":2018,"time":"2022-05-16T13:01:00.000Z","is_complete":true},{"open":244.9,"high":245,"low":244.81,"close":244.81,"volume":5324,"time":"2022-05-16T13:02:00.000Z","is_complete":true},{"open":244.91,"high":244.98,"low":244.81,"close":244.85,"volume":1180,"time":"2022-05-16T13:03:00.000Z","is_complete":true},{"open":244.84,"high":244.94,"low":244.81,"close":244.81,"volume":1665,"time":"2022-05-16T13:04:00.000Z","is_complete":true},{"open":244.84,"high":244.93,"low":244.8,"close":244.85,"volume":1279,"time":"2022-05-16T13:05:00.000Z","is_complete":true},{"open":244.85,"high":244.98,"low":244.42,"close":244.44,"volume":6660,"time":"2022-05-16T13:06:00.000Z","is_complete":true},{"open":244.53,"high":244.63,"low":244.42,"close":244.42,"volume":2066,"time":"2022-05-16T13:07:00.000Z","is_complete":true},{"open":244.52,"high":244.62,"low":244.43,"close":244.59,"volume":1713,"time":"2022-05-16T13:08:00.000Z","is_complete":true},{"open":244.59,"high":244.62,"low":244.3,"close":244.57,"volume":2644,"time":"2022-05-16T13:09:00.000Z","is_complete":true},{"open":244.47,"high":244.57,"low":244.33,"close":244.44,"volume":1309,"time":"2022-05-16T13:10:00.000Z","is_complete":true},{"open":244.54,"high":244.55,"low":244.31,"close":244.4,"volume":1728,"time":"2022-05-16T13:11:00.000Z","is_complete":true},{"open":244.32,"high":244.4,"low":244.3,"close":244.3,"volume":2774,"time":"2022-05-16T13:12:00.000Z","is_complete":true},{"open":244.3,"high":244.39,"low":244.3,"close":244.36,"volume":1879,"time":"2022-05-16T13:13:00.000Z","is_complete":true},{"open":244.3,"high":244.36,"low":244.3,"close":244.3,"volume":2196,"time":"2022-05-16T13:14:00.000Z","is_complete":true},{"open":244.34,"high":244.34,"low":244.2,"close":244.3,"volume":5112,"time":"2022-05-16T13:15:00.000Z","is_complete":true},{"open":244.23,"high":244.3,"low":243.87,"close":243.95,"volume":10119,"time":"2022-05-16T13:16:00.000Z","is_complete":true},{"open":243.89,"high":243.99,"low":243.89,"close":243.95,"volume":7585,"time":"2022-05-16T13:17:00.000Z","is_complete":true},{"open":243.95,"high":243.99,"low":243.9,"close":243.95,"volume":5307,"time":"2022-05-16T13:18:00.000Z","is_complete":true},{"open":243.91,"high":243.99,"low":243.8,"close":243.9,"volume":11384,"time":"2022-05-16T13:19:00.000Z","is_complete":true},{"open":243.9,"high":243.99,"low":243.8,"close":243.98,"volume":8987,"time":"2022-05-16T13:20:00.000Z","is_complete":true},{"open":243.98,"high":243.99,"low":243.9,"close":243.99,"volume":5147,"time":"2022-05-16T13:21:00.000Z","is_complete":true},{"open":243.95,"high":243.99,"low":243.8,"close":243.91,"volume":6998,"time":"2022-05-16T13:22:00.000Z","is_complete":true},{"open":243.91,"high":243.99,"low":243.85,"close":243.85,"volume":3676,"time":"2022-05-16T13:23:00.000Z","is_complete":true},{"open":243.92,"high":243.99,"low":243.83,"close":243.99,"volume":5555,"time":"2022-05-16T13:24:00.000Z","is_complete":true},{"open":243.99,"high":243.99,"low":243.87,"close":243.88,"volume":4245,"time":"2022-05-16T13:25:00.000Z","is_complete":true},{"open":243.88,"high":243.99,"low":243.88,"close":243.98,"volume":3031,"time":"2022-05-16T13:26:00.000Z","is_complete":true},{"open":243.89,"high":243.99,"low":243.85,"close":243.98,"volume":4548,"time":"2022-05-16T13:27:00.000Z","is_complete":true},{"open":243.97,"high":243.99,"low":243.96,"close":243.98,"volume":2151,"time":"2022-05-16T13:28:00.000Z","is_complete":true},{"open":243.98,"high":243.99,"low":243.83,"close":243.94,"volume":5985,"time":"2022-05-16T13:29:00.000Z","is_complete":true},{"open":243.94,"high":243.95,"low":243.83,"close":243.83,"volume":1313,"time":"2022-05-16T13:30:00.000Z","is_complete":true},{"open":243.84,"high":243.92,"low":243.82,"close":243.83,"volume":1865,"time":"2022-05-16T13:31:00.000Z","is_complete":true},{"open":243.89,"high":243.9,"low":243.82,"close":243.82,"volume":1776,"time":"2022-05-16T13:32:00.000Z","is_complete":true},{"open":243.82,"high":243.97,"low":243.82,"close":243.94,"volume":2091,"time":"2022-05-16T13:33:00.000Z","is_complete":true},{"open":243.94,"high":243.99,"low":243.85,"close":243.87,"volume":2335,"time":"2022-05-16T13:34:00.000Z","is_complete":true},{"open":243.87,"high":243.99,"low":243.87,"close":243.98,"volume":1676,"time":"2022-05-16T13:35:00.000Z","is_complete":true},{"open":243.92,"high":243.99,"low":243.85,"close":243.9,"volume":3376,"time":"2022-05-16T13:36:00.000Z","is_complete":true},{"open":243.9,"high":243.97,"low":243.84,"close":243.9,"volume":3054,"time":"2022-05-16T13:37:00.000Z","is_complete":true},{"open":243.9,"high":243.99,"low":243.6,"close":243.63,"volume":32176,"time":"2022-05-16T13:38:00.000Z","is_complete":true},{"open":243.63,"high":244,"low":243,"close":243,"volume":21447,"time":"2022-05-16T13:39:00.000Z","is_complete":true},{"open":243.01,"high":243.29,"low":243,"close":243.15,"volume":4308,"time":"2022-05-16T13:40:00.000Z","is_complete":true},{"open":243.26,"high":243.42,"low":243.1,"close":243.25,"volume":4456,"time":"2022-05-16T13:41:00.000Z","is_complete":true},{"open":243.36,"high":243.5,"low":243.26,"close":243.43,"volume":5131,"time":"2022-05-16T13:42:00.000Z","is_complete":true},{"open":243.49,"high":243.7,"low":243.45,"close":243.56,"volume":2230,"time":"2022-05-16T13:43:00.000Z","is_complete":true},{"open":243.55,"high":243.7,"low":243.5,"close":243.53,"volume":2784,"time":"2022-05-16T13:44:00.000Z","is_complete":true},{"open":243.67,"high":243.76,"low":243.55,"close":243.62,"volume":1739,"time":"2022-05-16T13:45:00.000Z","is_complete":true},{"open":243.63,"high":243.88,"low":243.62,"close":243.75,"volume":2881,"time":"2022-05-16T13:46:00.000Z","is_complete":true},{"open":243.78,"high":244,"low":243.7,"close":244,"volume":5382,"time":"2022-05-16T13:47:00.000Z","is_complete":true},{"open":243.99,"high":244.3,"low":243.96,"close":244.23,"volume":8465,"time":"2022-05-16T13:48:00.000Z","is_complete":true},{"open":244.25,"high":244.58,"low":244.25,"close":244.56,"volume":3768,"time":"2022-05-16T13:49:00.000Z","is_complete":true},{"open":244.55,"high":244.56,"low":244.14,"close":244.37,"volume":2307,"time":"2022-05-16T13:50:00.000Z","is_complete":true},{"open":244.36,"high":244.69,"low":244.24,"close":244.61,"volume":4055,"time":"2022-05-16T13:51:00.000Z","is_complete":true},{"open":244.69,"high":244.75,"low":244,"close":244.55,"volume":4418,"time":"2022-05-16T13:52:00.000Z","is_complete":true},{"open":244.55,"high":244.7,"low":244.35,"close":244.69,"volume":2076,"time":"2022-05-16T13:53:00.000Z","is_complete":true},{"open":244.7,"high":244.8,"low":244.56,"close":244.79,"volume":3648,"time":"2022-05-16T13:54:00.000Z","is_complete":true},{"open":244.79,"high":244.8,"low":244.19,"close":244.6,"volume":5998,"time":"2022-05-16T13:55:00.000Z","is_complete":true},{"open":244.55,"high":244.7,"low":244.24,"close":244.69,"volume":2834,"time":"2022-05-16T13:56:00.000Z","is_complete":true},{"open":244.7,"high":244.8,"low":244,"close":244.36,"volume":12427,"time":"2022-05-16T13:57:00.000Z","is_complete":true},{"open":244.3,"high":244.62,"low":244.17,"close":244.62,"volume":1217,"time":"2022-05-16T13:58:00.000Z","is_complete":true},{"open":244.56,"high":244.62,"low":244.05,"close":244.33,"volume":2247,"time":"2022-05-16T13:59:00.000Z","is_complete":true},{"open":244.3,"high":244.54,"low":244.13,"close":244.33,"volume":1200,"time":"2022-05-16T14:00:00.000Z","is_complete":true},{"open":244.52,"high":244.55,"low":244.32,"close":244.55,"volume":1091,"time":"2022-05-16T14:01:00.000Z","is_complete":true},{"open":244.55,"high":244.65,"low":244.41,"close":244.65,"volume":1435,"time":"2022-05-16T14:02:00.000Z","is_complete":true},{"open":244.53,"high":244.8,"low":244.53,"close":244.67,"volume":2180,"time":"2022-05-16T14:03:00.000Z","is_complete":true},{"open":244.74,"high":244.87,"low":244.64,"close":244.86,"volume":5506,"time":"2022-05-16T14:04:00.000Z","is_complete":true},{"open":244.82,"high":244.89,"low":244.36,"close":244.37,"volume":5226,"time":"2022-05-16T14:05:00.000Z","is_complete":true},{"open":244.48,"high":244.6,"low":244.14,"close":244.56,"volume":2407,"time":"2022-05-16T14:06:00.000Z","is_complete":true},{"open":244.51,"high":244.6,"low":244.13,"close":244.13,"volume":4534,"time":"2022-05-16T14:07:00.000Z","is_complete":true},{"open":244.13,"high":244.14,"low":243.62,"close":243.9,"volume":5640,"time":"2022-05-16T14:08:00.000Z","is_complete":true},{"open":243.72,"high":244.05,"low":243.43,"close":244.05,"volume":7363,"time":"2022-05-16T14:09:00.000Z","is_complete":true},{"open":244.04,"high":244.6,"low":243.82,"close":244.41,"volume":6920,"time":"2022-05-16T14:10:00.000Z","is_complete":true},{"open":244.41,"high":244.5,"low":244.16,"close":244.46,"volume":3408,"time":"2022-05-16T14:11:00.000Z","is_complete":true},{"open":244.39,"high":244.47,"low":243.3,"close":243.63,"volume":9211,"time":"2022-05-16T14:12:00.000Z","is_complete":true},{"open":243.8,"high":244.09,"low":243.76,"close":244.09,"volume":2436,"time":"2022-05-16T14:13:00.000Z","is_complete":true},{"open":244,"high":244,"low":243.53,"close":243.95,"volume":6867,"time":"2022-05-16T14:14:00.000Z","is_complete":true},{"open":243.92,"high":243.99,"low":243.53,"close":243.83,"volume":2156,"time":"2022-05-16T14:15:00.000Z","is_complete":true},{"open":243.84,"high":243.88,"low":243.56,"close":243.65,"volume":2138,"time":"2022-05-16T14:16:00.000Z","is_complete":true},{"open":243.65,"high":243.71,"low":243.3,"close":243.36,"volume":5809,"time":"2022-05-16T14:17:00.000Z","is_complete":true},{"open":243.36,"high":243.37,"low":242.45,"close":242.78,"volume":16140,"time":"2022-05-16T14:18:00.000Z","is_complete":true},{"open":242.78,"high":242.95,"low":242.61,"close":242.64,"volume":3841,"time":"2022-05-16T14:19:00.000Z","is_complete":true},{"open":242.72,"high":242.97,"low":242.64,"close":242.89,"volume":3718,"time":"2022-05-16T14:20:00.000Z","is_complete":true},{"open":242.88,"high":242.89,"low":242.67,"close":242.81,"volume":4482,"time":"2022-05-16T14:21:00.000Z","is_complete":true},{"open":242.7,"high":242.86,"low":242.65,"close":242.81,"volume":2787,"time":"2022-05-16T14:22:00.000Z","is_complete":true},{"open":242.85,"high":242.9,"low":242.66,"close":242.9,"volume":2088,"time":"2022-05-16T14:23:00.000Z","is_complete":true},{"open":242.88,"high":243.2,"low":242.88,"close":243.18,"volume":5699,"time":"2022-05-16T14:24:00.000Z","is_complete":true},{"open":243.18,"high":243.28,"low":243.02,"close":243.28,"volume":3256,"time":"2022-05-16T14:25:00.000Z","is_complete":true},{"open":243.27,"high":243.55,"low":243.16,"close":243.3,"volume":4145,"time":"2022-05-16T14:26:00.000Z","is_complete":true},{"open":243.3,"high":243.45,"low":243.02,"close":243.04,"volume":2166,"time":"2022-05-16T14:27:00.000Z","is_complete":true},{"open":243.04,"high":243.1,"low":242.5,"close":242.62,"volume":7728,"time":"2022-05-16T14:28:00.000Z","is_complete":true},{"open":242.72,"high":242.88,"low":242.63,"close":242.65,"volume":2541,"time":"2022-05-16T14:29:00.000Z","is_complete":true},{"open":242.67,"high":242.88,"low":242.67,"close":242.82,"volume":1743,"time":"2022-05-16T14:30:00.000Z","is_complete":true},{"open":242.85,"high":242.88,"low":242.64,"close":242.78,"volume":1932,"time":"2022-05-16T14:31:00.000Z","is_complete":true},{"open":242.68,"high":242.81,"low":242.57,"close":242.67,"volume":3781,"time":"2022-05-16T14:32:00.000Z","is_complete":true},{"open":242.65,"high":242.85,"low":242.6,"close":242.85,"volume":3976,"time":"2022-05-16T14:33:00.000Z","is_complete":true},{"open":242.85,"high":243,"low":242.72,"close":242.72,"volume":3832,"time":"2022-05-16T14:34:00.000Z","is_complete":true},{"open":242.72,"high":242.76,"low":242.61,"close":242.7,"volume":3112,"time":"2022-05-16T14:35:00.000Z","is_complete":true},{"open":242.7,"high":242.7,"low":242.6,"close":242.7,"volume":3089,"time":"2022-05-16T14:36:00.000Z","is_complete":true},{"open":242.67,"high":243.18,"low":242.67,"close":243.11,"volume":8348,"time":"2022-05-16T14:37:00.000Z","is_complete":true},{"open":243.11,"high":243.28,"low":242.94,"close":243.05,"volume":6042,"time":"2022-05-16T14:38:00.000Z","is_complete":true},{"open":243,"high":243.69,"low":243,"close":243.55,"volume":6569,"time":"2022-05-16T14:39:00.000Z","is_complete":true},{"open":243.68,"high":243.99,"low":243.55,"close":243.9,"volume":4518,"time":"2022-05-16T14:40:00.000Z","is_complete":true},{"open":243.9,"high":244.11,"low":243.83,"close":244.01,"volume":8081,"time":"2022-05-16T14:41:00.000Z","is_complete":true},{"open":244.07,"high":244.38,"low":244,"close":244.36,"volume":5876,"time":"2022-05-16T14:42:00.000Z","is_complete":true},{"open":244.36,"high":244.38,"low":244.15,"close":244.18,"volume":5871,"time":"2022-05-16T14:43:00.000Z","is_complete":true},{"open":244.28,"high":244.28,"low":243.5,"close":243.51,"volume":7271,"time":"2022-05-16T14:44:00.000Z","is_complete":true},{"open":243.51,"high":244,"low":243.51,"close":243.95,"volume":2272,"time":"2022-05-16T14:45:00.000Z","is_complete":true},{"open":243.93,"high":243.93,"low":243.71,"close":243.87,"volume":848,"time":"2022-05-16T14:46:00.000Z","is_complete":true},{"open":243.82,"high":243.9,"low":243.43,"close":243.67,"volume":3710,"time":"2022-05-16T14:47:00.000Z","is_complete":true},{"open":243.67,"high":243.67,"low":243.2,"close":243.27,"volume":2387,"time":"2022-05-16T14:48:00.000Z","is_complete":true},{"open":243.25,"high":243.82,"low":243.18,"close":243.82,"volume":8538,"time":"2022-05-16T14:49:00.000Z","is_complete":true},{"open":243.81,"high":244.06,"low":243.75,"close":244.06,"volume":6978,"time":"2022-05-16T14:50:00.000Z","is_complete":true},{"open":244,"high":244.12,"low":243.92,"close":244.12,"volume":3387,"time":"2022-05-16T14:51:00.000Z","is_complete":true},{"open":244.08,"high":244.15,"low":243.95,"close":244.08,"volume":1838,"time":"2022-05-16T14:52:00.000Z","is_complete":true},{"open":244.1,"high":244.1,"low":243.9,"close":243.98,"volume":2299,"time":"2022-05-16T14:53:00.000Z","is_complete":true},{"open":243.99,"high":243.99,"low":243.7,"close":243.86,"volume":2606,"time":"2022-05-16T14:54:00.000Z","is_complete":true},{"open":243.9,"high":243.9,"low":243.55,"close":243.59,"volume":2321,"time":"2022-05-16T14:55:00.000Z","is_complete":true},{"open":243.75,"high":243.85,"low":243.5,"close":243.51,"volume":4073,"time":"2022-05-16T14:56:00.000Z","is_complete":true},{"open":243.58,"high":243.58,"low":243.28,"close":243.45,"volume":1191,"time":"2022-05-16T14:57:00.000Z","is_complete":true},{"open":243.45,"high":243.54,"low":243.25,"close":243.25,"volume":2692,"time":"2022-05-16T14:58:00.000Z","is_complete":true},{"open":243.46,"high":243.47,"low":243.25,"close":243.45,"volume":1691,"time":"2022-05-16T14:59:00.000Z","is_complete":true},{"open":243.3,"high":243.48,"low":243.28,"close":243.43,"volume":896,"time":"2022-05-16T15:00:00.000Z","is_complete":true},{"open":243.43,"high":243.5,"low":243.25,"close":243.49,"volume":2523,"time":"2022-05-16T15:01:00.000Z","is_complete":true},{"open":243.36,"high":243.5,"low":243.34,"close":243.5,"volume":1709,"time":"2022-05-16T15:02:00.000Z","is_complete":true},{"open":243.39,"high":243.5,"low":243.36,"close":243.5,"volume":1553,"time":"2022-05-16T15:03:00.000Z","is_complete":true},{"open":243.49,"high":243.52,"low":243.34,"close":243.48,"volume":1378,"time":"2022-05-16T15:04:00.000Z","is_complete":true},{"open":243.45,"high":243.54,"low":243.37,"close":243.51,"volume":2741,"time":"2022-05-16T15:05:00.000Z","is_complete":true},{"open":243.53,"high":243.63,"low":243.5,"close":243.54,"volume":1195,"time":"2022-05-16T15:06:00.000Z","is_complete":true},{"open":243.53,"high":243.99,"low":243.4,"close":243.86,"volume":12297,"time":"2022-05-16T15:07:00.000Z","is_complete":true},{"open":243.87,"high":244.1,"low":243.8,"close":244.1,"volume":19105,"time":"2022-05-16T15:08:00.000Z","is_complete":true},{"open":244.08,"high":244.08,"low":243.77,"close":243.92,"volume":2603,"time":"2022-05-16T15:09:00.000Z","is_complete":true},{"open":243.88,"high":243.97,"low":243.77,"close":243.95,"volume":1436,"time":"2022-05-16T15:10:00.000Z","is_complete":true},{"open":243.94,"high":244.1,"low":243.8,"close":244.1,"volume":3035,"time":"2022-05-16T15:11:00.000Z","is_complete":true},{"open":244.14,"high":244.2,"low":244,"close":244.14,"volume":4147,"time":"2022-05-16T15:12:00.000Z","is_complete":true},{"open":244.17,"high":244.17,"low":244.07,"close":244.1,"volume":3583,"time":"2022-05-16T15:13:00.000Z","is_complete":true},{"open":244.13,"high":244.15,"low":244.06,"close":244.07,"volume":1546,"time":"2022-05-16T15:14:00.000Z","is_complete":true},{"open":244.06,"high":244.14,"low":244,"close":244.1,"volume":1290,"time":"2022-05-16T15:15:00.000Z","is_complete":true},{"open":244.02,"high":244.15,"low":244.01,"close":244.14,"volume":2081,"time":"2022-05-16T15:16:00.000Z","is_complete":true},{"open":244.15,"high":244.15,"low":244.08,"close":244.15,"volume":3386,"time":"2022-05-16T15:17:00.000Z","is_complete":true},{"open":244.15,"high":244.26,"low":244.09,"close":244.25,"volume":3892,"time":"2022-05-16T15:18:00.000Z","is_complete":true},{"open":244.2,"high":244.3,"low":244.2,"close":244.28,"volume":4204,"time":"2022-05-16T15:19:00.000Z","is_complete":true},{"open":244.25,"high":244.4,"low":244.25,"close":244.35,"volume":7005,"time":"2022-05-16T15:20:00.000Z","is_complete":true},{"open":244.4,"high":244.5,"low":244.35,"close":244.47,"volume":5461,"time":"2022-05-16T15:21:00.000Z","is_complete":true},{"open":244.4,"high":244.7,"low":244.37,"close":244.52,"volume":8441,"time":"2022-05-16T15:22:00.000Z","is_complete":true},{"open":244.51,"high":244.62,"low":243.71,"close":243.79,"volume":8402,"time":"2022-05-16T15:23:00.000Z","is_complete":true},{"open":243.78,"high":244.19,"low":243.78,"close":244.06,"volume":3524,"time":"2022-05-16T15:24:00.000Z","is_complete":true},{"open":244,"high":244.2,"low":243.9,"close":243.92,"volume":4781,"time":"2022-05-16T15:25:00.000Z","is_complete":true},{"open":244,"high":244.03,"low":243.55,"close":243.98,"volume":6826,"time":"2022-05-16T15:26:00.000Z","is_complete":true},{"open":243.78,"high":244,"low":243.62,"close":243.66,"volume":3604,"time":"2022-05-16T15:27:00.000Z","is_complete":true},{"open":243.68,"high":243.9,"low":243.63,"close":243.65,"volume":1701,"time":"2022-05-16T15:28:00.000Z","is_complete":true},{"open":243.64,"high":243.88,"low":243.61,"close":243.78,"volume":1163,"time":"2022-05-16T15:29:00.000Z","is_complete":true},{"open":243.76,"high":243.97,"low":243.71,"close":243.77,"volume":4354,"time":"2022-05-16T15:30:00.000Z","is_complete":true},{"open":243.77,"high":243.95,"low":243.75,"close":243.91,"volume":4722,"time":"2022-05-16T15:31:00.000Z","is_complete":true},{"open":243.76,"high":243.99,"low":243.76,"close":243.99,"volume":2587,"time":"2022-05-16T15:32:00.000Z","is_complete":true},{"open":243.99,"high":243.99,"low":243.86,"close":243.99,"volume":2121,"time":"2022-05-16T15:33:00.000Z","is_complete":true},{"open":243.97,"high":244.09,"low":243.96,"close":244.09,"volume":5388,"time":"2022-05-16T15:34:00.000Z","is_complete":true},{"open":244.02,"high":244.1,"low":243.5,"close":244.01,"volume":14548,"time":"2022-05-16T15:35:00.000Z","is_complete":true},{"open":244,"high":244.01,"low":243.84,"close":244,"volume":3495,"time":"2022-05-16T15:36:00.000Z","is_complete":true},{"open":243.91,"high":244,"low":243.9,"close":243.91,"volume":4277,"time":"2022-05-16T15:37:00.000Z","is_complete":true},{"open":243.98,"high":244,"low":243.9,"close":243.91,"volume":5479,"time":"2022-05-16T15:38:00.000Z","is_complete":true},{"open":243.99,"high":244.08,"low":243.79,"close":244.05,"volume":5473,"time":"2022-05-16T15:39:00.000Z","is_complete":true},{"open":244.2,"high":244.2,"low":244.2,"close":244.2,"volume":8756,"time":"2022-05-16T15:45:00.000Z","is_complete":true},{"open":244.2,"high":244.2,"low":244.2,"close":244.2,"volume":712,"time":"2022-05-16T15:46:00.000Z","is_complete":true},{"open":244.2,"high":244.2,"low":244.2,"close":244.2,"volume":493,"time":"2022-05-16T15:47:00.000Z","is_complete":true},{"open":244.2,"high":244.2,"low":244.2,"close":244.2,"volume":742,"time":"2022-05-16T15:48:00.000Z","is_complete":true},{"open":244.2,"high":244.2,"low":244.2,"close":244.2,"volume":879,"time":"2022-05-16T15:49:00.000Z","is_complete":true}]}