{"candles":[{"open":239.77,"high":239.8,"low":237.58,"close":237.93,"volume":36150,"time":"2022-05-11T07:00:00.000Z","is_complete":true},{"open":238.09,"high":239.48,"low":238,"close":239.28,"volume":19687,"time":"2022-05-11T07:01:00.000Z","is_complete":true},{"open":239.28,"high":240,"low":239,"close":239.58,"volume":16272,"time":"2022-05-11T07:02:00.000Z","is_complete":true},{"open":239.77,"high":239.94,"low":239.58,"close":239.9,"volume":16199,"time":"2022-05-11T07:03:00.000Z","is_complete":true},{"open":239.9,"high":239.94,"low":239.5,"close":239.61,"volume":13069,"time":"2022-05-11T07:04:00.000Z","is_complete":true},{"open":239.7,"high":240.7,"low":239.6,"close":240.7,"volume":14420,"time":"2022-05-11T07:05:00.000Z","is_complete":true},{"open":240.69,"high":241.5,"low":240.43,"close":241.34,"volume":26797,"time":"2022-05-11T07:06:00.000Z","is_complete":true},{"open":241.31,"high":241.79,"low":241.11,"close":241.63,"volume":21035,"time":"2022-05-11T07:07:00.000Z","is_complete":true},{"open":241.6,"high":241.68,"low":241.3,"close":241.6,"volume":13299,"time":"2022-05-11T07:08:00.000Z","is_complete":true},{"open":241.6,"high":241.6,"low":240.37,"close":241,"volume":17885,"time":"2022-05-11T07:09:00.000Z","is_complete":true},{"open":240.98,"high":241.5,"low":240.9,"close":241.4,"volume":11008,"time":"2022-05-11T07:10:00.000Z","is_complete":true},{"open":241.35,"high":241.5,"low":241.21,"close":241.42,"volume":6154,"time":"2022-05-11T07:11:00.000Z","is_complete":true},{"open":241.3,"high":241.4,"low":240.34,"close":240.34,"volume":15633,"time":"2022-05-11T07:12:00.000Z","is_complete":true},{"open":240.34,"high":240.43,"low":240,"close":240.16,"volume":8182,"time":"2022-05-11T07:13:00.000Z","is_complete":true},{"open":240.18,"high":240.9,"low":240.08,"close":240.61,"volume":8954,"time":"2022-05-11T07:14:00.000Z","is_complete":true},{"open":240.61,"high":240.68,"low":240,"close":240.3,"volume":7938,"time":"2022-05-11T07:15:00.000Z","is_complete":true},{"open":240.22,"high":240.33,"low":240.1,"close":240.2,"volume":5446,"time":"2022-05-11T07:16:00.000Z","is_complete":true},{"open":240.17,"high":240.72,"low":240.13,"close":240.72,"volume":3110,"time":"2022-05-11T07:17:00.000Z","is_complete":true},{"open":240.55,"high":240.99,"low":240.53,"close":240.88,"volume":4962,"time":"2022-05-11T07:18:00.000Z","is_complete":true},{"open":240.88,"high":241.39,"low":240.32,"close":240.64,"volume":13403,"time":"2022-05-11T07:19:00.000Z","is_complete":true},{"open":240.63,"high":240.84,"low":240.52,"close":240.7,"volume":6426,"time":"2022-05-11T07:20:00.000Z","is_complete":true},{"open":240.7,"high":241.2,"low":240.69,"close":240.88,"volume":9313,"time":"2022-05-11T07:21:00.000Z","is_complete":true},{"open":240.84,"high":241.4,"low":240.78,"close":241.36,"volume":15869,"time":"2022-05-11T07:22:00.000Z","is_complete":true},{"open":241.36,"high":241.4,"low":240.6,"close":241.17,"volume":11601,"time":"2022-05-11T07:23:00.000Z","is_complete":true},{"open":241.17,"high":241.2,"low":240.63,"close":240.89,"volume":20000,"time":"2022-05-11T07:24:00.000Z","is_complete":true},{"open":240.91,"high":241.2,"low":240.86,"close":241.06,"volume":3270,"time":"2022-05-11T07:25:00.000Z","is_complete":true},{"open":240.96,"high":241.4,"low":240.91,"close":241.39,"volume":9509,"time":"2022-05-11T07:26:00.000Z","is_complete":true},{"open":241.38,"high":242,"low":241.38,"close":241.96,"volume":21434,"time":"2022-05-11T07:27:00.000Z","is_complete":true},{"open":241.94,"high":242.2,"low":241.6,"close":241.78,"volume":21889,"time":"2022-05-11T07:28:00.000Z","is_complete":true},{"open":241.8,"high":242,"low":241.55,"close":241.99,"volume":6433,"time":"2022-05-11T07:29:00.000Z","is_complete":true},{"open":241.98,"high":242.5,"low":241.76,"close":242.03,"volume":19036,"time":"2022-05-11T07:30:00.000Z","is_complete":true},{"open":242.03,"high":242.1,"low":241.46,"close":241.46,"volume":9966,"time":"2022-05-11T07:31:00.000Z","is_complete":true},{"open":241.48,"high":241.76,"low":241.4,"close":241.7,"volume":5577,"time":"2022-05-11T07:32:00.000Z","is_complete":true},{"open":241.72,"high":241.76,"low":241.48,"close":241.52,"volume":3411,"time":"2022-05-11T07:33:00.000Z","is_complete":true},{"open":241.5,"high":241.6,"low":241.46,"close":241.46,"volume":2479,"time":"2022-05-11T07:34:00.000Z","is_complete":true},{"open":241.49,"high":241.58,"low":241.46,"close":241.55,"volume":1341,"time":"2022-05-11T07:35:00.000Z","is_complete":true},{"open":241.55,"high":241.72,"low":241.55,"close":241.72,"volume":9938,"time":"2022-05-11T07:36:00.000Z","is_complete":true},{"open":241.72,"high":241.99,"low":241.69,"close":241.99,"volume":4007,"time":"2022-05-11T07:37:00.000Z","is_complete":true},{"open":241.99,"high":242,"low":241.75,"close":241.9,"volume":3272,"time":"2022-05-11T07:38:00.000Z","is_complete":true},{"open":241.92,"high":242.1,"low":241.78,"close":242.09,"volume":9120,"time":"2022-05-11T07:39:00.000Z","is_complete":true},{"open":242.1,"high":242.46,"low":241.96,"close":242.21,"volume":7699,"time":"2022-05-11T07:40:00.000Z","is_complete":true},{"open":242.24,"high":243,"low":242.2,"close":242.98,"volume":16158,"time":"2022-05-11T07:41:00.000Z","is_complete":true},{"open":242.87,"high":243.35,"low":242.32,"close":242.74,"volume":20372,"time":"2022-05-11T07:42:00.000Z","is_complete":true},{"open":242.68,"high":243.09,"low":242.5,"close":242.65,"volume":7073,"time":"2022-05-11T07:43:00.000Z","is_complete":true},{"open":242.87,"high":242.95,"low":242.6,"close":242.62,"volume":4597,"time":"2022-05-11T07:44:00.000Z","is_complete":true},{"open":242.7,"high":242.79,"low":242.5,"close":242.5,"volume":9275,"time":"2022-05-11T07:45:00.000Z","is_complete":true},{"open":242.5,"high":242.51,"low":242.15,"close":242.43,"volume":5339,"time":"2022-05-11T07:46:00.000Z","is_complete":true},{"open":242.27,"high":242.48,"low":242.12,"close":242.14,"volume":10415,"time":"2022-05-11T07:47:00.000Z","is_complete":true},{"open":242.19,"high":242.45,"low":242.13,"close":242.4,"volume":5779,"time":"2022-05-11T07:48:00.000Z","is_complete":true},{"open":242.4,"high":242.5,"low":242.24,"close":242.34,"volume":2045,"time":"2022-05-11T07:49:00.000Z","is_complete":true},{"open":242.38,"high":242.48,"low":242,"close":242.04,"volume":7272,"time":"2022-05-11T07:50:00.000Z","is_complete":true},{"open":242.04,"high":242.15,"low":241.02,"close":241.18,"volume":14337,"time":"2022-05-11T07:51:00.000Z","is_complete":true},{"open":241.25,"high":241.65,"low":241.24,"close":241.38,"volume":2658,"time":"2022-05-11T07:52:00.000Z","is_complete":true},{"open":241.38,"high":241.69,"low":241.35,"close":241.5,"volume":4187,"time":"2022-05-11T07:53:00.000Z","is_complete":true},{"open":241.57,"high":241.9,"low":241.01,"close":241.77,"volume":22248,"time":"2022-05-11T07:54:00.000Z","is_complete":true},{"open":241.68,"high":241.9,"low":241.53,"close":241.76,"volume":3547,"time":"2022-05-11T07:55:00.000Z","is_complete":true},{"open":241.64,"high":241.88,"low":241.52,"close":241.54,"volume":3129,"time":"2022-05-11T07:56:00.000Z","is_complete":true},{"open":241.56,"high":241.9,"low":241.22,"close":241.77,"volume":11533,"time":"2022-05-11T07:57:00.000Z","is_complete":true},{"open":241.76,"high":241.8,"low":241.4,"close":241.4,"volume":3338,"time":"2022-05-11T07:58:00.000Z","is_complete":true},{"open":241.56,"high":241.57,"low":241.22,"close":241.22,"volume":965,"time":"2022-05-11T07:59:00.000Z","is_complete":true},{"open":241.22,"high":241.25,"low":241.05,"close":241.25,"volume":2590,"time":"2022-05-11T08:00:00.000Z","is_complete":true},{"open":241.25,"high":241.6,"low":241.21,"close":241.56,"volume":1843,"time":"2022-05-11T08:01:00.000Z","is_complete":true},{"open":241.55,"high":241.56,"low":241.36,"close":241.47,"volume":829,"time":"2022-05-11T08:02:00.000Z","is_complete":true},{"open":241.5,"high":241.56,"low":241.2,"close":241.3,"volume":4148,"time":"2022-05-11T08:03:00.000Z","is_complete":true},{"open":241.39,"high":242,"low":241.25,"close":241.79,"volume":14032,"time":"2022-05-11T08:04:00.000Z","is_complete":true},{"open":241.83,"high":242.04,"low":241.83,"close":242.04,"volume":4893,"time":"2022-05-11T08:05:00.000Z","is_complete":true},{"open":242.04,"high":242.04,"low":241.63,"close":241.63,"volume":7431,"time":"2022-05-11T08:06:00.000Z","is_complete":true},{"open":241.68,"high":241.97,"low":241.62,"close":241.76,"volume":1803,"time":"2022-05-11T08:07:00.000Z","is_complete":true},{"open":241.65,"high":241.86,"low":241.5,"close":241.52,"volume":1448,"time":"2022-05-11T08:08:00.000Z","is_complete":true},{"open":241.52,"high":241.6,"low":241.06,"close":241.13,"volume":7771,"time":"2022-05-11T08:09:00.000Z","is_complete":true},{"open":241.07,"high":241.49,"low":241.05,"close":241.37,"volume":1632,"time":"2022-05-11T08:10:00.000Z","is_complete":true},{"open":241.39,"high":241.5,"low":241.27,"close":241.45,"volume":782,"time":"2022-05-11T08:11:00.000Z","is_complete":true},{"open":241.38,"high":241.5,"low":241.28,"close":241.45,"volume":1529,"time":"2022-05-11T08:12:00.000Z","is_complete":true},{"open":241.45,"high":241.45,"low":241.32,"close":241.35,"volume":794,"time":"2022-05-11T08:13:00.000Z","is_complete":true},{"open":241.35,"high":241.46,"low":241.2,"close":241.4,"volume":1184,"time":"2022-05-11T08:14:00.000Z","is_complete":true},{"open":241.32,"high":241.84,"low":241.26,"close":241.82,"volume":4201,"time":"2022-05-11T08:15:00.000Z","is_complete":true},{"open":241.79,"high":242.04,"low":241.65,"close":242.04,"volume":7088,"time":"2022-05-11T08:16:00.000Z","is_complete":true},{"open":242.03,"high":242.04,"low":241.4,"close":241.8,"volume":4312,"time":"2022-05-11T08:17:00.000Z","is_complete":true},{"open":241.77,"high":241.8,"low":241.35,"close":241.56,"volume":1288,"time":"2022-05-11T08:18:00.000Z","is_complete":true},{"open":241.55,"high":241.67,"low":241.36,"close":241.55,"volume":821,"time":"2022-05-11T08:19:00.000Z","is_complete":true},{"open":241.55,"high":241.66,"low":241.5,"close":241.51,"volume":509,"time":"2022-05-11T08:20:00.000Z","is_complete":true},{"open":241.51,"high":241.66,"low":241.51,"close":241.65,"volume":85,"time":"2022-05-11T08:21:00.000Z","is_complete":true},{"open":241.65,"high":241.68,"low":241.55,"close":241.68,"volume":645,"time":"2022-05-11T08:22:00.000Z","is_complete":true},{"open":241.66,"high":241.73,"low":241.66,"close":241.66,"volume":518,"time":"2022-05-11T08:23:00.000Z","is_complete":true},{"open":241.73,"high":241.73,"low":241.5,"close":241.56,"volume":802,"time":"2022-05-11T08:24:00.000Z","is_complete":true},{"open":241.56,"high":241.69,"low":241.08,"close":241.18,"volume":8457,"time":"2022-05-11T08:25:00.000Z","is_complete":true},{"open":241.16,"high":241.18,"low":241.07,"close":241.07,"volume":2515,"time":"2022-05-11T08:26:00.000Z","is_complete":true},{"open":241.17,"high":241.18,"low":241.07,"close":241.18,"volume":1179,"time":"2022-05-11T08:27:00.000Z","is_complete":true},{"open":241.12,"high":241.18,"low":241.1,"close":241.15,"volume":1625,"time":"2022-05-11T08:28:00.000Z","is_complete":true},{"open":241.16,"high":241.18,"low":241.1,"close":241.18,"volume":6086,"time":"2022-05-11T08:29:00.000Z","is_complete":true},{"open":241.18,"high":241.6,"low":241.12,"close":241.53,"volume":6809,"time":"2022-05-11T08:30:00.000Z","is_complete":true},{"open":241.53,"high":241.53,"low":240.55,"close":240.65,"volume":30697,"time":"2022-05-11T08:31:00.000Z","is_complete":true},{"open":240.65,"high":240.88,"low":240.51,"close":240.78,"volume":4074,"time":"2022-05-11T08:32:00.000Z","is_complete":true},{"open":240.66,"high":240.8,"low":240.05,"close":240.2,"volume":16281,"time":"2022-05-11T08:33:00.000Z","is_complete":true},{"open":240.2,"high":240.72,"low":240.13,"close":240.7,"volume":2914,"time":"2022-05-11T08:34:00.000Z","is_complete":true},{"open":240.6,"high":240.84,"low":240.36,"close":240.38,"volume":1753,"time":"2022-05-11T08:35:00.000Z","is_complete":true},{"open":240.41,"high":240.49,"low":240,"close":240,"volume":7075,"time":"2022-05-11T08:36:00.000Z","is_complete":true},{"open":240.01,"high":240.43,"low":240,"close":240.32,"volume":13940,"time":"2022-05-11T08:37:00.000Z","is_complete":true},{"open":240.26,"high":240.5,"low":240,"close":240.11,"volume":11047,"time":"2022-05-11T08:38:00.000Z","is_complete":true},{"open":240.08,"high":240.13,"low":239.71,"close":239.81,"volume":12929,"time":"2022-05-11T08:39:00.000Z","is_complete":true},{"open":239.8,"high":240.48,"low":239.71,"close":240.3,"volume":6123,"time":"2022-05-11T08:40:00.000Z","is_complete":true},{"open":240.34,"high":240.66,"low":240.3,"close":240.5,"volume":2043,"time":"2022-05-11T08:41:00.000Z","is_complete":true},{"open":240.6,"high":240.62,"low":240.39,"close":240.55,"volume":647,"time":"2022-05-11T08:42:00.000Z","is_complete":true},{"open":240.56,"high":240.62,"low":240.43,"close":240.58,"volume":3577,"time":"2022-05-11T08:43:00.000Z","is_complete":true},{"open":240.6,"high":241.05,"low":240.58,"close":241,"volume":2022,"time":"2022-05-11T08:44:00.000Z","is_complete":true},{"open":241.02,"high":241.08,"low":240.38,"close":240.4,"volume":3338,"time":"2022-05-11T08:45:00.000Z","is_complete":true},{"open":240.42,"high":240.5,"low":240,"close":240.14,"volume":2013,"time":"2022-05-11T08:46:00.000Z","is_complete":true},{"open":240.03,"high":240.18,"low":239.88,"close":239.99,"volume":4331,"time":"2022-05-11T08:47:00.000Z","is_complete":true},{"open":240,"high":240,"low":239.84,"close":239.84,"volume":2905,"time":"2022-05-11T08:48:00.000Z","is_complete":true},{"open":239.85,"high":239.91,"low":239.77,"close":239.83,"volume":2395,"time":"2022-05-11T08:49:00.000Z","is_complete":true},{"open":239.8,"high":239.9,"low":239.6,"close":239.9,"volume":2893,"time":"2022-05-11T08:50:00.000Z","is_complete":true},{"open":239.86,"high":240.35,"low":239.8,"close":240.19,"volume":2728,"time":"2022-05-11T08:51:00.000Z","is_complete":true},{"open":240.19,"high":240.4,"low":240.15,"close":240.27,"volume":1117,"time":"2022-05-11T08:52:00.000Z","is_complete":true},{"open":240.25,"high":240.31,"low":240.04,"close":240.06,"volume":1125,"time":"2022-05-11T08:53:00.000Z","is_complete":true},{"open":240.06,"high":240.17,"low":239.71,"close":240,"volume":3258,"time":"2022-05-11T08:54:00.000Z","is_complete":true},{"open":240,"high":240.09,"low":239.8,"close":239.92,"volume":2780,"time":"2022-05-11T08:55:00.000Z","is_complete":true},{"open":239.91,"high":239.95,"low":239.8,"close":239.83,"volume":369,"time":"2022-05-11T08:56:00.000Z","is_complete":true},{"open":239.83,"high":240,"low":239.6,"close":239.69,"volume":6356,"time":"2022-05-11T08:57:00.000Z","is_complete":true},{"open":239.69,"high":240,"low":239.62,"close":239.9,"volume":2591,"time":"2022-05-11T08:58:00.000Z","is_complete":true},{"open":239.94,"high":240.27,"low":239.94,"close":240.13,"volume":2832,"time":"2022-05-11T08:59:00.000Z","is_complete":true},{"open":240.22,"high":240.27,"low":240.13,"close":240.15,"volume":724,"time":"2022-05-11T09:00:00.000Z","is_complete":true},{"open":240.16,"high":240.27,"low":240,"close":240,"volume":5525,"time":"2022-05-11T09:01:00.000Z","is_complete":true},{"open":240.09,"high":240.19,"low":239.7,"close":239.94,"volume":5236,"time":"2022-05-11T09:02:00.000Z","is_complete":true},{"open":239.84,"high":239.94,"low":239.72,"close":239.89,"volume":1165,"time":"2022-05-11T09:03:00.000Z","is_complete":true},{"open":239.77,"high":239.88,"low":239.6,"close":239.62,"volume":7447,"time":"2022-05-11T09:04:00.000Z","is_complete":true},{"open":239.62,"high":239.74,"low":239.52,"close":239.56,"volume":3290,"time":"2022-05-11T09:05:00.000Z","is_complete":true},{"open":239.71,"high":239.98,"low":239.61,"close":239.98,"volume":557,"time":"2022-05-11T09:06:00.000Z","is_complete":true},{"open":239.93,"high":240.07,"low":239.63,"close":239.79,"volume":3768,"time":"2022-05-11T09:07:00.000Z","is_complete":true},{"open":239.65,"high":239.84,"low":239.61,"close":239.72,"volume":1868,"time":"2022-05-11T09:08:00.000Z","is_complete":true},{"open":239.73,"high":239.84,"low":239.71,"close":239.76,"volume":834,"time":"2022-05-11T09:09:00.000Z","is_complete":true},{"open":239.76,"high":239.93,"low":239.73,"close":239.85,"volume":1574,"time":"2022-05-11T09:10:00.000Z","is_complete":true},{"open":239.84,"high":239.89,"low":239.71,"close":239.76,"volume":2257,"time":"2022-05-11T09:11:00.000Z","is_complete":true},{"open":239.78,"high":239.82,"low":239.76,"close":239.76,"volume":778,"time":"2022-05-11T09:12:00.000Z","is_complete":true},{"open":239.82,"high":239.85,"low":239.76,"close":239.85,"volume":4350,"time":"2022-05-11T09:13:00.000Z","is_complete":true},{"open":239.78,"high":239.85,"low":239.71,"close":239.85,"volume":1334,"time":"2022-05-11T09:14:00.000Z","is_complete":true},{"open":239.71,"high":239.75,"low":239.7,"close":239.71,"volume":837,"time":"2022-05-11T09:15:00.000Z","is_complete":true},{"open":239.7,"high":239.85,"low":239.7,"close":239.7,"volume":2128,"time":"2022-05-11T09:16:00.000Z","is_complete":true},{"open":239.71,"high":240,"low":239.71,"close":239.81,"volume":2041,"time":"2022-05-11T09:17:00.000Z","is_complete":true},{"open":239.94,"high":240.1,"low":239.93,"close":240.07,"volume":4635,"time":"2022-05-11T09:18:00.000Z","is_complete":true},{"open":240,"high":240.26,"low":240,"close":240.22,"volume":3673,"time":"2022-05-11T09:19:00.000Z","is_complete":true},{"open":240.22,"high":240.3,"low":240.16,"close":240.3,"volume":4782,"time":"2022-05-11T09:20:00.000Z","is_complete":true},{"open":240.3,"high":240.3,"low":240.2,"close":240.27,"volume":1162,"time":"2022-05-11T09:21:00.000Z","is_complete":true},{"open":240.2,"high":240.2,"low":240,"close":240,"volume":3316,"time":"2022-05-11T09:22:00.000Z","is_complete":true},{"open":240,"high":240.2,"low":240,"close":240.12,"volume":1173,"time":"2022-05-11T09:23:00.000Z","is_complete":true},{"open":240.2,"high":240.25,"low":240.02,"close":240.1,"volume":935,"time":"2022-05-11T09:24:00.000Z","is_complete":true},{"open":240.1,"high":240.25,"low":240,"close":240.1,"volume":1585,"time":"2022-05-11T09:25:00.000Z","is_complete":true},{"open":240.1,"high":240.19,"low":240,"close":240.1,"volume":779,"time":"2022-05-11T09:26:00.000Z","is_complete":true},{"open":240.12,"high":240.14,"low":239.98,"close":239.98,"volume":1831,"time":"2022-05-11T09:27:00.000Z","is_complete":true},{"open":240.02,"high":240.06,"low":239.9,"close":239.9,"volume":4091,"time":"2022-05-11T09:28:00.000Z","is_complete":true},{"open":239.9,"high":239.91,"low":239.7,"close":239.75,"volume":2783,"time":"2022-05-11T09:29:00.000Z","is_complete":true},{"open":239.71,"high":239.77,"low":239.65,"close":239.67,"volume":6608,"time":"2022-05-11T09:30:00.000Z","is_complete":true},{"open":239.7,"high":239.7,"low":239.65,"close":239.65,"volume":3153,"time":"2022-05-11T09:31:00.000Z","is_complete":true},{"open":239.66,"high":239.76,"low":239.65,"close":239.7,"volume":2032,"time":"2022-05-11T09:32:00.000Z","is_complete":true},{"open":239.71,"high":239.76,"low":239.68,"close":239.68,"volume":2135,"time":"2022-05-11T09:33:00.000Z","is_complete":true},{"open":239.7,"high":239.85,"low":239.67,"close":239.81,"volume":3229,"time":"2022-05-11T09:34:00.000Z","is_complete":true},{"open":239.8,"high":239.84,"low":239.7,"close":239.81,"volume":1566,"time":"2022-05-11T09:35:00.000Z","is_complete":true},{"open":239.8,"high":239.98,"low":239.74,"close":239.84,"volume":714,"time":"2022-05-11T09:36:00.000Z","is_complete":true},{"open":239.75,"high":239.83,"low":239.72,"close":239.8,"volume":551,"time":"2022-05-11T09:37:00.000Z","is_complete":true},{"open":239.8,"high":239.89,"low":239.76,"close":239.85,"volume":1665,"time":"2022-05-11T09:38:00.000Z","is_complete":true},{"open":239.89,"high":240,"low":239.81,"close":239.82,"volume":1106,"time":"2022-05-11T09:39:00.000Z","is_complete":true},{"open":239.86,"high":239.88,"low":239.73,"close":239.8,"volume":2840,"time":"2022-05-11T09:40:00.000Z","is_complete":true},{"open":239.73,"high":239.84,"low":239.65,"close":239.66,"volume":2416,"time":"2022-05-11T09:41:00.000Z","is_complete":true},{"open":239.74,"high":239.8,"low":239.65,"close":239.66,"volume":1514,"time":"2022-05-11T09:42:00.000Z","is_complete":true},{"open":239.7,"high":239.7,"low":239.65,"close":239.65,"volume":5790,"time":"2022-05-11T09:43:00.000Z","is_complete":true},{"open":239.67,"high":239.7,"low":239.65,"close":239.65,"volume":10800,"time":"2022-05-11T09:44:00.000Z","is_complete":true},{"open":239.66,"high":239.7,"low":239.65,"close":239.66,"volume":1152,"time":"2022-05-11T09:45:00.000Z","is_complete":true},{"open":239.69,"high":239.97,"low":239.65,"close":239.88,"volume":4473,"time":"2022-05-11T09:46:00.000Z","is_complete":true},{"open":239.78,"high":239.89,"low":239.76,"close":239.88,"volume":450,"time":"2022-05-11T09:47:00.000Z","is_complete":true},{"open":239.82,"high":239.9,"low":239.7,"close":239.89,"volume":1149,"time":"2022-05-11T09:48:00.000Z","is_complete":true},{"open":239.88,"high":239.96,"low":239.77,"close":239.83,"volume":534,"time":"2022-05-11T09:49:00.000Z","is_complete":true},{"open":239.83,"high":239.96,"low":239.69,"close":239.96,"volume":742,"time":"2022-05-11T09:50:00.000Z","is_complete":true},{"open":239.95,"high":239.99,"low":239.82,"close":239.92,"volume":312,"time":"2022-05-11T09:51:00.000Z","is_complete":true},{"open":239.92,"high":239.99,"low":239.82,"close":239.82,"volume":402,"time":"2022-05-11T09:52:00.000Z","is_complete":true},{"open":239.94,"high":239.98,"low":239.77,"close":239.84,"volume":1497,"time":"2022-05-11T09:53:00.000Z","is_complete":true},{"open":239.84,"high":239.9,"low":239.7,"close":239.7,"volume":971,"time":"2022-05-11T09:54:00.000Z","is_complete":true},{"open":239.69,"high":239.76,"low":239.65,"close":239.65,"volume":2709,"time":"2022-05-11T09:55:00.000Z","is_complete":true},{"open":239.65,"high":239.74,"low":239.65,"close":239.67,"volume":4029,"time":"2022-05-11T09:56:00.000Z","is_complete":true},{"open":239.69,"high":239.74,"low":239.65,"close":239.74,"volume":2096,"time":"2022-05-11T09:57:00.000Z","is_complete":true},{"open":239.67,"high":239.96,"low":239.65,"close":239.85,"volume":3830,"time":"2022-05-11T09:58:00.000Z","is_complete":true},{"open":239.86,"high":240.47,"low":239.78,"close":240.32,"volume":11410,"time":"2022-05-11T09:59:00.000Z","is_complete":true},{"open":240.38,"high":240.49,"low":240.26,"close":240.3,"volume":2795,"time":"2022-05-11T10:00:00.000Z","is_complete":true},{"open":240.3,"high":240.36,"low":240,"close":240.28,"volume":2873,"time":"2022-05-11T10:01:00.000Z","is_complete":true},{"open":240.12,"high":240.38,"low":240.12,"close":240.25,"volume":1050,"time":"2022-05-11T10:02:00.000Z","is_complete":true},{"open":240.25,"high":240.38,"low":240.2,"close":240.35,"volume":893,"time":"2022-05-11T10:03:00.000Z","is_complete":true},{"open":240.38,"high":240.42,"low":240.31,"close":240.42,"volume":1697,"time":"2022-05-11T10:04:00.000Z","is_complete":true},{"open":240.43,"high":240.5,"low":240.3,"close":240.5,"volume":9223,"time":"2022-05-11T10:05:00.000Z","is_complete":true},{"open":240.5,"high":240.72,"low":240.45,"close":240.58,"volume":3317,"time":"2022-05-11T10:06:00.000Z","is_complete":true},{"open":240.69,"high":240.69,"low":240.4,"close":240.4,"volume":3734,"time":"2022-05-11T10:07:00.000Z","is_complete":true},{"open":240.4,"high":240.54,"low":240.14,"close":240.38,"volume":3079,"time":"2022-05-11T10:08:00.000Z","is_complete":true},{"open":240.38,"high":240.52,"low":240.3,"close":240.47,"volume":1346,"time":"2022-05-11T10:09:00.000Z","is_complete":true},{"open":240.47,"high":240.5,"low":240.31,"close":240.31,"volume":1014,"time":"2022-05-11T10:10:00.000Z","is_complete":true},{"open":240.36,"high":240.37,"low":240.14,"close":240.14,"volume":2646,"time":"2022-05-11T10:11:00.000Z","is_complete":true},{"open":240.19,"high":240.3,"low":240.15,"close":240.25,"volume":2242,"time":"2022-05-11T10:12:00.000Z","is_complete":true},{"open":240.25,"high":240.3,"low":240.2,"close":240.21,"volume":392,"time":"2022-05-11T10:13:00.000Z","is_complete":true},{"open":240.2,"high":240.29,"low":240,"close":240.13,"volume":5950,"time":"2022-05-11T10:14:00.000Z","is_complete":true},{"open":240.13,"high":240.13,"low":239.82,"close":239.98,"volume":1390,"time":"2022-05-11T10:15:00.000Z","is_complete":true},{"open":239.96,"high":239.96,"low":239.8,"close":239.83,"volume":1398,"time":"2022-05-11T10:16:00.000Z","is_complete":true},{"open":239.8,"high":239.99,"low":239.8,"close":239.94,"volume":397,"time":"2022-05-11T10:17:00.000Z","is_complete":true},{"open":239.93,"high":240.14,"low":239.9,"close":240,"volume":580,"time":"2022-05-11T10:18:00.000Z","is_complete":true},{"open":240,"high":240.15,"low":240,"close":240.01,"volume":940,"time":"2022-05-11T10:19:00.000Z","is_complete":true},{"open":240.1,"high":240.52,"low":240,"close":240.12,"volume":1878,"time":"2022-05-11T10:20:00.000Z","is_complete":true},{"open":240.2,"high":240.39,"low":240.16,"close":240.16,"volume":201,"time":"2022-05-11T10:21:00.000Z","is_complete":true},{"open":240.3,"high":240.39,"low":240.2,"close":240.23,"volume":1470,"time":"2022-05-11T10:22:00.000Z","is_complete":true},{"open":240.22,"high":240.29,"low":240.21,"close":240.21,"volume":604,"time":"2022-05-11T10:23:00.000Z","is_complete":true},{"open":240.24,"high":240.71,"low":240.2,"close":240.41,"volume":3918,"time":"2022-05-11T10:24:00.000Z","is_complete":true},{"open":240.4,"high":240.77,"low":240.25,"close":240.33,"volume":1459,"time":"2022-05-11T10:25:00.000Z","is_complete":true},{"open":240.33,"high":240.45,"low":240.2,"close":240.2,"volume":1066,"time":"2022-05-11T10:26:00.000Z","is_complete":true},{"open":240.3,"high":240.32,"low":240.14,"close":240.29,"volume":1109,"time":"2022-05-11T10:27:00.000Z","is_complete":true},{"open":240.29,"high":240.43,"low":240.14,"close":240.43,"volume":566,"time":"2022-05-11T10:28:00.000Z","is_complete":true},{"open":240.36,"high":240.45,"low":240.35,"close":240.38,"volume":583,"time":"2022-05-11T10:29:00.000Z","is_complete":true},{"open":240.44,"high":240.45,"low":240.2,"close":240.33,"volume":2091,"time":"2022-05-11T10:30:00.000Z","is_complete":true},{"open":240.2,"high":240.32,"low":240.2,"close":240.3,"volume":238,"time":"2022-05-11T10:31:00.000Z","is_complete":true},{"open":240.3,"high":240.4,"low":240.3,"close":240.3,"volume":853,"time":"2022-05-11T10:32:00.000Z","is_complete":true},{"open":240.39,"high":240.39,"low":240.2,"close":240.2,"volume":862,"time":"2022-05-11T10:33:00.000Z","is_complete":true},{"open":240.3,"high":240.39,"low":240.15,"close":240.17,"volume":1060,"time":"2022-05-11T10:34:00.000Z","is_complete":true},{"open":240.17,"high":240.39,"low":240.17,"close":240.26,"volume":746,"time":"2022-05-11T10:35:00.000Z","is_complete":true},{"open":240.25,"high":240.4,"low":240.22,"close":240.28,"volume":921,"time":"2022-05-11T10:36:00.000Z","is_complete":true},{"open":240.34,"high":240.36,"low":240.21,"close":240.21,"volume":755,"time":"2022-05-11T10:37:00.000Z","is_complete":true},{"open":240.3,"high":240.35,"low":240.17,"close":240.21,"volume":209,"time":"2022-05-11T10:38:00.000Z","is_complete":true},{"open":240.31,"high":240.4,"low":240.21,"close":240.23,"volume":520,"time":"2022-05-11T10:39:00.000Z","is_complete":true},{"open":240.35,"high":240.4,"low":240.18,"close":240.29,"volume":920,"time":"2022-05-11T10:40:00.000Z","is_complete":true},{"open":240.18,"high":240.29,"low":240.17,"close":240.18,"volume":563,"time":"2022-05-11T10:41:00.000Z","is_complete":true},{"open":240.29,"high":240.29,"low":240.17,"close":240.17,"volume":2131,"time":"2022-05-11T10:42:00.000Z","is_complete":true},{"open":240.17,"high":240.25,"low":240.17,"close":240.17,"volume":1310,"time":"2022-05-11T10:43:00.000Z","is_complete":true},{"open":240.22,"high":240.3,"low":240.17,"close":240.2,"volume":910,"time":"2022-05-11T10:44:00.000Z","is_complete":true},{"open":240.2,"high":240.33,"low":240.2,"close":240.2,"volume":524,"time":"2022-05-11T10:45:00.000Z","is_complete":true},{"open":240.2,"high":240.29,"low":240.2,"close":240.2,"volume":406,"time":"2022-05-11T10:46:00.000Z","is_complete":true},{"open":240.21,"high":240.37,"low":240.2,"close":240.35,"volume":460,"time":"2022-05-11T10:47:00.000Z","is_complete":true},{"open":240.35,"high":240.39,"low":240.24,"close":240.24,"volume":559,"time":"2022-05-11T10:48:00.000Z","is_complete":true},{"open":240.33,"high":240.4,"low":240.2,"close":240.28,"volume":794,"time":"2022-05-11T10:49:00.000Z","is_complete":true},{"open":240.2,"high":240.26,"low":240.17,"close":240.17,"volume":1111,"time":"2022-05-11T10:50:00.000Z","is_complete":true},{"open":240.2,"high":240.27,"low":240.17,"close":240.2,"volume":526,"time":"2022-05-11T10:51:00.000Z","is_complete":true},{"open":240.19,"high":240.25,"low":240.17,"close":240.17,"volume":738,"time":"2022-05-11T10:52:00.000Z","is_complete":true},{"open":240.2,"high":240.32,"low":240.17,"close":240.18,"volume":1271,"time":"2022-05-11T10:53:00.000Z","is_complete":true},{"open":240.19,"high":240.38,"low":240.17,"close":240.38,"volume":1070,"time":"2022-05-11T10:54:00.000Z","is_complete":true},{"open":240.24,"high":240.37,"low":240.24,"close":240.36,"volume":331,"time":"2022-05-11T10:55:00.000Z","is_complete":true},{"open":240.31,"high":240.36,"low":240.25,"close":240.25,"volume":264,"time":"2022-05-11T10:56:00.000Z","is_complete":true},{"open":240.27,"high":240.27,"low":240.18,"close":240.25,"volume":275,"time":"2022-05-11T10:57:00.000Z","is_complete":true},{"open":240.18,"high":240.28,"low":240.18,"close":240.21,"volume":249,"time":"2022-05-11T10:58:00.000Z","is_complete":true},{"open":240.21,"high":240.28,"low":240.21,"close":240.27,"volume":200,"time":"2022-05-11T10:59:00.000Z","is_complete":true},{"open":240.28,"high":240.6,"low":240.27,"close":240.6,"volume":2591,"time":"2022-05-11T11:00:00.000Z","is_complete":true},{"open":240.57,"high":240.6,"low":240.5,"close":240.6,"volume":462,"time":"2022-05-11T11:01:00.000Z","is_complete":true},{"open":240.6,"high":240.69,"low":240.52,"close":240.52,"volume":855,"time":"2022-05-11T11:02:00.000Z","is_complete":true},{"open":240.68,"high":240.69,"low":240.5,"close":240.5,"volume":268,"time":"2022-05-11T11:03:00.000Z","is_complete":true},{"open":240.6,"high":240.61,"low":240.51,"close":240.6,"volume":203,"time":"2022-05-11T11:04:00.000Z","is_complete":true},{"open":240.6,"high":240.67,"low":240.6,"close":240.6,"volume":1548,"time":"2022-05-11T11:05:00.000Z","is_complete":true},{"open":240.6,"high":240.69,"low":240.6,"close":240.6,"volume":254,"time":"2022-05-11T11:06:00.000Z","is_complete":true},{"open":240.68,"high":240.7,"low":240.6,"close":240.7,"volume":706,"time":"2022-05-11T11:07:00.000Z","is_complete":true},{"open":240.7,"high":240.7,"low":240.6,"close":240.6,"volume":642,"time":"2022-05-11T11:08:00.000Z","is_complete":true},{"open":240.6,"high":240.63,"low":240.23,"close":240.44,"volume":3635,"time":"2022-05-11T11:09:00.000Z","is_complete":true},{"open":240.3,"high":240.4,"low":240.26,"close":240.4,"volume":328,"time":"2022-05-11T11:10:00.000Z","is_complete":true},{"open":240.4,"high":240.4,"low":240.25,"close":240.26,"volume":506,"time":"2022-05-11T11:11:00.000Z","is_complete":true},{"open":240.26,"high":240.36,"low":240.17,"close":240.29,"volume":1852,"time":"2022-05-11T11:12:00.000Z","is_complete":true},{"open":240.25,"high":240.33,"low":240.25,"close":240.26,"volume":267,"time":"2022-05-11T11:13:00.000Z","is_complete":true},{"open":240.3,"high":240.39,"low":240.25,"close":240.26,"volume":207,"time":"2022-05-11T11:14:00.000Z","is_complete":true},{"open":240.36,"high":240.37,"low":240.26,"close":240.36,"volume":159,"time":"2022-05-11T11:15:00.000Z","is_complete":true},{"open":240.27,"high":240.67,"low":240.27,"close":240.67,"volume":799,"time":"2022-05-11T11:16:00.000Z","is_complete":true},{"open":240.67,"high":240.7,"low":240.53,"close":240.65,"volume":890,"time":"2022-05-11T11:17:00.000Z","is_complete":true},{"open":240.53,"high":240.67,"low":240.41,"close":240.56,"volume":597,"time":"2022-05-11T11:18:00.000Z","is_complete":true},{"open":240.56,"high":240.6,"low":240.56,"close":240.6,"volume":465,"time":"2022-05-11T11:19:00.000Z","is_complete":true},{"open":240.58,"high":240.6,"low":240.35,"close":240.5,"volume":660,"time":"2022-05-11T11:20:00.000Z","is_complete":true},{"open":240.35,"high":240.49,"low":240.26,"close":240.31,"volume":1616,"time":"2022-05-11T11:21:00.000Z","is_complete":true},{"open":240.36,"high":240.44,"low":240.29,"close":240.29,"volume":1157,"time":"2022-05-11T11:22:00.000Z","is_complete":true},{"open":240.29,"high":240.43,"low":240.29,"close":240.4,"volume":145,"time":"2022-05-11T11:23:00.000Z","is_complete":true},{"open":240.3,"high":240.37,"low":240.25,"close":240.26,"volume":875,"time":"2022-05-11T11:24:00.000Z","is_complete":true},{"open":240.26,"high":240.29,"low":240.25,"close":240.26,"volume":322,"time":"2022-05-11T11:25:00.000Z","is_complete":true},{"open":240.25,"high":240.3,"low":240.25,"close":240.25,"volume":144,"time":"2022-05-11T11:26:00.000Z","is_complete":true},{"open":240.25,"high":240.26,"low":240.2,"close":240.22,"volume":134,"time":"2022-05-11T11:27:00.000Z","is_complete":true},{"open":240.25,"high":240.25,"low":240.2,"close":240.2,"volume":589,"time":"2022-05-11T11:28:00.000Z","is_complete":true},{"open":240.22,"high":240.25,"low":240.2,"close":240.2,"volume":92,"time":"2022-05-11T11:29:00.000Z","is_complete":true},{"open":240.2,"high":240.3,"low":240.2,"close":240.3,"volume":213,"time":"2022-05-11T11:30:00.000Z","is_complete":true},{"open":240.29,"high":240.29,"low":240.2,"close":240.29,"volume":1538,"time":"2022-05-11T11:31:00.000Z","is_complete":true},{"open":240.2,"high":240.28,"low":240.2,"close":240.2,"volume":250,"time":"2022-05-11T11:32:00.000Z","is_complete":true},{"open":240.2,"high":240.28,"low":240.17,"close":240.21,"volume":234,"time":"2022-05-11T11:33:00.000Z","is_complete":true},{"open":240.27,"high":240.41,"low":240.2,"close":240.21,"volume":673,"time":"2022-05-11T11:34:00.000Z","is_complete":true},{"open":240.32,"high":240.49,"low":240.21,"close":240.49,"volume":432,"time":"2022-05-11T11:35:00.000Z","is_complete":true},{"open":240.36,"high":240.54,"low":240.36,"close":240.4,"volume":1215,"time":"2022-05-11T11:36:00.000Z","is_complete":true},{"open":240.4,"high":240.51,"low":240.32,"close":240.4,"volume":175,"time":"2022-05-11T11:37:00.000Z","is_complete":true},{"open":240.34,"high":240.59,"low":240.3,"close":240.55,"volume":2359,"time":"2022-05-11T11:38:00.000Z","is_complete":true},{"open":240.55,"high":240.59,"low":240.42,"close":240.42,"volume":252,"time":"2022-05-11T11:39:00.000Z","is_complete":true},{"open":240.5,"high":240.55,"low":240.4,"close":240.55,"volume":373,"time":"2022-05-11T11:40:00.000Z","is_complete":true},{"open":240.55,"high":240.55,"low":240.4,"close":240.41,"volume":284,"time":"2022-05-11T11:41:00.000Z","is_complete":true},{"open":240.4,"high":240.5,"low":240.4,"close":240.5,"volume":347,"time":"2022-05-11T11:42:00.000Z","is_complete":true},{"open":240.41,"high":240.41,"low":240.22,"close":240.37,"volume":842,"time":"2022-05-11T11:43:00.000Z","is_complete":true},{"open":240.36,"high":240.37,"low":240.21,"close":240.35,"volume":186,"time":"2022-05-11T11:44:00.000Z","is_complete":true},{"open":240.24,"high":240.24,"low":240.21,"close":240.22,"volume":429,"time":"2022-05-11T11:45:00.000Z","is_complete":true},{"open":240.22,"high":240.38,"low":240.17,"close":240.27,"volume":2408,"time":"2022-05-11T11:46:00.000Z","is_complete":true},{"open":240.37,"high":240.4,"low":240.17,"close":240.29,"volume":866,"time":"2022-05-11T11:47:00.000Z","is_complete":true},{"open":240.2,"high":240.32,"low":240.17,"close":240.31,"volume":370,"time":"2022-05-11T11:48:00.000Z","is_complete":true},{"open":240.3,"high":240.32,"low":240.2,"close":240.31,"volume":94,"time":"2022-05-11T11:49:00.000Z","is_complete":true},{"open":240.21,"high":240.34,"low":240.19,"close":240.21,"volume":308,"time":"2022-05-11T11:50:00.000Z","is_complete":true},{"open":240.29,"high":240.29,"low":240.17,"close":240.22,"volume":169,"time":"2022-05-11T11:51:00.000Z","is_complete":true},{"open":240.19,"high":240.2,"low":240.03,"close":240.03,"volume":2540,"time":"2022-05-11T11:52:00.000Z","is_complete":true},{"open":240.03,"high":240.09,"low":239.99,"close":240.05,"volume":3192,"time":"2022-05-11T11:53:00.000Z","is_complete":true},{"open":240.05,"high":240.09,"low":239.99,"close":239.99,"volume":1448,"time":"2022-05-11T11:54:00.000Z","is_complete":true},{"open":239.99,"high":240,"low":239.95,"close":239.95,"volume":1247,"time":"2022-05-11T11:55:00.000Z","is_complete":true},{"open":239.95,"high":239.99,"low":239.95,"close":239.95,"volume":1115,"time":"2022-05-11T11:56:00.000Z","is_complete":true},{"open":239.96,"high":239.97,"low":239.95,"close":239.96,"volume":374,"time":"2022-05-11T11:57:00.000Z","is_complete":true},{"open":239.96,"high":240,"low":239.95,"close":239.96,"volume":625,"time":"2022-05-11T11:58:00.000Z","is_complete":true},{"open":240,"high":240,"low":239.95,"close":239.96,"volume":726,"time":"2022-05-11T11:59:00.000Z","is_complete":true},{"open":239.96,"high":240,"low":239.95,"close":239.99,"volume":1128,"time":"2022-05-11T12:00:00.000Z","is_complete":true},{"open":239.99,"high":240,"low":239.95,"close":239.95,"volume":1334,"time":"2022-05-11T12:01:00.000Z","is_complete":true},{"open":239.98,"high":239.98,"low":239.95,"close":239.95,"volume":320,"time":"2022-05-11T12:02:00.000Z","is_complete":true},{"open":239.97,"high":239.98,"low":239.95,"close":239.95,"volume":638,"time":"2022-05-11T12:03:00.000Z","is_complete":true},{"open":239.95,"high":240,"low":239.95,"close":239.96,"volume":1552,"time":"2022-05-11T12:04:00.000Z","is_complete":true},{"open":239.96,"high":240,"low":239.85,"close":239.93,"volume":4735,"time":"2022-05-11T12:05:00.000Z","is_complete":true},{"open":239.93,"high":239.93,"low":239.85,"close":239.9,"volume":2473,"time":"2022-05-11T12:06:00.000Z","is_complete":true},{"open":239.89,"high":239.97,"low":239.85,"close":239.9,"volume":757,"time":"2022-05-11T12:07:00.000Z","is_complete":true},{"open":239.9,"high":240,"low":239.9,"close":240,"volume":552,"time":"2022-05-11T12:08:00.000Z","is_complete":true},{"open":240,"high":240,"low":239.85,"close":239.99,"volume":2166,"time":"2022-05-11T12:09:00.000Z","is_complete":true},{"open":239.91,"high":239.97,"low":239.85,"close":239.87,"volume":1380,"time":"2022-05-11T12:10:00.000Z","is_complete":true},{"open":239.94,"high":240,"low":239.86,"close":239.99,"volume":1097,"time":"2022-05-11T12:11:00.000Z","is_complete":true},{"open":239.9,"high":240.32,"low":239.9,"close":240.32,"volume":3634,"time":"2022-05-11T12:12:00.000Z","is_complete":true},{"open":240.15,"high":240.31,"low":240.1,"close":240.29,"volume":1031,"time":"2022-05-11T12:13:00.000Z","is_complete":true},{"open":240.29,"high":240.4,"low":240.19,"close":240.3,"volume":1648,"time":"2022-05-11T12:14:00.000Z","is_complete":true},{"open":240.3,"high":240.32,"low":240.03,"close":240.14,"volume":1672,"time":"2022-05-11T12:15:00.000Z","is_complete":true},{"open":240.14,"high":240.3,"low":239.97,"close":240.19,"volume":1423,"time":"2022-05-11T12:16:00.000Z","is_complete":true},{"open":240.19,"high":240.3,"low":240.15,"close":240.25,"volume":668,"time":"2022-05-11T12:17:00.000Z","is_complete":true},{"open":240.3,"high":240.41,"low":240.25,"close":240.25,"volume":2265,"time":"2022-05-11T12:18:00.000Z","is_complete":true},{"open":240.37,"high":240.37,"low":240.1,"close":240.26,"volume":3203,"time":"2022-05-11T12:19:00.000Z","is_complete":true},{"open":240.25,"high":240.43,"low":240.25,"close":240.4,"volume":2305,"time":"2022-05-11T12:20:00.000Z","is_complete":true},{"open":240.42,"high":240.65,"low":240.31,"close":240.65,"volume":4831,"time":"2022-05-11T12:21:00.000Z","is_complete":true},{"open":240.65,"high":240.7,"low":240.6,"close":240.7,"volume":3350,"time":"2022-05-11T12:22:00.000Z","is_complete":true},{"open":240.71,"high":240.77,"low":240.7,"close":240.77,"volume":1972,"time":"2022-05-11T12:23:00.000Z","is_complete":true},{"open":240.77,"high":240.96,"low":240.75,"close":240.88,"volume":3494,"time":"2022-05-11T12:24:00.000Z","is_complete":true},{"open":240.88,"high":240.96,"low":240.8,"close":240.82,"volume":3666,"time":"2022-05-11T12:25:00.000Z","is_complete":true},{"open":240.82,"high":241.18,"low":240.8,"close":241.15,"volume":16794,"time":"2022-05-11T12:26:00.000Z","is_complete":true},{"open":241.15,"high":241.31,"low":241.15,"close":241.28,"volume":3808,"time":"2022-05-11T12:27:00.000Z","is_complete":true},{"open":241.27,"high":241.4,"low":241.1,"close":241.1,"volume":5165,"time":"2022-05-11T12:28:00.000Z","is_complete":true},{"open":241.4,"high":241.5,"low":241.12,"close":241.28,"volume":16915,"time":"2022-05-11T12:29:00.000Z","is_complete":true},{"open":241.35,"high":241.35,"low":241.02,"close":241.02,"volume":1159,"time":"2022-05-11T12:30:00.000Z","is_complete":true},{"open":241.13,"high":241.13,"low":241.02,"close":241.02,"volume":1083,"time":"2022-05-11T12:31:00.000Z","is_complete":true},{"open":241.03,"high":241.4,"low":241.02,"close":241.2,"volume":2691,"time":"2022-05-11T12:32:00.000Z","is_complete":true},{"open":241.2,"high":241.39,"low":241.2,"close":241.2,"volume":697,"time":"2022-05-11T12:33:00.000Z","is_complete":true},{"open":241.2,"high":241.36,"low":241.2,"close":241.28,"volume":334,"time":"2022-05-11T12:34:00.000Z","is_complete":true},{"open":241.2,"high":241.28,"low":241.2,"close":241.28,"volume":1377,"time":"2022-05-11T12:35:00.000Z","is_complete":true},{"open":241.2,"high":241.28,"low":241.2,"close":241.26,"volume":1257,"time":"2022-05-11T12:36:00.000Z","is_complete":true},{"open":241.2,"high":241.26,"low":241.2,"close":241.2,"volume":714,"time":"2022-05-11T12:37:00.000Z","is_complete":true},{"open":241.2,"high":241.26,"low":241.02,"close":241.02,"volume":1336,"time":"2022-05-11T12:38:00.000Z","is_complete":true},{"open":241.02,"high":241.2,"low":241.02,"close":241.03,"volume":1354,"time":"2022-05-11T12:39:00.000Z","is_complete":true},{"open":241.13,"high":241.13,"low":241.02,"close":241.02,"volume":2418,"time":"2022-05-11T12:40:00.000Z","is_complete":true},{"open":241.02,"high":241.12,"low":241.02,"close":241.03,"volume":888,"time":"2022-05-11T12:41:00.000Z","is_complete":true},{"open":241.05,"high":241.15,"low":241.05,"close":241.06,"volume":860,"time":"2022-05-11T12:42:00.000Z","is_complete":true},{"open":241.05,"high":241.1,"low":241.05,"close":241.06,"volume":910,"time":"2022-05-11T12:43:00.000Z","is_complete":true},{"open":241.1,"high":241.1,"low":241.05,"close":241.06,"volume":955,"time":"2022-05-11T12:44:00.000Z","is_complete":true},{"open":241.06,"high":241.07,"low":241.02,"close":241.07,"volume":1230,"time":"2022-05-11T12:45:00.000Z","is_complete":true},{"open":241.02,"high":241.07,"low":241.02,"close":241.02,"volume":2131,"time":"2022-05-11T12:46:00.000Z","is_complete":true},{"open":241.03,"high":241.07,"low":241.02,"close":241.07,"volume":1159,"time":"2022-05-11T12:47:00.000Z","is_complete":true},{"open":241.06,"high":241.06,"low":241.02,"close":241.03,"volume":7244,"time":"2022-05-11T12:48:00.000Z","is_complete":true},{"open":241.02,"high":241.06,"low":241.02,"close":241.02,"volume":2813,"time":"2022-05-11T12:49:00.000Z","is_complete":true},{"open":241.02,"high":241.05,"low":241.02,"close":241.05,"volume":671,"time":"2022-05-11T12:50:00.000Z","is_complete":true},{"open":241.04,"high":241.05,"low":241.02,"close":241.02,"volume":360,"time":"2022-05-11T12:51:00.000Z","is_complete":true},{"open":241.03,"high":241.03,"low":240.22,"close":240.23,"volume":4605,"time":"2022-05-11T12:52:00.000Z","is_complete":true},{"open":240.37,"high":240.5,"low":240.31,"close":240.36,"volume":621,"time":"2022-05-11T12:53:00.000Z","is_complete":true},{"open":240.35,"high":240.45,"low":240.31,"close":240.35,"volume":3601,"time":"2022-05-11T12:54:00.000Z","is_complete":true},{"open":240.35,"high":240.49,"low":240.32,"close":240.38,"volume":1695,"time":"2022-05-11T12:55:00.000Z","is_complete":true},{"open":240.36,"high":240.39,"low":240.32,"close":240.37,"volume":545,"time":"2022-05-11T12:56:00.000Z","is_complete":true},{"open":240.37,"high":240.37,"low":240.31,"close":240.31,"volume":2215,"time":"2022-05-11T12:57:00.000Z","is_complete":true},{"open":240.32,"high":240.32,"low":240.31,"close":240.31,"volume":3043,"time":"2022-05-11T12:58:00.000Z","is_complete":true},{"open":240.31,"high":240.32,"low":240.31,"close":240.32,"volume":6466,"time":"2022-05-11T12:59:00.000Z","is_complete":true},{"open":240.31,"high":240.32,"low":240.31,"close":240.31,"volume":3566,"time":"2022-05-11T13:00:00.000Z","is_complete":true},{"open":240.31,"high":240.5,"low":240.31,"close":240.39,"volume":914,"time":"2022-05-11T13:01:00.000Z","is_complete":true},{"open":240.49,"high":240.91,"low":240.46,"close":240.88,"volume":1000,"time":"2022-05-11T13:02:00.000Z","is_complete":true},{"open":240.86,"high":240.9,"low":240.75,"close":240.75,"volume":839,"time":"2022-05-11T13:03:00.000Z","is_complete":true},{"open":240.75,"high":240.85,"low":240.75,"close":240.76,"volume":1175,"time":"2022-05-11T13:04:00.000Z","is_complete":true},{"open":240.76,"high":240.85,"low":240.75,"close":240.75,"volume":2875,"time":"2022-05-11T13:05:00.000Z","is_complete":true},{"open":240.75,"high":240.84,"low":240.75,"close":240.8,"volume":511,"time":"2022-05-11T13:06:00.000Z","is_complete":true},{"open":240.76,"high":240.85,"low":240.75,"close":240.77,"volume":828,"time":"2022-05-11T13:07:00.000Z","is_complete":true},{"open":240.78,"high":240.88,"low":240.75,"close":240.88,"volume":402,"time":"2022-05-11T13:08:00.000Z","is_complete":true},{"open":240.88,"high":240.88,"low":240.75,"close":240.87,"volume":543,"time":"2022-05-11T13:09:00.000Z","is_complete":true},{"open":240.76,"high":240.87,"low":240.75,"close":240.75,"volume":572,"time":"2022-05-11T13:10:00.000Z","is_complete":true},{"open":240.75,"high":240.8,"low":240.3,"close":240.48,"volume":2567,"time":"2022-05-11T13:11:00.000Z","is_complete":true},{"open":240.48,"high":240.5,"low":240.31,"close":240.36,"volume":1008,"time":"2022-05-11T13:12:00.000Z","is_complete":true},{"open":240.39,"high":240.41,"low":240.31,"close":240.34,"volume":754,"time":"2022-05-11T13:13:00.000Z","is_complete":true},{"open":240.32,"high":240.5,"low":240.31,"close":240.37,"volume":2498,"time":"2022-05-11T13:14:00.000Z","is_complete":true},{"open":240.45,"high":240.5,"low":240.34,"close":240.49,"volume":398,"time":"2022-05-11T13:15:00.000Z","is_complete":true},{"open":240.35,"high":240.44,"low":240.32,"close":240.32,"volume":218,"time":"2022-05-11T13:16:00.000Z","is_complete":true},{"open":240.32,"high":240.4,"low":240.32,"close":240.33,"volume":441,"time":"2022-05-11T13:17:00.000Z","is_complete":true},{"open":240.39,"high":240.4,"low":240.32,"close":240.4,"volume":611,"time":"2022-05-11T13:18:00.000Z","is_complete":true},{"open":240.33,"high":240.4,"low":240.32,"close":240.33,"volume":662,"time":"2022-05-11T13:19:00.000Z","is_complete":true},{"open":240.33,"high":240.4,"low":240.33,"close":240.4,"volume":454,"time":"2022-05-11T13:20:00.000Z","is_complete":true},{"open":240.34,"high":240.4,"low":240.31,"close":240.31,"volume":815,"time":"2022-05-11T13:21:00.000Z","is_complete":true},{"open":240.4,"high":240.61,"low":240.31,"close":240.5,"volume":899,"time":"2022-05-11T13:22:00.000Z","is_complete":true},{"open":240.55,"high":240.68,"low":240.52,"close":240.66,"volume":377,"time":"2022-05-11T13:23:00.000Z","is_complete":true},{"open":240.55,"high":240.63,"low":240.41,"close":240.6,"volume":572,"time":"2022-05-11T13:24:00.000Z","is_complete":true},{"open":240.5,"high":240.6,"low":240.5,"close":240.5,"volume":523,"time":"2022-05-11T13:25:00.000Z","is_complete":true},{"open":240.5,"high":240.56,"low":240.4,"close":240.56,"volume":2259,"time":"2022-05-11T13:26:00.000Z","is_complete":true},{"open":240.51,"high":240.8,"low":240.5,"close":240.5,"volume":1223,"time":"2022-05-11T13:27:00.000Z","is_complete":true},{"open":240.6,"high":240.6,"low":240.45,"close":240.45,"volume":24,"time":"2022-05-11T13:28:00.000Z","is_complete":true},{"open":240.45,"high":240.58,"low":240.41,"close":240.45,"volume":338,"time":"2022-05-11T13:29:00.000Z","is_complete":true},{"open":240.56,"high":240.58,"low":240.4,"close":240.41,"volume":256,"time":"2022-05-11T13:30:00.000Z","is_complete":true},{"open":240.49,"high":240.52,"low":240.4,"close":240.4,"volume":1264,"time":"2022-05-11T13:31:00.000Z","is_complete":true},{"open":240.49,"high":240.58,"low":240.4,"close":240.5,"volume":443,"time":"2022-05-11T13:32:00.000Z","is_complete":true},{"open":240.46,"high":240.46,"low":240.41,"close":240.41,"volume":154,"time":"2022-05-11T13:33:00.000Z","is_complete":true},{"open":240.44,"high":240.5,"low":240.4,"close":240.48,"volume":705,"time":"2022-05-11T13:34:00.000Z","is_complete":true},{"open":240.41,"high":240.5,"low":240.4,"close":240.48,"volume":154,"time":"2022-05-11T13:35:00.000Z","is_complete":true},{"open":240.5,"high":240.66,"low":240.4,"close":240.4,"volume":1099,"time":"2022-05-11T13:36:00.000Z","is_complete":true},{"open":240.48,"high":240.53,"low":240.4,"close":240.53,"volume":419,"time":"2022-05-11T13:37:00.000Z","is_complete":true},{"open":240.4,"high":240.53,"low":240.4,"close":240.48,"volume":203,"time":"2022-05-11T13:38:00.000Z","is_complete":true},{"open":240.53,"high":240.53,"low":240.4,"close":240.5,"volume":238,"time":"2022-05-11T13:39:00.000Z","is_complete":true},{"open":240.49,"high":240.53,"low":240.49,"close":240.53,"volume":609,"time":"2022-05-11T13:40:00.000Z","is_complete":true},{"open":240.53,"high":240.53,"low":240.5,"close":240.5,"volume":262,"time":"2022-05-11T13:41:00.000Z","is_complete":true},{"open":240.5,"high":240.6,"low":240.5,"close":240.51,"volume":206,"time":"2022-05-11T13:42:00.000Z","is_complete":true},{"open":240.52,"high":240.63,"low":240.51,"close":240.61,"volume":1671,"time":"2022-05-11T13:43:00.000Z","is_complete":true},{"open":240.61,"high":240.7,"low":240.6,"close":240.69,"volume":857,"time":"2022-05-11T13:44:00.000Z","is_complete":true},{"open":240.69,"high":240.83,"low":240.69,"close":240.82,"volume":436,"time":"2022-05-11T13:45:00.000Z","is_complete":true},{"open":240.72,"high":240.82,"low":240.71,"close":240.75,"volume":309,"time":"2022-05-11T13:46:00.000Z","is_complete":true},{"open":240.73,"high":240.95,"low":240.73,"close":240.95,"volume":2302,"time":"2022-05-11T13:47:00.000Z","is_complete":true},{"open":240.95,"high":240.96,"low":240.9,"close":240.93,"volume":838,"time":"2022-05-11T13:48:00.000Z","is_complete":true},{"open":240.9,"high":240.99,"low":240.9,"close":240.98,"volume":2738,"time":"2022-05-11T13:49:00.000Z","is_complete":true},{"open":240.99,"high":241.05,"low":240.9,"close":240.9,"volume":3124,"time":"2022-05-11T13:50:00.000Z","is_complete":true},{"open":240.9,"high":240.98,"low":240.9,"close":240.9,"volume":2587,"time":"2022-05-11T13:51:00.000Z","is_complete":true},{"open":240.9,"high":240.95,"low":240.9,"close":240.9,"volume":2457,"time":"2022-05-11T13:52:00.000Z","is_complete":true},{"open":240.9,"high":240.94,"low":240.9,"close":240.9,"volume":724,"time":"2022-05-11T13:53:00.000Z","is_complete":true},{"open":240.95,"high":240.95,"low":240.9,"close":240.91,"volume":1988,"time":"2022-05-11T13:54:00.000Z","is_complete":true},{"open":240.91,"high":240.94,"low":240.9,"close":240.9,"volume":525,"time":"2022-05-11T13:55:00.000Z","is_complete":true},{"open":240.9,"high":240.92,"low":240.9,"close":240.92,"volume":543,"time":"2022-05-11T13:56:00.000Z","is_complete":true},{"open":240.91,"high":240.95,"low":240.91,"close":240.94,"volume":842,"time":"2022-05-11T13:57:00.000Z","is_complete":true},{"open":240.91,"high":240.95,"low":240.9,"close":240.9,"volume":593,"time":"2022-05-11T13:58:00.000Z","is_complete":true},{"open":240.9,"high":240.94,"low":240.9,"close":240.9,"volume":603,"time":"2022-05-11T13:59:00.000Z","is_complete":true},{"open":240.91,"high":240.91,"low":240.7,"close":240.78,"volume":1665,"time":"2022-05-11T14:00:00.000Z","is_complete":true},{"open":240.78,"high":240.78,"low":240.7,"close":240.7,"volume":421,"time":"2022-05-11T14:01:00.000Z","is_complete":true},{"open":240.76,"high":240.8,"low":240.7,"close":240.78,"volume":675,"time":"2022-05-11T14:02:00.000Z","is_complete":true},{"open":240.75,"high":240.75,"low":240.7,"close":240.7,"volume":2855,"time":"2022-05-11T14:03:00.000Z","is_complete":true},{"open":240.7,"high":240.74,"low":240.7,"close":240.7,"volume":460,"time":"2022-05-11T14:04:00.000Z","is_complete":true},{"open":240.7,"high":240.74,"low":240.7,"close":240.7,"volume":1451,"time":"2022-05-11T14:05:00.000Z","is_complete":true},{"open":240.7,"high":240.74,"low":240.7,"close":240.7,"volume":1508,"time":"2022-05-11T14:06:00.000Z","is_complete":true},{"open":240.7,"high":240.74,"low":240.7,"close":240.71,"volume":1702,"time":"2022-05-11T14:07:00.000Z","is_complete":true},{"open":240.74,"high":240.8,"low":240.7,"close":240.75,"volume":2799,"time":"2022-05-11T14:08:00.000Z","is_complete":true},{"open":240.75,"high":240.81,"low":240.75,"close":240.78,"volume":98,"time":"2022-05-11T14:09:00.000Z","is_complete":true},{"open":240.81,"high":240.89,"low":240.75,"close":240.85,"volume":387,"time":"2022-05-11T14:10:00.000Z","is_complete":true},{"open":240.77,"high":240.87,"low":240.76,"close":240.77,"volume":210,"time":"2022-05-11T14:11:00.000Z","is_complete":true},{"open":240.83,"high":240.83,"low":240.72,"close":240.72,"volume":1301,"time":"2022-05-11T14:12:00.000Z","is_complete":true},{"open":240.72,"high":240.88,"low":240.72,"close":240.81,"volume":1566,"time":"2022-05-11T14:13:00.000Z","is_complete":true},{"open":240.87,"high":240.88,"low":240.81,"close":240.86,"volume":470,"time":"2022-05-11T14:14:00.000Z","is_complete":true},{"open":240.87,"high":240.87,"low":240.81,"close":240.81,"volume":295,"time":"2022-05-11T14:15:00.000Z","is_complete":true},{"open":240.81,"high":240.83,"low":240.81,"close":240.82,"volume":632,"time":"2022-05-11T14:16:00.000Z","is_complete":true},{"open":240.81,"high":240.83,"low":240.81,"close":240.83,"volume":256,"time":"2022-05-11T14:17:00.000Z","is_complete":true},{"open":240.82,"high":240.85,"low":240.82,"close":240.82,"volume":191,"time":"2022-05-11T14:18:00.000Z","is_complete":true},{"open":240.82,"high":240.85,"low":240.81,"close":240.81,"volume":3724,"time":"2022-05-11T14:19:00.000Z","is_complete":true},{"open":240.82,"high":240.89,"low":240.81,"close":240.87,"volume":380,"time":"2022-05-11T14:20:00.000Z","is_complete":true},{"open":240.83,"high":240.9,"low":240.83,"close":240.9,"volume":355,"time":"2022-05-11T14:21:00.000Z","is_complete":true},{"open":240.87,"high":241.06,"low":240.81,"close":241.04,"volume":3767,"time":"2022-05-11T14:22:00.000Z","is_complete":true},{"open":241,"high":241.17,"low":241,"close":241.07,"volume":3119,"time":"2022-05-11T14:23:00.000Z","is_complete":true},{"open":241.15,"high":241.19,"low":241.06,"close":241.15,"volume":1617,"time":"2022-05-11T14:24:00.000Z","is_complete":true},{"open":241.15,"high":241.19,"low":241.08,"close":241.15,"volume":593,"time":"2022-05-11T14:25:00.000Z","is_complete":true},{"open":241.16,"high":241.19,"low":241.08,"close":241.11,"volume":741,"time":"2022-05-11T14:26:00.000Z","is_complete":true},{"open":241.15,"high":241.2,"low":241.09,"close":241.2,"volume":913,"time":"2022-05-11T14:27:00.000Z","is_complete":true},{"open":241.11,"high":241.3,"low":241.1,"close":241.23,"volume":1082,"time":"2022-05-11T14:28:00.000Z","is_complete":true},{"open":241.3,"high":241.3,"low":241.1,"close":241.2,"volume":512,"time":"2022-05-11T14:29:00.000Z","is_complete":true},{"open":241.2,"high":241.29,"low":241.15,"close":241.29,"volume":603,"time":"2022-05-11T14:30:00.000Z","is_complete":true},{"open":241.29,"high":241.29,"low":241.16,"close":241.23,"volume":242,"time":"2022-05-11T14:31:00.000Z","is_complete":true},{"open":241.16,"high":241.4,"low":241.16,"close":241.4,"volume":2947,"time":"2022-05-11T14:32:00.000Z","is_complete":true},{"open":241.31,"high":241.4,"low":241.31,"close":241.36,"volume":531,"time":"2022-05-11T14:33:00.000Z","is_complete":true},{"open":241.4,"high":241.44,"low":241.36,"close":241.37,"volume":425,"time":"2022-05-11T14:34:00.000Z","is_complete":true},{"open":241.43,"high":241.7,"low":241.37,"close":241.7,"volume":5526,"time":"2022-05-11T14:35:00.000Z","is_complete":true},{"open":241.68,"high":241.79,"low":241.55,"close":241.7,"volume":2027,"time":"2022-05-11T14:36:00.000Z","is_complete":true},{"open":241.7,"high":241.71,"low":241.65,"close":241.71,"volume":974,"time":"2022-05-11T14:37:00.000Z","is_complete":true},{"open":241.71,"high":241.76,"low":241.64,"close":241.67,"volume":2998,"time":"2022-05-11T14:38:00.000Z","is_complete":true},{"open":241.67,"high":241.78,"low":241.64,"close":241.76,"volume":6975,"time":"2022-05-11T14:39:00.000Z","is_complete":true},{"open":241.75,"high":242.01,"low":241.75,"close":241.98,"volume":27408,"time":"2022-05-11T14:40:00.000Z","is_complete":true},{"open":241.98,"high":242.1,"low":241.85,"close":242.1,"volume":10037,"time":"2022-05-11T14:41:00.000Z","is_complete":true},{"open":242.08,"high":242.35,"low":242,"close":242.23,"volume":8073,"time":"2022-05-11T14:42:00.000Z","is_complete":true},{"open":242.23,"high":242.23,"low":241.35,"close":241.37,"volume":8313,"time":"2022-05-11T14:43:00.000Z","is_complete":true},{"open":241.48,"high":241.97,"low":241.39,"close":241.84,"volume":2059,"time":"2022-05-11T14:44:00.000Z","is_complete":true},{"open":241.82,"high":242.12,"low":241.82,"close":242.01,"volume":5157,"time":"2022-05-11T14:45:00.000Z","is_complete":true},{"open":242.09,"high":242.12,"low":241.98,"close":242.12,"volume":1641,"time":"2022-05-11T14:46:00.000Z","is_complete":true},{"open":242.12,"high":242.26,"low":242.09,"close":242.26,"volume":3843,"time":"2022-05-11T14:47:00.000Z","is_complete":true},{"open":242.2,"high":242.3,"low":242.18,"close":242.24,"volume":2134,"time":"2022-05-11T14:48:00.000Z","is_complete":true},{"open":242.24,"high":242.26,"low":242.19,"close":242.26,"volume":1782,"time":"2022-05-11T14:49:00.000Z","is_complete":true},{"open":242.21,"high":242.25,"low":242,"close":242.01,"volume":2150,"time":"2022-05-11T14:50:00.000Z","is_complete":true},{"open":242.01,"high":242.02,"low":241.69,"close":241.78,"volume":2247,"time":"2022-05-11T14:51:00.000Z","is_complete":true},{"open":241.8,"high":242,"low":241.8,"close":241.88,"volume":1723,"time":"2022-05-11T14:52:00.000Z","is_complete":true},{"open":241.88,"high":242,"low":241.8,"close":241.99,"volume":956,"time":"2022-05-11T14:53:00.000Z","is_complete":true},{"open":241.97,"high":242,"low":241.84,"close":241.99,"volume":1272,"time":"2022-05-11T14:54:00.000Z","is_complete":true},{"open":241.99,"high":241.99,"low":241.87,"close":241.88,"volume":84,"time":"2022-05-11T14:55:00.000Z","is_complete":true},{"open":241.87,"high":241.9,"low":241.75,"close":241.87,"volume":1723,"time":"2022-05-11T14:56:00.000Z","is_complete":true},{"open":241.81,"high":241.9,"low":241.77,"close":241.83,"volume":1855,"time":"2022-05-11T14:57:00.000Z","is_complete":true},{"open":241.82,"high":241.9,"low":241.65,"close":241.88,"volume":1245,"time":"2022-05-11T14:58:00.000Z","is_complete":true},{"open":241.88,"high":241.88,"low":241.73,"close":241.75,"volume":872,"time":"2022-05-11T14:59:00.000Z","is_complete":true},{"open":241.84,"high":241.9,"low":241.64,"close":241.77,"volume":985,"time":"2022-05-11T15:00:00.000Z","is_complete":true},{"open":241.88,"high":241.9,"low":241.51,"close":241.78,"volume":1234,"time":"2022-05-11T15:01:00.000Z","is_complete":true},{"open":241.82,"high":241.82,"low":241.67,"close":241.68,"volume":845,"time":"2022-05-11T15:02:00.000Z","is_complete":true},{"open":241.75,"high":241.8,"low":241.61,"close":241.75,"volume":593,"time":"2022-05-11T15:03:00.000Z","is_complete":true},{"open":241.75,"high":241.87,"low":241.75,"close":241.76,"volume":536,"time":"2022-05-11T15:04:00.000Z","is_complete":true},{"open":241.75,"high":241.8,"low":241.75,"close":241.8,"volume":565,"time":"2022-05-11T15:05:00.000Z","is_complete":true},{"open":241.79,"high":241.8,"low":241.75,"close":241.78,"volume":791,"time":"2022-05-11T15:06:00.000Z","is_complete":true},{"open":241.78,"high":241.9,"low":241.75,"close":241.83,"volume":1909,"time":"2022-05-11T15:07:00.000Z","is_complete":true},{"open":241.77,"high":242,"low":241.75,"close":241.98,"volume":1821,"time":"2022-05-11T15:08:00.000Z","is_complete":true},{"open":242,"high":242,"low":241.88,"close":241.99,"volume":4556,"time":"2022-05-11T15:09:00.000Z","is_complete":true},{"open":241.98,"high":242.1,"low":241.75,"close":242.1,"volume":2614,"time":"2022-05-11T15:10:00.000Z","is_complete":true},{"open":242.1,"high":242.2,"low":241.96,"close":242.18,"volume":1403,"time":"2022-05-11T15:11:00.000Z","is_complete":true},{"open":242.11,"high":242.16,"low":242,"close":242.1,"volume":718,"time":"2022-05-11T15:12:00.000Z","is_complete":true},{"open":242.11,"high":242.12,"low":242,"close":242.01,"volume":3202,"time":"2022-05-11T15:13:00.000Z","is_complete":true},{"open":242,"high":242.01,"low":241.75,"close":241.77,"volume":823,"time":"2022-05-11T15:14:00.000Z","is_complete":true},{"open":241.86,"high":242.01,"low":241.81,"close":242.01,"volume":3282,"time":"2022-05-11T15:15:00.000Z","is_complete":true},{"open":242.01,"high":242.13,"low":241.87,"close":241.99,"volume":2465,"time":"2022-05-11T15:16:00.000Z","is_complete":true},{"open":242.03,"high":242.15,"low":241.94,"close":242.13,"volume":1062,"time":"2022-05-11T15:17:00.000Z","is_complete":true},{"open":242.14,"high":242.28,"low":242.07,"close":242.28,"volume":4773,"time":"2022-05-11T15:18:00.000Z","is_complete":true},{"open":242.28,"high":242.4,"low":242.21,"close":242.27,"volume":11021,"time":"2022-05-11T15:19:00.000Z","is_complete":true},{"open":242.27,"high":242.35,"low":242.14,"close":242.3,"volume":5152,"time":"2022-05-11T15:20:00.000Z","is_complete":true},{"open":242.27,"high":242.35,"low":242.2,"close":242.3,"volume":4683,"time":"2022-05-11T15:21:00.000Z","is_complete":true},{"open":242.2,"high":242.3,"low":242.14,"close":242.14,"volume":1364,"time":"2022-05-11T15:22:00.000Z","is_complete":true},{"open":242.27,"high":242.35,"low":242.17,"close":242.3,"volume":3355,"time":"2022-05-11T15:23:00.000Z","is_complete":true},{"open":242.3,"high":242.3,"low":241.99,"close":242.01,"volume":5135,"time":"2022-05-11T15:24:00.000Z","is_complete":true},{"open":242.1,"high":242.29,"low":241.95,"close":242.17,"volume":1538,"time":"2022-05-11T15:25:00.000Z","is_complete":true},{"open":242.17,"high":242.2,"low":242.08,"close":242.12,"volume":627,"time":"2022-05-11T15:26:00.000Z","is_complete":true},{"open":242.18,"high":242.21,"low":242.08,"close":242.21,"volume":955,"time":"2022-05-11T15:27:00.000Z","is_complete":true},{"open":242.2,"high":242.21,"low":242.15,"close":242.21,"volume":1257,"time":"2022-05-11T15:28:00.000Z","is_complete":true},{"open":242.21,"high":242.21,"low":242.15,"close":242.15,"volume":1908,"time":"2022-05-11T15:29:00.000Z","is_complete":true},{"open":242.22,"high":242.29,"low":242.15,"close":242.2,"volume":1768,"time":"2022-05-11T15:30:00.000Z","is_complete":true},{"open":242.17,"high":242.35,"low":242.15,"close":242.31,"volume":5704,"time":"2022-05-11T15:31:00.000Z","is_complete":true},{"open":242.31,"high":242.41,"low":242.31,"close":242.41,"volume":1889,"time":"2022-05-11T15:32:00.000Z","is_complete":true},{"open":242.33,"high":242.41,"low":242.23,"close":242.3,"volume":981,"time":"2022-05-11T15:33:00.000Z","is_complete":true},{"open":242.24,"high":242.39,"low":242.2,"close":242.21,"volume":1963,"time":"2022-05-11T15:34:00.000Z","is_complete":true},{"open":242.21,"high":242.21,"low":242.15,"close":242.21,"volume":4715,"time":"2022-05-11T15:35:00.000Z","is_complete":true},{"open":242.21,"high":242.25,"low":242.15,"close":242.19,"volume":2297,"time":"2022-05-11T15:36:00.000Z","is_complete":true},{"open":242.19,"high":242.2,"low":241.73,"close":241.94,"volume":10463,"time":"2022-05-11T15:37:00.000Z","is_complete":true},{"open":241.94,"high":242,"low":241.88,"close":241.99,"volume":2474,"time":"2022-05-11T15:38:00.000Z","is_complete":true},{"open":241.98,"high":242,"low":241.88,"close":241.99,"volume":3590,"time":"2022-05-11T15:39:00.000Z","is_complete":true},{"open":241.99,"high":241.99,"low":241.99,"close":241.99,"volume":4093,"time":"2022-05-11T15:45:00.000Z","is_complete":true},{"open":241.99,"high":241.99,"low":241.99,"close":241.99,"volume":616,"time":"2022-05-11T15:46:00.000Z","is_complete":true},{"open":241.99,"high":241.99,"low":241.99,"close":241.99,"volume":38,"time":"2022-05-11T15:47:00.000Z","is_complete":true},{"open":241.99,"high":241.99,"low":241.99,"close":241.99,"volume":71,"time":"2022-05-11T15:48:00.000Z","is_complete":true},{"open":241.99,"high":241.99,"low":241.99,"close":241.99,"volume":436,"time":"2022-05-11T15:49:00.000Z","is_complete":true}]}