{"candles":[{"open":133.48,"high":133.49,"low":133.2,"close":133.45,"volume":3413,"time":"2022-05-06T07:00:00.000Z","is_complete":true},{"open":133.44,"high":133.44,"low":133.04,"close":133.04,"volume":17656,"time":"2022-05-06T07:01:00.000Z","is_complete":true},{"open":133.05,"high":133.4,"low":133.04,"close":133.1,"volume":9250,"time":"2022-05-06T07:02:00.000Z","is_complete":true},{"open":133.1,"high":133.25,"low":133.1,"close":133.16,"volume":192,"time":"2022-05-06T07:03:00.000Z","is_complete":true},{"open":133.25,"high":133.27,"low":133.16,"close":133.27,"volume":339,"time":"2022-05-06T07:04:00.000Z","is_complete":true},{"open":133.27,"high":133.39,"low":133.26,"close":133.26,"volume":3028,"time":"2022-05-06T07:05:00.000Z","is_complete":true},{"open":133.3,"high":133.4,"low":133.26,"close":133.4,"volume":4216,"time":"2022-05-06T07:06:00.000Z","is_complete":true},{"open":133.34,"high":133.5,"low":133.3,"close":133.5,"volume":7950,"time":"2022-05-06T07:07:00.000Z","is_complete":true},{"open":133.5,"high":133.54,"low":133.25,"close":133.49,"volume":8410,"time":"2022-05-06T07:08:00.000Z","is_complete":true},{"open":133.49,"high":133.49,"low":133.16,"close":133.16,"volume":5021,"time":"2022-05-06T07:09:00.000Z","is_complete":true},{"open":133.31,"high":133.31,"low":133.11,"close":133.11,"volume":5414,"time":"2022-05-06T07:10:00.000Z","is_complete":true},{"open":133.17,"high":133.17,"low":133.04,"close":133.04,"volume":4599,"time":"2022-05-06T07:11:00.000Z","is_complete":true},{"open":133.04,"high":133.04,"low":131.48,"close":131.91,"volume":37385,"time":"2022-05-06T07:12:00.000Z","is_complete":true},{"open":131.91,"high":132.18,"low":131.88,"close":132,"volume":6575,"time":"2022-05-06T07:13:00.000Z","is_complete":true},{"open":132,"high":132.01,"low":131.7,"close":131.7,"volume":7914,"time":"2022-05-06T07:14:00.000Z","is_complete":true},{"open":131.7,"high":131.91,"low":130.88,"close":131.61,"volume":29540,"time":"2022-05-06T07:15:00.000Z","is_complete":true},{"open":131.4,"high":131.66,"low":131.07,"close":131.22,"volume":11968,"time":"2022-05-06T07:16:00.000Z","is_complete":true},{"open":131.3,"high":131.43,"low":131.05,"close":131.05,"volume":3329,"time":"2022-05-06T07:17:00.000Z","is_complete":true},{"open":131.05,"high":131.37,"low":130.51,"close":131.1,"volume":17170,"time":"2022-05-06T07:18:00.000Z","is_complete":true},{"open":131.16,"high":131.27,"low":130.71,"close":130.71,"volume":8199,"time":"2022-05-06T07:19:00.000Z","is_complete":true},{"open":130.91,"high":131,"low":130.53,"close":131,"volume":6306,"time":"2022-05-06T07:20:00.000Z","is_complete":true},{"open":130.99,"high":131.94,"low":130.94,"close":131.54,"volume":13737,"time":"2022-05-06T07:21:00.000Z","is_complete":true},{"open":131.8,"high":132.42,"low":131.35,"close":131.9,"volume":8483,"time":"2022-05-06T07:22:00.000Z","is_complete":true},{"open":131.9,"high":132.34,"low":131.7,"close":132.3,"volume":7679,"time":"2022-05-06T07:23:00.000Z","is_complete":true},{"open":132.29,"high":132.29,"low":131.97,"close":131.97,"volume":2233,"time":"2022-05-06T07:24:00.000Z","is_complete":true},{"open":132.05,"high":132.11,"low":131.23,"close":131.68,"volume":9707,"time":"2022-05-06T07:25:00.000Z","is_complete":true},{"open":131.56,"high":131.87,"low":131.54,"close":131.83,"volume":808,"time":"2022-05-06T07:26:00.000Z","is_complete":true},{"open":131.8,"high":131.87,"low":131.8,"close":131.87,"volume":579,"time":"2022-05-06T07:27:00.000Z","is_complete":true},{"open":131.8,"high":131.87,"low":131,"close":131.04,"volume":7624,"time":"2022-05-06T07:28:00.000Z","is_complete":true},{"open":131.35,"high":131.53,"low":131.02,"close":131.5,"volume":1450,"time":"2022-05-06T07:29:00.000Z","is_complete":true},{"open":131.4,"high":131.59,"low":131.2,"close":131.59,"volume":129,"time":"2022-05-06T07:30:00.000Z","is_complete":true},{"open":131.5,"high":131.75,"low":130.93,"close":130.93,"volume":5201,"time":"2022-05-06T07:31:00.000Z","is_complete":true},{"open":131.3,"high":131.54,"low":131.12,"close":131.49,"volume":1041,"time":"2022-05-06T07:32:00.000Z","is_complete":true},{"open":131.29,"high":131.29,"low":130.9,"close":131.26,"volume":2289,"time":"2022-05-06T07:33:00.000Z","is_complete":true},{"open":131.16,"high":131.16,"low":131,"close":131,"volume":231,"time":"2022-05-06T07:34:00.000Z","is_complete":true},{"open":131.13,"high":131.19,"low":131,"close":131,"volume":189,"time":"2022-05-06T07:35:00.000Z","is_complete":true},{"open":131.15,"high":131.63,"low":131.15,"close":131.32,"volume":5920,"time":"2022-05-06T07:36:00.000Z","is_complete":true},{"open":131.21,"high":131.3,"low":131.21,"close":131.26,"volume":577,"time":"2022-05-06T07:37:00.000Z","is_complete":true},{"open":131.28,"high":131.4,"low":131.26,"close":131.39,"volume":334,"time":"2022-05-06T07:38:00.000Z","is_complete":true},{"open":131.39,"high":131.7,"low":131.34,"close":131.7,"volume":2163,"time":"2022-05-06T07:39:00.000Z","is_complete":true},{"open":131.6,"high":131.64,"low":131.26,"close":131.28,"volume":501,"time":"2022-05-06T07:40:00.000Z","is_complete":true},{"open":131.48,"high":131.48,"low":131.31,"close":131.4,"volume":79,"time":"2022-05-06T07:41:00.000Z","is_complete":true},{"open":131.31,"high":131.36,"low":131.31,"close":131.36,"volume":253,"time":"2022-05-06T07:42:00.000Z","is_complete":true},{"open":131.4,"high":131.4,"low":131.3,"close":131.37,"volume":319,"time":"2022-05-06T07:43:00.000Z","is_complete":true},{"open":131.28,"high":131.35,"low":131.23,"close":131.23,"volume":1565,"time":"2022-05-06T07:44:00.000Z","is_complete":true},{"open":131.28,"high":131.4,"low":131.24,"close":131.29,"volume":2143,"time":"2022-05-06T07:45:00.000Z","is_complete":true},{"open":131.3,"high":131.6,"low":131.15,"close":131.34,"volume":11920,"time":"2022-05-06T07:46:00.000Z","is_complete":true},{"open":131.22,"high":131.6,"low":131.22,"close":131.6,"volume":4487,"time":"2022-05-06T07:47:00.000Z","is_complete":true},{"open":131.59,"high":131.59,"low":131.43,"close":131.43,"volume":277,"time":"2022-05-06T07:48:00.000Z","is_complete":true},{"open":131.55,"high":131.55,"low":131.43,"close":131.5,"volume":460,"time":"2022-05-06T07:49:00.000Z","is_complete":true},{"open":131.52,"high":131.53,"low":131.43,"close":131.51,"volume":831,"time":"2022-05-06T07:50:00.000Z","is_complete":true},{"open":131.5,"high":131.5,"low":131.35,"close":131.44,"volume":1208,"time":"2022-05-06T07:51:00.000Z","is_complete":true},{"open":131.35,"high":131.4,"low":131.23,"close":131.4,"volume":460,"time":"2022-05-06T07:52:00.000Z","is_complete":true},{"open":131.38,"high":131.38,"low":131.19,"close":131.19,"volume":1639,"time":"2022-05-06T07:53:00.000Z","is_complete":true},{"open":131.2,"high":131.3,"low":131.15,"close":131.15,"volume":4607,"time":"2022-05-06T07:54:00.000Z","is_complete":true},{"open":131.29,"high":131.29,"low":131.16,"close":131.16,"volume":299,"time":"2022-05-06T07:55:00.000Z","is_complete":true},{"open":131.27,"high":131.28,"low":131.18,"close":131.18,"volume":674,"time":"2022-05-06T07:56:00.000Z","is_complete":true},{"open":131.2,"high":131.25,"low":131.19,"close":131.19,"volume":4777,"time":"2022-05-06T07:57:00.000Z","is_complete":true},{"open":131.19,"high":131.31,"low":131.19,"close":131.22,"volume":800,"time":"2022-05-06T07:58:00.000Z","is_complete":true},{"open":131.27,"high":131.27,"low":131.19,"close":131.26,"volume":736,"time":"2022-05-06T07:59:00.000Z","is_complete":true},{"open":131.26,"high":131.36,"low":131.19,"close":131.19,"volume":452,"time":"2022-05-06T08:00:00.000Z","is_complete":true},{"open":131.23,"high":131.23,"low":131.19,"close":131.2,"volume":323,"time":"2022-05-06T08:01:00.000Z","is_complete":true},{"open":131.2,"high":131.22,"low":131.18,"close":131.18,"volume":4703,"time":"2022-05-06T08:02:00.000Z","is_complete":true},{"open":131.18,"high":131.35,"low":131.18,"close":131.35,"volume":1515,"time":"2022-05-06T08:03:00.000Z","is_complete":true},{"open":131.34,"high":131.34,"low":131.31,"close":131.33,"volume":83,"time":"2022-05-06T08:04:00.000Z","is_complete":true},{"open":131.33,"high":131.34,"low":131.31,"close":131.32,"volume":732,"time":"2022-05-06T08:05:00.000Z","is_complete":true},{"open":131.33,"high":131.33,"low":131.15,"close":131.3,"volume":7544,"time":"2022-05-06T08:06:00.000Z","is_complete":true},{"open":131.27,"high":131.3,"low":131.16,"close":131.29,"volume":1369,"time":"2022-05-06T08:07:00.000Z","is_complete":true},{"open":131.17,"high":131.25,"low":131.15,"close":131.22,"volume":789,"time":"2022-05-06T08:08:00.000Z","is_complete":true},{"open":131.22,"high":131.22,"low":131.15,"close":131.15,"volume":326,"time":"2022-05-06T08:09:00.000Z","is_complete":true},{"open":131.16,"high":131.2,"low":131.15,"close":131.2,"volume":734,"time":"2022-05-06T08:10:00.000Z","is_complete":true},{"open":131.15,"high":131.25,"low":131.15,"close":131.19,"volume":899,"time":"2022-05-06T08:11:00.000Z","is_complete":true},{"open":131.2,"high":131.2,"low":131.16,"close":131.16,"volume":555,"time":"2022-05-06T08:12:00.000Z","is_complete":true},{"open":131.16,"high":131.17,"low":131.15,"close":131.17,"volume":1516,"time":"2022-05-06T08:13:00.000Z","is_complete":true},{"open":131.17,"high":131.5,"low":131.15,"close":131.3,"volume":4514,"time":"2022-05-06T08:14:00.000Z","is_complete":true},{"open":131.29,"high":131.4,"low":131.29,"close":131.39,"volume":489,"time":"2022-05-06T08:15:00.000Z","is_complete":true},{"open":131.3,"high":131.38,"low":131.25,"close":131.25,"volume":133,"time":"2022-05-06T08:16:00.000Z","is_complete":true},{"open":131.24,"high":131.55,"low":131.22,"close":131.49,"volume":1630,"time":"2022-05-06T08:17:00.000Z","is_complete":true},{"open":131.36,"high":131.55,"low":131.36,"close":131.55,"volume":516,"time":"2022-05-06T08:18:00.000Z","is_complete":true},{"open":131.54,"high":131.7,"low":131.35,"close":131.7,"volume":1511,"time":"2022-05-06T08:19:00.000Z","is_complete":true},{"open":131.69,"high":131.69,"low":131.5,"close":131.5,"volume":1752,"time":"2022-05-06T08:20:00.000Z","is_complete":true},{"open":131.52,"high":131.65,"low":131.51,"close":131.59,"volume":1513,"time":"2022-05-06T08:21:00.000Z","is_complete":true},{"open":131.59,"high":131.76,"low":131.52,"close":131.75,"volume":2265,"time":"2022-05-06T08:22:00.000Z","is_complete":true},{"open":131.69,"high":131.87,"low":131.68,"close":131.68,"volume":3417,"time":"2022-05-06T08:23:00.000Z","is_complete":true},{"open":131.8,"high":131.98,"low":131.8,"close":131.82,"volume":6029,"time":"2022-05-06T08:24:00.000Z","is_complete":true},{"open":131.86,"high":131.97,"low":131.8,"close":131.95,"volume":2136,"time":"2022-05-06T08:25:00.000Z","is_complete":true},{"open":131.96,"high":132,"low":131.8,"close":132,"volume":5416,"time":"2022-05-06T08:26:00.000Z","is_complete":true},{"open":131.85,"high":131.97,"low":131.8,"close":131.94,"volume":405,"time":"2022-05-06T08:27:00.000Z","is_complete":true},{"open":131.8,"high":131.8,"low":131.65,"close":131.8,"volume":872,"time":"2022-05-06T08:28:00.000Z","is_complete":true},{"open":131.79,"high":131.79,"low":131.7,"close":131.7,"volume":317,"time":"2022-05-06T08:29:00.000Z","is_complete":true},{"open":131.7,"high":131.92,"low":131.66,"close":131.92,"volume":2461,"time":"2022-05-06T08:30:00.000Z","is_complete":true},{"open":131.89,"high":131.94,"low":131.6,"close":131.6,"volume":12855,"time":"2022-05-06T08:31:00.000Z","is_complete":true},{"open":131.71,"high":131.71,"low":131.41,"close":131.52,"volume":5564,"time":"2022-05-06T08:32:00.000Z","is_complete":true},{"open":131.47,"high":131.47,"low":131.25,"close":131.3,"volume":3090,"time":"2022-05-06T08:33:00.000Z","is_complete":true},{"open":131.36,"high":131.36,"low":131.15,"close":131.15,"volume":4380,"time":"2022-05-06T08:34:00.000Z","is_complete":true},{"open":131.15,"high":131.23,"low":131.15,"close":131.16,"volume":653,"time":"2022-05-06T08:35:00.000Z","is_complete":true},{"open":131.19,"high":131.22,"low":131.18,"close":131.2,"volume":530,"time":"2022-05-06T08:36:00.000Z","is_complete":true},{"open":131.21,"high":131.51,"low":131.18,"close":131.46,"volume":9367,"time":"2022-05-06T08:37:00.000Z","is_complete":true},{"open":131.37,"high":131.48,"low":131.37,"close":131.48,"volume":1052,"time":"2022-05-06T08:38:00.000Z","is_complete":true},{"open":131.46,"high":131.51,"low":131.46,"close":131.47,"volume":1014,"time":"2022-05-06T08:39:00.000Z","is_complete":true},{"open":131.33,"high":131.4,"low":131.24,"close":131.4,"volume":656,"time":"2022-05-06T08:40:00.000Z","is_complete":true},{"open":131.25,"high":131.85,"low":131.24,"close":131.67,"volume":8078,"time":"2022-05-06T08:41:00.000Z","is_complete":true},{"open":131.45,"high":131.7,"low":131.3,"close":131.7,"volume":681,"time":"2022-05-06T08:42:00.000Z","is_complete":true},{"open":131.68,"high":131.68,"low":131.38,"close":131.4,"volume":1178,"time":"2022-05-06T08:43:00.000Z","is_complete":true},{"open":131.42,"high":131.55,"low":131.39,"close":131.41,"volume":1154,"time":"2022-05-06T08:44:00.000Z","is_complete":true},{"open":131.49,"high":131.5,"low":130.5,"close":131.03,"volume":40379,"time":"2022-05-06T08:45:00.000Z","is_complete":true},{"open":131.03,"high":131.05,"low":130.5,"close":130.76,"volume":2187,"time":"2022-05-06T08:46:00.000Z","is_complete":true},{"open":130.68,"high":130.79,"low":130.61,"close":130.78,"volume":1018,"time":"2022-05-06T08:47:00.000Z","is_complete":true},{"open":130.78,"high":130.95,"low":130.78,"close":130.95,"volume":1454,"time":"2022-05-06T08:48:00.000Z","is_complete":true},{"open":130.96,"high":131.02,"low":130.9,"close":131,"volume":1864,"time":"2022-05-06T08:49:00.000Z","is_complete":true},{"open":131.01,"high":131.06,"low":130.9,"close":130.95,"volume":3056,"time":"2022-05-06T08:50:00.000Z","is_complete":true},{"open":131.02,"high":131.03,"low":130.95,"close":131.02,"volume":341,"time":"2022-05-06T08:51:00.000Z","is_complete":true},{"open":131.02,"high":131.02,"low":130.95,"close":130.95,"volume":977,"time":"2022-05-06T08:52:00.000Z","is_complete":true},{"open":130.9,"high":131,"low":130.8,"close":130.96,"volume":2543,"time":"2022-05-06T08:53:00.000Z","is_complete":true},{"open":130.95,"high":130.96,"low":130.94,"close":130.94,"volume":562,"time":"2022-05-06T08:54:00.000Z","is_complete":true},{"open":130.9,"high":131.01,"low":130.9,"close":130.99,"volume":2738,"time":"2022-05-06T08:55:00.000Z","is_complete":true},{"open":131,"high":131,"low":130.9,"close":130.9,"volume":1407,"time":"2022-05-06T08:56:00.000Z","is_complete":true},{"open":130.91,"high":130.96,"low":130.9,"close":130.96,"volume":569,"time":"2022-05-06T08:57:00.000Z","is_complete":true},{"open":130.96,"high":131.01,"low":130.81,"close":130.88,"volume":523,"time":"2022-05-06T08:58:00.000Z","is_complete":true},{"open":130.84,"high":130.84,"low":130.63,"close":130.63,"volume":2212,"time":"2022-05-06T08:59:00.000Z","is_complete":true},{"open":130.63,"high":130.73,"low":130.52,"close":130.52,"volume":3666,"time":"2022-05-06T09:00:00.000Z","is_complete":true},{"open":130.66,"high":130.66,"low":130.19,"close":130.19,"volume":14421,"time":"2022-05-06T09:01:00.000Z","is_complete":true},{"open":130.4,"high":130.43,"low":130.07,"close":130.22,"volume":6748,"time":"2022-05-06T09:02:00.000Z","is_complete":true},{"open":130.34,"high":130.55,"low":130.34,"close":130.55,"volume":3818,"time":"2022-05-06T09:03:00.000Z","is_complete":true},{"open":130.55,"high":130.56,"low":130.5,"close":130.51,"volume":857,"time":"2022-05-06T09:04:00.000Z","is_complete":true},{"open":130.51,"high":130.6,"low":130.23,"close":130.6,"volume":2696,"time":"2022-05-06T09:05:00.000Z","is_complete":true},{"open":130.7,"high":130.77,"low":130.51,"close":130.51,"volume":1091,"time":"2022-05-06T09:06:00.000Z","is_complete":true},{"open":130.62,"high":130.62,"low":130.5,"close":130.57,"volume":1414,"time":"2022-05-06T09:07:00.000Z","is_complete":true},{"open":130.51,"high":130.57,"low":130.5,"close":130.5,"volume":1208,"time":"2022-05-06T09:08:00.000Z","is_complete":true},{"open":130.5,"high":130.67,"low":130.22,"close":130.22,"volume":16015,"time":"2022-05-06T09:09:00.000Z","is_complete":true},{"open":130.47,"high":130.47,"low":130.11,"close":130.11,"volume":3388,"time":"2022-05-06T09:10:00.000Z","is_complete":true},{"open":130.2,"high":130.29,"low":129.62,"close":129.87,"volume":28376,"time":"2022-05-06T09:11:00.000Z","is_complete":true},{"open":129.88,"high":130.27,"low":129.88,"close":130.26,"volume":3480,"time":"2022-05-06T09:12:00.000Z","is_complete":true},{"open":130.23,"high":130.23,"low":129.87,"close":130.08,"volume":3067,"time":"2022-05-06T09:13:00.000Z","is_complete":true},{"open":130.08,"high":130.1,"low":129.88,"close":130,"volume":2564,"time":"2022-05-06T09:14:00.000Z","is_complete":true},{"open":130,"high":130.25,"low":130,"close":130.25,"volume":1193,"time":"2022-05-06T09:15:00.000Z","is_complete":true},{"open":130.13,"high":130.95,"low":130.01,"close":130.56,"volume":7743,"time":"2022-05-06T09:16:00.000Z","is_complete":true},{"open":130.54,"high":131.2,"low":130.54,"close":131.2,"volume":15902,"time":"2022-05-06T09:17:00.000Z","is_complete":true},{"open":131.15,"high":131.27,"low":130.72,"close":131.09,"volume":24282,"time":"2022-05-06T09:18:00.000Z","is_complete":true},{"open":130.9,"high":130.99,"low":130.72,"close":130.78,"volume":2969,"time":"2022-05-06T09:19:00.000Z","is_complete":true},{"open":130.87,"high":131.39,"low":130.87,"close":131.28,"volume":4013,"time":"2022-05-06T09:20:00.000Z","is_complete":true},{"open":131.28,"high":131.5,"low":131.23,"close":131.5,"volume":7822,"time":"2022-05-06T09:21:00.000Z","is_complete":true},{"open":131.44,"high":132,"low":131.44,"close":131.59,"volume":16779,"time":"2022-05-06T09:22:00.000Z","is_complete":true},{"open":131.77,"high":131.9,"low":131.74,"close":131.75,"volume":2162,"time":"2022-05-06T09:23:00.000Z","is_complete":true},{"open":131.75,"high":131.79,"low":131.71,"close":131.78,"volume":64,"time":"2022-05-06T09:24:00.000Z","is_complete":true},{"open":131.71,"high":131.78,"low":131.23,"close":131.78,"volume":10677,"time":"2022-05-06T09:25:00.000Z","is_complete":true},{"open":131.71,"high":131.77,"low":131.29,"close":131.72,"volume":6043,"time":"2022-05-06T09:26:00.000Z","is_complete":true},{"open":131.76,"high":131.77,"low":131.75,"close":131.76,"volume":1000,"time":"2022-05-06T09:27:00.000Z","is_complete":true},{"open":131.7,"high":131.75,"low":131.4,"close":131.69,"volume":2852,"time":"2022-05-06T09:28:00.000Z","is_complete":true},{"open":131.5,"high":131.66,"low":131,"close":131.3,"volume":13385,"time":"2022-05-06T09:29:00.000Z","is_complete":true},{"open":131.22,"high":131.68,"low":131.16,"close":131.5,"volume":2742,"time":"2022-05-06T09:30:00.000Z","is_complete":true},{"open":131.37,"high":131.65,"low":131.2,"close":131.35,"volume":1984,"time":"2022-05-06T09:31:00.000Z","is_complete":true},{"open":131.36,"high":131.37,"low":131.3,"close":131.37,"volume":147,"time":"2022-05-06T09:32:00.000Z","is_complete":true},{"open":131.26,"high":131.66,"low":131.2,"close":131.41,"volume":4551,"time":"2022-05-06T09:33:00.000Z","is_complete":true},{"open":131.5,"high":131.67,"low":131.34,"close":131.67,"volume":1294,"time":"2022-05-06T09:34:00.000Z","is_complete":true},{"open":131.67,"high":131.67,"low":131.45,"close":131.63,"volume":752,"time":"2022-05-06T09:35:00.000Z","is_complete":true},{"open":131.6,"high":131.7,"low":131.6,"close":131.7,"volume":3621,"time":"2022-05-06T09:36:00.000Z","is_complete":true},{"open":131.66,"high":131.7,"low":131.6,"close":131.65,"volume":1574,"time":"2022-05-06T09:37:00.000Z","is_complete":true},{"open":131.6,"high":131.61,"low":131.3,"close":131.49,"volume":1311,"time":"2022-05-06T09:38:00.000Z","is_complete":true},{"open":131.49,"high":131.5,"low":131.4,"close":131.5,"volume":3368,"time":"2022-05-06T09:39:00.000Z","is_complete":true},{"open":131.5,"high":131.5,"low":131.3,"close":131.36,"volume":1679,"time":"2022-05-06T09:40:00.000Z","is_complete":true},{"open":131.36,"high":131.47,"low":131.36,"close":131.47,"volume":21,"time":"2022-05-06T09:41:00.000Z","is_complete":true},{"open":131.39,"high":131.47,"low":131.39,"close":131.4,"volume":3,"time":"2022-05-06T09:42:00.000Z","is_complete":true},{"open":131.47,"high":131.48,"low":131.47,"close":131.48,"volume":10,"time":"2022-05-06T09:43:00.000Z","is_complete":true},{"open":131.43,"high":131.44,"low":131.43,"close":131.44,"volume":10,"time":"2022-05-06T09:44:00.000Z","is_complete":true},{"open":131.47,"high":131.57,"low":131.45,"close":131.5,"volume":441,"time":"2022-05-06T09:45:00.000Z","is_complete":true},{"open":131.5,"high":131.5,"low":131.5,"close":131.5,"volume":1,"time":"2022-05-06T09:46:00.000Z","is_complete":true},{"open":131.5,"high":131.64,"low":131.5,"close":131.62,"volume":297,"time":"2022-05-06T09:47:00.000Z","is_complete":true},{"open":131.55,"high":131.62,"low":131.51,"close":131.62,"volume":401,"time":"2022-05-06T09:48:00.000Z","is_complete":true},{"open":131.62,"high":131.67,"low":131.55,"close":131.67,"volume":226,"time":"2022-05-06T09:49:00.000Z","is_complete":true},{"open":131.66,"high":131.67,"low":131.52,"close":131.66,"volume":1426,"time":"2022-05-06T09:50:00.000Z","is_complete":true},{"open":131.67,"high":131.75,"low":131.67,"close":131.74,"volume":4582,"time":"2022-05-06T09:51:00.000Z","is_complete":true},{"open":131.75,"high":131.85,"low":131.75,"close":131.8,"volume":484,"time":"2022-05-06T09:52:00.000Z","is_complete":true},{"open":131.84,"high":131.9,"low":131.84,"close":131.9,"volume":1307,"time":"2022-05-06T09:53:00.000Z","is_complete":true},{"open":131.9,"high":131.92,"low":131.82,"close":131.9,"volume":1017,"time":"2022-05-06T09:54:00.000Z","is_complete":true},{"open":131.91,"high":131.94,"low":131.89,"close":131.94,"volume":7552,"time":"2022-05-06T09:55:00.000Z","is_complete":true},{"open":131.9,"high":131.94,"low":131.7,"close":131.7,"volume":6740,"time":"2022-05-06T09:56:00.000Z","is_complete":true},{"open":131.7,"high":131.71,"low":131.66,"close":131.66,"volume":1289,"time":"2022-05-06T09:57:00.000Z","is_complete":true},{"open":131.64,"high":131.64,"low":131.53,"close":131.53,"volume":397,"time":"2022-05-06T09:58:00.000Z","is_complete":true},{"open":131.53,"high":131.53,"low":131.4,"close":131.5,"volume":11406,"time":"2022-05-06T09:59:00.000Z","is_complete":true},{"open":131.48,"high":131.48,"low":131.14,"close":131.37,"volume":3828,"time":"2022-05-06T10:00:00.000Z","is_complete":true},{"open":131.21,"high":131.37,"low":131.21,"close":131.37,"volume":231,"time":"2022-05-06T10:01:00.000Z","is_complete":true},{"open":131.37,"high":131.37,"low":131.37,"close":131.37,"volume":13,"time":"2022-05-06T10:02:00.000Z","is_complete":true},{"open":131.37,"high":131.53,"low":131.04,"close":131.32,"volume":4228,"time":"2022-05-06T10:03:00.000Z","is_complete":true},{"open":131.11,"high":131.52,"low":131,"close":131.3,"volume":3527,"time":"2022-05-06T10:04:00.000Z","is_complete":true},{"open":131.3,"high":131.51,"low":131.1,"close":131.32,"volume":1157,"time":"2022-05-06T10:05:00.000Z","is_complete":true},{"open":131.52,"high":131.53,"low":131.49,"close":131.49,"volume":110,"time":"2022-05-06T10:06:00.000Z","is_complete":true},{"open":131.49,"high":131.5,"low":131.4,"close":131.49,"volume":331,"time":"2022-05-06T10:07:00.000Z","is_complete":true},{"open":131.49,"high":131.5,"low":131.45,"close":131.45,"volume":800,"time":"2022-05-06T10:08:00.000Z","is_complete":true},{"open":131.45,"high":131.45,"low":131.07,"close":131.43,"volume":6846,"time":"2022-05-06T10:09:00.000Z","is_complete":true},{"open":131.44,"high":131.45,"low":131.43,"close":131.43,"volume":1636,"time":"2022-05-06T10:10:00.000Z","is_complete":true},{"open":131.45,"high":131.45,"low":131.2,"close":131.39,"volume":4931,"time":"2022-05-06T10:11:00.000Z","is_complete":true},{"open":131.39,"high":131.4,"low":131.22,"close":131.4,"volume":1580,"time":"2022-05-06T10:12:00.000Z","is_complete":true},{"open":131.4,"high":131.45,"low":131.39,"close":131.4,"volume":228,"time":"2022-05-06T10:13:00.000Z","is_complete":true},{"open":131.4,"high":131.44,"low":131.4,"close":131.4,"volume":200,"time":"2022-05-06T10:14:00.000Z","is_complete":true},{"open":131.4,"high":131.45,"low":131.24,"close":131.45,"volume":1881,"time":"2022-05-06T10:15:00.000Z","is_complete":true},{"open":131.45,"high":131.5,"low":131.45,"close":131.5,"volume":622,"time":"2022-05-06T10:16:00.000Z","is_complete":true},{"open":131.53,"high":131.74,"low":131.5,"close":131.66,"volume":6103,"time":"2022-05-06T10:17:00.000Z","is_complete":true},{"open":131.69,"high":131.7,"low":131.28,"close":131.5,"volume":1032,"time":"2022-05-06T10:18:00.000Z","is_complete":true},{"open":131.4,"high":131.56,"low":131.32,"close":131.49,"volume":3282,"time":"2022-05-06T10:19:00.000Z","is_complete":true},{"open":131.51,"high":131.65,"low":131.3,"close":131.36,"volume":1131,"time":"2022-05-06T10:20:00.000Z","is_complete":true},{"open":131.56,"high":131.58,"low":131.2,"close":131.2,"volume":8610,"time":"2022-05-06T10:21:00.000Z","is_complete":true},{"open":131.41,"high":131.49,"low":131.41,"close":131.49,"volume":1827,"time":"2022-05-06T10:22:00.000Z","is_complete":true},{"open":131.49,"high":131.5,"low":131.3,"close":131.5,"volume":1263,"time":"2022-05-06T10:23:00.000Z","is_complete":true},{"open":131.32,"high":131.5,"low":131.32,"close":131.5,"volume":3113,"time":"2022-05-06T10:24:00.000Z","is_complete":true},{"open":131.49,"high":131.49,"low":131.32,"close":131.32,"volume":416,"time":"2022-05-06T10:25:00.000Z","is_complete":true},{"open":131.32,"high":131.32,"low":131.31,"close":131.31,"volume":286,"time":"2022-05-06T10:26:00.000Z","is_complete":true},{"open":131.32,"high":131.49,"low":131.25,"close":131.25,"volume":681,"time":"2022-05-06T10:27:00.000Z","is_complete":true},{"open":131.42,"high":131.5,"low":131.42,"close":131.5,"volume":161,"time":"2022-05-06T10:28:00.000Z","is_complete":true},{"open":131.49,"high":131.49,"low":131.49,"close":131.49,"volume":40,"time":"2022-05-06T10:29:00.000Z","is_complete":true},{"open":131.49,"high":131.5,"low":131.45,"close":131.45,"volume":166,"time":"2022-05-06T10:30:00.000Z","is_complete":true},{"open":131.5,"high":131.5,"low":131.4,"close":131.4,"volume":1023,"time":"2022-05-06T10:31:00.000Z","is_complete":true},{"open":131.4,"high":131.45,"low":131.32,"close":131.32,"volume":4450,"time":"2022-05-06T10:32:00.000Z","is_complete":true},{"open":131.45,"high":131.48,"low":131.45,"close":131.46,"volume":210,"time":"2022-05-06T10:33:00.000Z","is_complete":true},{"open":131.5,"high":131.5,"low":131.3,"close":131.3,"volume":4473,"time":"2022-05-06T10:34:00.000Z","is_complete":true},{"open":131.48,"high":131.48,"low":131.47,"close":131.47,"volume":17,"time":"2022-05-06T10:35:00.000Z","is_complete":true},{"open":131.4,"high":131.46,"low":131.23,"close":131.45,"volume":2851,"time":"2022-05-06T10:36:00.000Z","is_complete":true},{"open":131.4,"high":131.4,"low":131.4,"close":131.4,"volume":2283,"time":"2022-05-06T10:37:00.000Z","is_complete":true},{"open":131.44,"high":131.45,"low":131.44,"close":131.45,"volume":3,"time":"2022-05-06T10:38:00.000Z","is_complete":true},{"open":131.45,"high":131.45,"low":131.44,"close":131.45,"volume":27,"time":"2022-05-06T10:39:00.000Z","is_complete":true},{"open":131.4,"high":131.4,"low":131.25,"close":131.25,"volume":4200,"time":"2022-05-06T10:40:00.000Z","is_complete":true},{"open":131.44,"high":131.45,"low":131.44,"close":131.45,"volume":9,"time":"2022-05-06T10:41:00.000Z","is_complete":true},{"open":131.43,"high":131.44,"low":131.43,"close":131.44,"volume":1056,"time":"2022-05-06T10:42:00.000Z","is_complete":true},{"open":131.44,"high":131.44,"low":131.44,"close":131.44,"volume":301,"time":"2022-05-06T10:43:00.000Z","is_complete":true},{"open":131.44,"high":131.44,"low":131.44,"close":131.44,"volume":72,"time":"2022-05-06T10:44:00.000Z","is_complete":true},{"open":131.44,"high":131.44,"low":131.44,"close":131.44,"volume":11,"time":"2022-05-06T10:45:00.000Z","is_complete":true},{"open":131.45,"high":131.45,"low":131.36,"close":131.45,"volume":38,"time":"2022-05-06T10:46:00.000Z","is_complete":true},{"open":131.45,"high":131.59,"low":131.36,"close":131.59,"volume":657,"time":"2022-05-06T10:47:00.000Z","is_complete":true},{"open":131.6,"high":131.6,"low":131.59,"close":131.59,"volume":1674,"time":"2022-05-06T10:48:00.000Z","is_complete":true},{"open":131.59,"high":131.64,"low":131.59,"close":131.64,"volume":2455,"time":"2022-05-06T10:49:00.000Z","is_complete":true},{"open":131.64,"high":131.67,"low":131.56,"close":131.62,"volume":9310,"time":"2022-05-06T10:50:00.000Z","is_complete":true},{"open":131.62,"high":131.62,"low":131.61,"close":131.61,"volume":860,"time":"2022-05-06T10:51:00.000Z","is_complete":true},{"open":131.6,"high":131.61,"low":131.56,"close":131.56,"volume":429,"time":"2022-05-06T10:52:00.000Z","is_complete":true},{"open":131.59,"high":131.62,"low":131.59,"close":131.62,"volume":257,"time":"2022-05-06T10:53:00.000Z","is_complete":true},{"open":131.62,"high":131.62,"low":131.62,"close":131.62,"volume":2271,"time":"2022-05-06T10:54:00.000Z","is_complete":true},{"open":131.62,"high":131.62,"low":131.13,"close":131.62,"volume":6049,"time":"2022-05-06T10:55:00.000Z","is_complete":true},{"open":131.61,"high":131.62,"low":131.32,"close":131.55,"volume":590,"time":"2022-05-06T10:56:00.000Z","is_complete":true},{"open":131.58,"high":131.65,"low":131.58,"close":131.64,"volume":1241,"time":"2022-05-06T10:57:00.000Z","is_complete":true},{"open":131.64,"high":131.65,"low":131.6,"close":131.6,"volume":3843,"time":"2022-05-06T10:58:00.000Z","is_complete":true},{"open":131.65,"high":131.65,"low":131.6,"close":131.6,"volume":3609,"time":"2022-05-06T10:59:00.000Z","is_complete":true},{"open":131.65,"high":131.65,"low":131.6,"close":131.6,"volume":589,"time":"2022-05-06T11:00:00.000Z","is_complete":true},{"open":131.6,"high":131.6,"low":131.27,"close":131.54,"volume":1068,"time":"2022-05-06T11:01:00.000Z","is_complete":true},{"open":131.43,"high":131.59,"low":131.43,"close":131.59,"volume":78,"time":"2022-05-06T11:02:00.000Z","is_complete":true},{"open":131.47,"high":131.65,"low":131.43,"close":131.65,"volume":1127,"time":"2022-05-06T11:03:00.000Z","is_complete":true},{"open":131.6,"high":131.65,"low":131.6,"close":131.65,"volume":187,"time":"2022-05-06T11:04:00.000Z","is_complete":true},{"open":131.65,"high":131.65,"low":131.65,"close":131.65,"volume":150,"time":"2022-05-06T11:05:00.000Z","is_complete":true},{"open":131.65,"high":131.68,"low":131.65,"close":131.68,"volume":1290,"time":"2022-05-06T11:06:00.000Z","is_complete":true},{"open":131.68,"high":131.68,"low":131.6,"close":131.6,"volume":1140,"time":"2022-05-06T11:07:00.000Z","is_complete":true},{"open":131.68,"high":131.68,"low":131.6,"close":131.6,"volume":504,"time":"2022-05-06T11:08:00.000Z","is_complete":true},{"open":131.68,"high":131.68,"low":131.68,"close":131.68,"volume":72,"time":"2022-05-06T11:09:00.000Z","is_complete":true},{"open":131.67,"high":131.68,"low":131.67,"close":131.68,"volume":266,"time":"2022-05-06T11:10:00.000Z","is_complete":true},{"open":131.68,"high":131.68,"low":131.68,"close":131.68,"volume":173,"time":"2022-05-06T11:11:00.000Z","is_complete":true},{"open":131.68,"high":131.7,"low":131.62,"close":131.64,"volume":1173,"time":"2022-05-06T11:12:00.000Z","is_complete":true},{"open":131.64,"high":131.69,"low":131.52,"close":131.69,"volume":3000,"time":"2022-05-06T11:13:00.000Z","is_complete":true},{"open":131.52,"high":131.52,"low":131.03,"close":131.03,"volume":6240,"time":"2022-05-06T11:14:00.000Z","is_complete":true},{"open":131.15,"high":131.38,"low":131.15,"close":131.38,"volume":277,"time":"2022-05-06T11:15:00.000Z","is_complete":true},{"open":131.39,"high":131.39,"low":131.02,"close":131.02,"volume":1115,"time":"2022-05-06T11:16:00.000Z","is_complete":true},{"open":131.26,"high":131.4,"low":131.26,"close":131.4,"volume":1138,"time":"2022-05-06T11:17:00.000Z","is_complete":true},{"open":131.38,"high":131.38,"low":131.12,"close":131.16,"volume":297,"time":"2022-05-06T11:18:00.000Z","is_complete":true},{"open":131.33,"high":131.34,"low":131.3,"close":131.3,"volume":105,"time":"2022-05-06T11:19:00.000Z","is_complete":true},{"open":131.3,"high":131.3,"low":131.3,"close":131.3,"volume":146,"time":"2022-05-06T11:20:00.000Z","is_complete":true},{"open":131.3,"high":131.32,"low":131.3,"close":131.3,"volume":205,"time":"2022-05-06T11:21:00.000Z","is_complete":true},{"open":131.32,"high":131.32,"low":131.3,"close":131.3,"volume":36,"time":"2022-05-06T11:22:00.000Z","is_complete":true},{"open":131.2,"high":131.35,"low":131.2,"close":131.35,"volume":1014,"time":"2022-05-06T11:23:00.000Z","is_complete":true},{"open":131.34,"high":131.35,"low":131.2,"close":131.2,"volume":324,"time":"2022-05-06T11:24:00.000Z","is_complete":true},{"open":131.35,"high":131.6,"low":131.2,"close":131.28,"volume":4065,"time":"2022-05-06T11:25:00.000Z","is_complete":true},{"open":131.2,"high":131.28,"low":131.2,"close":131.28,"volume":201,"time":"2022-05-06T11:26:00.000Z","is_complete":true},{"open":131.33,"high":131.34,"low":131.28,"close":131.28,"volume":26,"time":"2022-05-06T11:27:00.000Z","is_complete":true},{"open":131.34,"high":131.4,"low":131.29,"close":131.4,"volume":1133,"time":"2022-05-06T11:28:00.000Z","is_complete":true},{"open":131.29,"high":131.33,"low":131,"close":131.33,"volume":12052,"time":"2022-05-06T11:29:00.000Z","is_complete":true},{"open":131.21,"high":131.31,"low":131.1,"close":131.28,"volume":16,"time":"2022-05-06T11:30:00.000Z","is_complete":true},{"open":131.26,"high":131.4,"low":131.26,"close":131.28,"volume":999,"time":"2022-05-06T11:31:00.000Z","is_complete":true},{"open":131.38,"high":131.38,"low":131.38,"close":131.38,"volume":10,"time":"2022-05-06T11:32:00.000Z","is_complete":true},{"open":131.28,"high":131.28,"low":130.5,"close":130.7,"volume":7634,"time":"2022-05-06T11:33:00.000Z","is_complete":true},{"open":130.7,"high":130.82,"low":130.7,"close":130.71,"volume":52,"time":"2022-05-06T11:34:00.000Z","is_complete":true},{"open":130.8,"high":131.05,"low":130.8,"close":131,"volume":905,"time":"2022-05-06T11:35:00.000Z","is_complete":true},{"open":131.02,"high":131.02,"low":130.58,"close":130.97,"volume":1015,"time":"2022-05-06T11:36:00.000Z","is_complete":true},{"open":130.97,"high":131.02,"low":130.97,"close":131.02,"volume":1148,"time":"2022-05-06T11:37:00.000Z","is_complete":true},{"open":131.06,"high":131.11,"low":131.01,"close":131.11,"volume":1316,"time":"2022-05-06T11:38:00.000Z","is_complete":true},{"open":131.11,"high":131.12,"low":131.01,"close":131.12,"volume":23,"time":"2022-05-06T11:39:00.000Z","is_complete":true},{"open":131.17,"high":131.57,"low":131.13,"close":131.3,"volume":4529,"time":"2022-05-06T11:40:00.000Z","is_complete":true},{"open":131.3,"high":131.49,"low":131.3,"close":131.49,"volume":622,"time":"2022-05-06T11:41:00.000Z","is_complete":true},{"open":131.46,"high":131.48,"low":131.2,"close":131.47,"volume":959,"time":"2022-05-06T11:42:00.000Z","is_complete":true},{"open":131.47,"high":131.5,"low":131.47,"close":131.5,"volume":1077,"time":"2022-05-06T11:43:00.000Z","is_complete":true},{"open":131.5,"high":131.5,"low":131.47,"close":131.47,"volume":226,"time":"2022-05-06T11:44:00.000Z","is_complete":true},{"open":131.47,"high":131.47,"low":131.4,"close":131.4,"volume":380,"time":"2022-05-06T11:45:00.000Z","is_complete":true},{"open":131.4,"high":131.44,"low":131.4,"close":131.44,"volume":102,"time":"2022-05-06T11:46:00.000Z","is_complete":true},{"open":131.45,"high":131.45,"low":131.4,"close":131.4,"volume":606,"time":"2022-05-06T11:47:00.000Z","is_complete":true},{"open":131.4,"high":131.4,"low":131,"close":131.25,"volume":2046,"time":"2022-05-06T11:48:00.000Z","is_complete":true},{"open":131.21,"high":131.25,"low":131.2,"close":131.25,"volume":54,"time":"2022-05-06T11:49:00.000Z","is_complete":true},{"open":131.26,"high":131.3,"low":131.2,"close":131.29,"volume":926,"time":"2022-05-06T11:50:00.000Z","is_complete":true},{"open":131.29,"high":131.58,"low":131.21,"close":131.57,"volume":4143,"time":"2022-05-06T11:51:00.000Z","is_complete":true},{"open":131.4,"high":131.4,"low":131.4,"close":131.4,"volume":502,"time":"2022-05-06T11:52:00.000Z","is_complete":true},{"open":131.4,"high":131.54,"low":131.39,"close":131.39,"volume":870,"time":"2022-05-06T11:53:00.000Z","is_complete":true},{"open":131.39,"high":131.5,"low":131.39,"close":131.5,"volume":100,"time":"2022-05-06T11:54:00.000Z","is_complete":true},{"open":131.46,"high":131.56,"low":131.4,"close":131.56,"volume":2324,"time":"2022-05-06T11:55:00.000Z","is_complete":true},{"open":131.41,"high":131.56,"low":131.31,"close":131.55,"volume":2523,"time":"2022-05-06T11:56:00.000Z","is_complete":true},{"open":131.55,"high":131.55,"low":131.5,"close":131.5,"volume":63,"time":"2022-05-06T11:57:00.000Z","is_complete":true},{"open":131.5,"high":131.5,"low":131.5,"close":131.5,"volume":1,"time":"2022-05-06T11:58:00.000Z","is_complete":true},{"open":131.49,"high":131.5,"low":131.49,"close":131.5,"volume":110,"time":"2022-05-06T11:59:00.000Z","is_complete":true},{"open":131.5,"high":131.5,"low":131.36,"close":131.36,"volume":24,"time":"2022-05-06T12:00:00.000Z","is_complete":true},{"open":131.36,"high":131.5,"low":131.35,"close":131.38,"volume":382,"time":"2022-05-06T12:01:00.000Z","is_complete":true},{"open":131.49,"high":131.49,"low":131.35,"close":131.35,"volume":7,"time":"2022-05-06T12:02:00.000Z","is_complete":true},{"open":131.49,"high":131.8,"low":131.49,"close":131.79,"volume":4325,"time":"2022-05-06T12:03:00.000Z","is_complete":true},{"open":131.79,"high":131.87,"low":131.79,"close":131.87,"volume":1918,"time":"2022-05-06T12:04:00.000Z","is_complete":true},{"open":131.86,"high":131.87,"low":131.59,"close":131.78,"volume":671,"time":"2022-05-06T12:05:00.000Z","is_complete":true},{"open":131.65,"high":131.65,"low":131.37,"close":131.6,"volume":3012,"time":"2022-05-06T12:06:00.000Z","is_complete":true},{"open":131.65,"high":131.75,"low":131.6,"close":131.65,"volume":95,"time":"2022-05-06T12:07:00.000Z","is_complete":true},{"open":131.65,"high":131.75,"low":131.61,"close":131.61,"volume":122,"time":"2022-05-06T12:08:00.000Z","is_complete":true},{"open":131.61,"high":131.79,"low":131.61,"close":131.79,"volume":1349,"time":"2022-05-06T12:10:00.000Z","is_complete":true},{"open":131.79,"high":131.95,"low":131.79,"close":131.92,"volume":14235,"time":"2022-05-06T12:11:00.000Z","is_complete":true},{"open":131.88,"high":131.95,"low":131.8,"close":131.95,"volume":613,"time":"2022-05-06T12:12:00.000Z","is_complete":true},{"open":131.86,"high":131.86,"low":131.86,"close":131.86,"volume":50,"time":"2022-05-06T12:13:00.000Z","is_complete":true},{"open":131.86,"high":131.86,"low":131.79,"close":131.79,"volume":1136,"time":"2022-05-06T12:14:00.000Z","is_complete":true},{"open":131.8,"high":131.86,"low":131.8,"close":131.86,"volume":510,"time":"2022-05-06T12:15:00.000Z","is_complete":true},{"open":131.86,"high":131.86,"low":131.7,"close":131.7,"volume":2968,"time":"2022-05-06T12:16:00.000Z","is_complete":true},{"open":131.71,"high":132,"low":131.64,"close":131.79,"volume":10013,"time":"2022-05-06T12:17:00.000Z","is_complete":true},{"open":131.7,"high":132.1,"low":131.68,"close":132.1,"volume":5430,"time":"2022-05-06T12:18:00.000Z","is_complete":true},{"open":132.1,"high":132.1,"low":132.05,"close":132.05,"volume":1084,"time":"2022-05-06T12:19:00.000Z","is_complete":true},{"open":132.05,"high":132.05,"low":131.81,"close":131.87,"volume":2009,"time":"2022-05-06T12:20:00.000Z","is_complete":true},{"open":131.98,"high":131.99,"low":131.79,"close":131.8,"volume":604,"time":"2022-05-06T12:21:00.000Z","is_complete":true},{"open":131.9,"high":131.91,"low":131.74,"close":131.9,"volume":267,"time":"2022-05-06T12:22:00.000Z","is_complete":true},{"open":131.89,"high":131.9,"low":131.36,"close":131.45,"volume":10106,"time":"2022-05-06T12:23:00.000Z","is_complete":true},{"open":131.6,"high":131.6,"low":131.33,"close":131.33,"volume":3018,"time":"2022-05-06T12:24:00.000Z","is_complete":true},{"open":131.59,"high":131.66,"low":131.23,"close":131.66,"volume":3281,"time":"2022-05-06T12:25:00.000Z","is_complete":true},{"open":131.65,"high":131.98,"low":131.24,"close":131.98,"volume":9801,"time":"2022-05-06T12:26:00.000Z","is_complete":true},{"open":131.97,"high":132,"low":131.97,"close":131.97,"volume":2713,"time":"2022-05-06T12:27:00.000Z","is_complete":true},{"open":131.98,"high":131.99,"low":131.68,"close":131.74,"volume":3064,"time":"2022-05-06T12:28:00.000Z","is_complete":true},{"open":131.9,"high":131.96,"low":131.9,"close":131.96,"volume":27,"time":"2022-05-06T12:29:00.000Z","is_complete":true},{"open":131.93,"high":131.93,"low":131.9,"close":131.93,"volume":1982,"time":"2022-05-06T12:30:00.000Z","is_complete":true},{"open":131.9,"high":131.93,"low":131.82,"close":131.93,"volume":1467,"time":"2022-05-06T12:31:00.000Z","is_complete":true},{"open":131.93,"high":131.93,"low":131.93,"close":131.93,"volume":1027,"time":"2022-05-06T12:32:00.000Z","is_complete":true},{"open":131.83,"high":131.83,"low":131.71,"close":131.71,"volume":1434,"time":"2022-05-06T12:33:00.000Z","is_complete":true},{"open":131.82,"high":131.92,"low":131.72,"close":131.72,"volume":501,"time":"2022-05-06T12:34:00.000Z","is_complete":true},{"open":131.81,"high":131.9,"low":131.81,"close":131.9,"volume":71,"time":"2022-05-06T12:36:00.000Z","is_complete":true},{"open":131.81,"high":131.81,"low":131.8,"close":131.81,"volume":303,"time":"2022-05-06T12:37:00.000Z","is_complete":true},{"open":131.81,"high":131.93,"low":131.81,"close":131.93,"volume":239,"time":"2022-05-06T12:38:00.000Z","is_complete":true},{"open":131.89,"high":131.89,"low":131.7,"close":131.71,"volume":3003,"time":"2022-05-06T12:39:00.000Z","is_complete":true},{"open":131.91,"high":131.92,"low":131.4,"close":131.47,"volume":14898,"time":"2022-05-06T12:41:00.000Z","is_complete":true},{"open":131.77,"high":131.8,"low":131.52,"close":131.53,"volume":277,"time":"2022-05-06T12:42:00.000Z","is_complete":true},{"open":131.53,"high":131.89,"low":131.53,"close":131.8,"volume":1619,"time":"2022-05-06T12:43:00.000Z","is_complete":true},{"open":131.87,"high":131.88,"low":131.73,"close":131.73,"volume":315,"time":"2022-05-06T12:44:00.000Z","is_complete":true},{"open":131.86,"high":131.91,"low":131.86,"close":131.91,"volume":1474,"time":"2022-05-06T12:45:00.000Z","is_complete":true},{"open":131.91,"high":131.98,"low":131.91,"close":131.98,"volume":2215,"time":"2022-05-06T12:46:00.000Z","is_complete":true},{"open":131.98,"high":131.98,"low":131.97,"close":131.97,"volume":2338,"time":"2022-05-06T12:47:00.000Z","is_complete":true},{"open":131.97,"high":132,"low":131.78,"close":132,"volume":3248,"time":"2022-05-06T12:48:00.000Z","is_complete":true},{"open":132,"high":132.12,"low":131.94,"close":131.94,"volume":5268,"time":"2022-05-06T12:49:00.000Z","is_complete":true},{"open":132.11,"high":132.19,"low":131.95,"close":131.96,"volume":3079,"time":"2022-05-06T12:50:00.000Z","is_complete":true},{"open":131.95,"high":131.96,"low":131.77,"close":131.96,"volume":3977,"time":"2022-05-06T12:51:00.000Z","is_complete":true},{"open":131.78,"high":132.1,"low":131.78,"close":132.1,"volume":2813,"time":"2022-05-06T12:52:00.000Z","is_complete":true},{"open":132.1,"high":132.2,"low":132,"close":132.19,"volume":2567,"time":"2022-05-06T12:53:00.000Z","is_complete":true},{"open":132.19,"high":132.29,"low":131.88,"close":132.29,"volume":3705,"time":"2022-05-06T12:54:00.000Z","is_complete":true},{"open":132.27,"high":132.45,"low":132.23,"close":132.37,"volume":4559,"time":"2022-05-06T12:55:00.000Z","is_complete":true},{"open":132.37,"high":132.39,"low":131.9,"close":132,"volume":5016,"time":"2022-05-06T12:56:00.000Z","is_complete":true},{"open":132.09,"high":132.25,"low":131.95,"close":132.13,"volume":502,"time":"2022-05-06T12:57:00.000Z","is_complete":true},{"open":132.14,"high":132.15,"low":131.82,"close":131.84,"volume":1523,"time":"2022-05-06T12:58:00.000Z","is_complete":true},{"open":132,"high":132,"low":131.9,"close":132,"volume":27,"time":"2022-05-06T12:59:00.000Z","is_complete":true},{"open":132,"high":132.14,"low":131.91,"close":132.14,"volume":2478,"time":"2022-05-06T13:00:00.000Z","is_complete":true},{"open":132.14,"high":132.14,"low":132.09,"close":132.09,"volume":51,"time":"2022-05-06T13:01:00.000Z","is_complete":true},{"open":132.09,"high":132.13,"low":131.94,"close":131.95,"volume":2006,"time":"2022-05-06T13:02:00.000Z","is_complete":true},{"open":132.1,"high":132.1,"low":132.1,"close":132.1,"volume":4,"time":"2022-05-06T13:03:00.000Z","is_complete":true},{"open":132.07,"high":132.07,"low":131.82,"close":131.9,"volume":5388,"time":"2022-05-06T13:04:00.000Z","is_complete":true},{"open":131.84,"high":131.86,"low":131.8,"close":131.86,"volume":49,"time":"2022-05-06T13:05:00.000Z","is_complete":true},{"open":131.96,"high":131.99,"low":131.96,"close":131.99,"volume":2,"time":"2022-05-06T13:06:00.000Z","is_complete":true},{"open":131.99,"high":131.99,"low":131.85,"close":131.85,"volume":323,"time":"2022-05-06T13:07:00.000Z","is_complete":true},{"open":131.8,"high":131.93,"low":131.8,"close":131.93,"volume":52,"time":"2022-05-06T13:08:00.000Z","is_complete":true},{"open":131.94,"high":131.94,"low":131.94,"close":131.94,"volume":3,"time":"2022-05-06T13:09:00.000Z","is_complete":true},{"open":131.9,"high":131.94,"low":131.86,"close":131.86,"volume":150,"time":"2022-05-06T13:10:00.000Z","is_complete":true},{"open":131.87,"high":131.92,"low":131.87,"close":131.92,"volume":4,"time":"2022-05-06T13:11:00.000Z","is_complete":true},{"open":131.9,"high":131.9,"low":131.86,"close":131.86,"volume":95,"time":"2022-05-06T13:12:00.000Z","is_complete":true},{"open":131.86,"high":131.86,"low":131.84,"close":131.84,"volume":174,"time":"2022-05-06T13:13:00.000Z","is_complete":true},{"open":131.84,"high":131.9,"low":131.84,"close":131.84,"volume":5044,"time":"2022-05-06T13:14:00.000Z","is_complete":true},{"open":131.84,"high":131.9,"low":131.54,"close":131.55,"volume":11454,"time":"2022-05-06T13:15:00.000Z","is_complete":true},{"open":131.58,"high":131.66,"low":131.52,"close":131.53,"volume":12409,"time":"2022-05-06T13:16:00.000Z","is_complete":true},{"open":131.52,"high":131.53,"low":131.4,"close":131.4,"volume":4966,"time":"2022-05-06T13:17:00.000Z","is_complete":true},{"open":131.39,"high":131.39,"low":131.24,"close":131.24,"volume":2883,"time":"2022-05-06T13:18:00.000Z","is_complete":true},{"open":131.27,"high":131.27,"low":130.63,"close":131.02,"volume":19648,"time":"2022-05-06T13:19:00.000Z","is_complete":true},{"open":131.13,"high":131.14,"low":131,"close":131.01,"volume":3019,"time":"2022-05-06T13:20:00.000Z","is_complete":true},{"open":131.01,"high":131.01,"low":130.26,"close":130.26,"volume":20216,"time":"2022-05-06T13:21:00.000Z","is_complete":true},{"open":130.25,"high":130.26,"low":130.06,"close":130.2,"volume":19142,"time":"2022-05-06T13:22:00.000Z","is_complete":true},{"open":130.08,"high":130.13,"low":130.02,"close":130.11,"volume":5858,"time":"2022-05-06T13:23:00.000Z","is_complete":true},{"open":130.06,"high":130.11,"low":129.91,"close":130,"volume":19900,"time":"2022-05-06T13:24:00.000Z","is_complete":true},{"open":129.92,"high":130,"low":129.81,"close":129.89,"volume":3957,"time":"2022-05-06T13:25:00.000Z","is_complete":true},{"open":129.89,"high":129.89,"low":129.76,"close":129.78,"volume":4164,"time":"2022-05-06T13:26:00.000Z","is_complete":true},{"open":129.76,"high":129.76,"low":129.08,"close":129.4,"volume":77923,"time":"2022-05-06T13:27:00.000Z","is_complete":true},{"open":129.5,"high":130.62,"low":129.5,"close":130.05,"volume":90133,"time":"2022-05-06T13:28:00.000Z","is_complete":true},{"open":130.05,"high":130.27,"low":129.7,"close":130,"volume":5210,"time":"2022-05-06T13:29:00.000Z","is_complete":true},{"open":130.06,"high":130.06,"low":129.59,"close":129.92,"volume":7394,"time":"2022-05-06T13:30:00.000Z","is_complete":true},{"open":129.92,"high":130.2,"low":129.55,"close":130.04,"volume":12420,"time":"2022-05-06T13:31:00.000Z","is_complete":true},{"open":130.04,"high":130.13,"low":130.01,"close":130.06,"volume":1312,"time":"2022-05-06T13:32:00.000Z","is_complete":true},{"open":130.06,"high":130.17,"low":130.06,"close":130.14,"volume":5871,"time":"2022-05-06T13:33:00.000Z","is_complete":true},{"open":130.14,"high":130.2,"low":130,"close":130,"volume":5659,"time":"2022-05-06T13:34:00.000Z","is_complete":true},{"open":130,"high":130,"low":129.7,"close":129.99,"volume":5576,"time":"2022-05-06T13:35:00.000Z","is_complete":true},{"open":129.99,"high":130.08,"low":129.64,"close":129.98,"volume":13305,"time":"2022-05-06T13:36:00.000Z","is_complete":true},{"open":129.92,"high":130.04,"low":129.5,"close":129.73,"volume":17652,"time":"2022-05-06T13:37:00.000Z","is_complete":true},{"open":129.79,"high":129.88,"low":129.7,"close":129.81,"volume":741,"time":"2022-05-06T13:38:00.000Z","is_complete":true},{"open":129.68,"high":129.77,"low":129.62,"close":129.72,"volume":724,"time":"2022-05-06T13:39:00.000Z","is_complete":true},{"open":129.76,"high":129.94,"low":129.76,"close":129.89,"volume":945,"time":"2022-05-06T13:40:00.000Z","is_complete":true},{"open":129.87,"high":129.87,"low":129.64,"close":129.64,"volume":2640,"time":"2022-05-06T13:41:00.000Z","is_complete":true},{"open":129.78,"high":129.89,"low":129.76,"close":129.89,"volume":5538,"time":"2022-05-06T13:42:00.000Z","is_complete":true},{"open":129.88,"high":129.88,"low":129.65,"close":129.65,"volume":1866,"time":"2022-05-06T13:43:00.000Z","is_complete":true},{"open":129.69,"high":129.86,"low":129.69,"close":129.85,"volume":7694,"time":"2022-05-06T13:44:00.000Z","is_complete":true},{"open":129.85,"high":130.06,"low":129.85,"close":130.05,"volume":9590,"time":"2022-05-06T13:45:00.000Z","is_complete":true},{"open":130.05,"high":130.15,"low":129.9,"close":129.9,"volume":14266,"time":"2022-05-06T13:46:00.000Z","is_complete":true},{"open":130.09,"high":130.09,"low":129.94,"close":130.04,"volume":133,"time":"2022-05-06T13:47:00.000Z","is_complete":true},{"open":130.04,"high":130.04,"low":129.9,"close":129.9,"volume":1391,"time":"2022-05-06T13:48:00.000Z","is_complete":true},{"open":129.96,"high":129.96,"low":129.86,"close":129.95,"volume":18478,"time":"2022-05-06T13:49:00.000Z","is_complete":true},{"open":129.97,"high":130.4,"low":129.87,"close":130.3,"volume":16426,"time":"2022-05-06T13:50:00.000Z","is_complete":true},{"open":130.3,"high":130.42,"low":130.2,"close":130.36,"volume":3167,"time":"2022-05-06T13:51:00.000Z","is_complete":true},{"open":130.36,"high":130.57,"low":130.36,"close":130.57,"volume":1595,"time":"2022-05-06T13:52:00.000Z","is_complete":true},{"open":130.57,"high":130.65,"low":130.37,"close":130.37,"volume":5269,"time":"2022-05-06T13:53:00.000Z","is_complete":true},{"open":130.4,"high":130.4,"low":130.2,"close":130.2,"volume":663,"time":"2022-05-06T13:54:00.000Z","is_complete":true},{"open":130.3,"high":130.3,"low":130.1,"close":130.1,"volume":2734,"time":"2022-05-06T13:55:00.000Z","is_complete":true},{"open":130.37,"high":130.37,"low":130.13,"close":130.13,"volume":161,"time":"2022-05-06T13:56:00.000Z","is_complete":true},{"open":130.31,"high":130.53,"low":130.26,"close":130.26,"volume":1394,"time":"2022-05-06T13:57:00.000Z","is_complete":true},{"open":130.47,"high":130.49,"low":130.31,"close":130.4,"volume":204,"time":"2022-05-06T13:58:00.000Z","is_complete":true},{"open":130.4,"high":130.4,"low":130.3,"close":130.39,"volume":3354,"time":"2022-05-06T13:59:00.000Z","is_complete":true},{"open":130.4,"high":130.41,"low":130.3,"close":130.38,"volume":4779,"time":"2022-05-06T14:00:00.000Z","is_complete":true},{"open":130.38,"high":130.38,"low":130.26,"close":130.26,"volume":3531,"time":"2022-05-06T14:01:00.000Z","is_complete":true},{"open":130.34,"high":130.34,"low":130.12,"close":130.33,"volume":4935,"time":"2022-05-06T14:02:00.000Z","is_complete":true},{"open":130.24,"high":130.24,"low":130.11,"close":130.11,"volume":1688,"time":"2022-05-06T14:03:00.000Z","is_complete":true},{"open":130.31,"high":130.36,"low":130.31,"close":130.36,"volume":792,"time":"2022-05-06T14:04:00.000Z","is_complete":true},{"open":130.38,"high":130.39,"low":130.37,"close":130.38,"volume":185,"time":"2022-05-06T14:05:00.000Z","is_complete":true},{"open":130.35,"high":130.38,"low":130.35,"close":130.38,"volume":77,"time":"2022-05-06T14:06:00.000Z","is_complete":true},{"open":130.3,"high":130.38,"low":130.25,"close":130.35,"volume":122,"time":"2022-05-06T14:07:00.000Z","is_complete":true},{"open":130.35,"high":130.37,"low":130.35,"close":130.36,"volume":293,"time":"2022-05-06T14:08:00.000Z","is_complete":true},{"open":130.23,"high":130.23,"low":130.23,"close":130.23,"volume":101,"time":"2022-05-06T14:09:00.000Z","is_complete":true},{"open":130.25,"high":130.35,"low":130.25,"close":130.25,"volume":83,"time":"2022-05-06T14:10:00.000Z","is_complete":true},{"open":130.33,"high":130.5,"low":130.1,"close":130.1,"volume":3226,"time":"2022-05-06T14:11:00.000Z","is_complete":true},{"open":130.38,"high":130.39,"low":130.3,"close":130.36,"volume":46,"time":"2022-05-06T14:12:00.000Z","is_complete":true},{"open":130.33,"high":130.4,"low":130.11,"close":130.35,"volume":3525,"time":"2022-05-06T14:13:00.000Z","is_complete":true},{"open":130.2,"high":130.2,"low":130.17,"close":130.17,"volume":50,"time":"2022-05-06T14:14:00.000Z","is_complete":true},{"open":130.15,"high":130.39,"low":130.11,"close":130.11,"volume":991,"time":"2022-05-06T14:15:00.000Z","is_complete":true},{"open":130.3,"high":130.33,"low":130.3,"close":130.33,"volume":95,"time":"2022-05-06T14:16:00.000Z","is_complete":true},{"open":130.33,"high":130.37,"low":130.33,"close":130.37,"volume":496,"time":"2022-05-06T14:17:00.000Z","is_complete":true},{"open":130.37,"high":130.37,"low":130.36,"close":130.37,"volume":77,"time":"2022-05-06T14:18:00.000Z","is_complete":true},{"open":130.36,"high":130.36,"low":130.11,"close":130.11,"volume":4818,"time":"2022-05-06T14:19:00.000Z","is_complete":true},{"open":130.14,"high":130.21,"low":130.04,"close":130.2,"volume":10061,"time":"2022-05-06T14:20:00.000Z","is_complete":true},{"open":130.2,"high":130.25,"low":130.18,"close":130.25,"volume":133,"time":"2022-05-06T14:21:00.000Z","is_complete":true},{"open":130.25,"high":130.25,"low":130.25,"close":130.25,"volume":10,"time":"2022-05-06T14:22:00.000Z","is_complete":true},{"open":130.25,"high":130.26,"low":130.11,"close":130.26,"volume":2504,"time":"2022-05-06T14:23:00.000Z","is_complete":true},{"open":130.26,"high":130.26,"low":130.11,"close":130.26,"volume":105,"time":"2022-05-06T14:24:00.000Z","is_complete":true},{"open":130.11,"high":130.26,"low":130.11,"close":130.23,"volume":500,"time":"2022-05-06T14:25:00.000Z","is_complete":true},{"open":130.23,"high":130.3,"low":130.23,"close":130.29,"volume":1836,"time":"2022-05-06T14:26:00.000Z","is_complete":true},{"open":130.29,"high":130.4,"low":130.17,"close":130.17,"volume":7145,"time":"2022-05-06T14:27:00.000Z","is_complete":true},{"open":130.17,"high":130.49,"low":130.14,"close":130.25,"volume":17012,"time":"2022-05-06T14:28:00.000Z","is_complete":true},{"open":130.38,"high":130.49,"low":130.28,"close":130.49,"volume":906,"time":"2022-05-06T14:29:00.000Z","is_complete":true},{"open":130.49,"high":130.49,"low":130.48,"close":130.49,"volume":472,"time":"2022-05-06T14:30:00.000Z","is_complete":true},{"open":130.49,"high":130.49,"low":130.47,"close":130.48,"volume":250,"time":"2022-05-06T14:31:00.000Z","is_complete":true},{"open":130.49,"high":130.59,"low":130.41,"close":130.59,"volume":3251,"time":"2022-05-06T14:32:00.000Z","is_complete":true},{"open":130.55,"high":130.56,"low":130.51,"close":130.56,"volume":171,"time":"2022-05-06T14:33:00.000Z","is_complete":true},{"open":130.56,"high":130.72,"low":130.53,"close":130.68,"volume":1528,"time":"2022-05-06T14:34:00.000Z","is_complete":true},{"open":130.58,"high":130.7,"low":130.52,"close":130.6,"volume":1917,"time":"2022-05-06T14:35:00.000Z","is_complete":true},{"open":130.7,"high":130.7,"low":130.55,"close":130.67,"volume":357,"time":"2022-05-06T14:36:00.000Z","is_complete":true},{"open":130.67,"high":130.79,"low":130.64,"close":130.77,"volume":882,"time":"2022-05-06T14:37:00.000Z","is_complete":true},{"open":130.75,"high":130.76,"low":130.64,"close":130.64,"volume":1813,"time":"2022-05-06T14:38:00.000Z","is_complete":true},{"open":130.74,"high":130.74,"low":130.55,"close":130.56,"volume":1385,"time":"2022-05-06T14:39:00.000Z","is_complete":true},{"open":130.56,"high":130.66,"low":130.54,"close":130.55,"volume":333,"time":"2022-05-06T14:40:00.000Z","is_complete":true},{"open":130.53,"high":130.55,"low":130.5,"close":130.5,"volume":5278,"time":"2022-05-06T14:41:00.000Z","is_complete":true},{"open":130.59,"high":130.69,"low":130.42,"close":130.42,"volume":2113,"time":"2022-05-06T14:42:00.000Z","is_complete":true},{"open":130.49,"high":130.63,"low":130.44,"close":130.51,"volume":10619,"time":"2022-05-06T14:43:00.000Z","is_complete":true},{"open":130.63,"high":130.7,"low":130.63,"close":130.7,"volume":1645,"time":"2022-05-06T14:44:00.000Z","is_complete":true},{"open":130.69,"high":130.69,"low":130.56,"close":130.56,"volume":565,"time":"2022-05-06T14:45:00.000Z","is_complete":true},{"open":130.53,"high":130.63,"low":130.45,"close":130.58,"volume":4268,"time":"2022-05-06T14:46:00.000Z","is_complete":true},{"open":130.56,"high":130.58,"low":130.45,"close":130.53,"volume":460,"time":"2022-05-06T14:47:00.000Z","is_complete":true},{"open":130.42,"high":130.54,"low":130.42,"close":130.54,"volume":129,"time":"2022-05-06T14:48:00.000Z","is_complete":true},{"open":130.51,"high":130.55,"low":130.5,"close":130.5,"volume":8,"time":"2022-05-06T14:49:00.000Z","is_complete":true},{"open":130.45,"high":130.55,"low":130.43,"close":130.52,"volume":1133,"time":"2022-05-06T14:50:00.000Z","is_complete":true},{"open":130.52,"high":130.52,"low":130.52,"close":130.52,"volume":17,"time":"2022-05-06T14:51:00.000Z","is_complete":true},{"open":130.45,"high":130.45,"low":130.04,"close":130.04,"volume":16538,"time":"2022-05-06T14:52:00.000Z","is_complete":true},{"open":130.26,"high":130.4,"low":130.26,"close":130.39,"volume":238,"time":"2022-05-06T14:53:00.000Z","is_complete":true},{"open":130.39,"high":130.39,"low":130.2,"close":130.2,"volume":1119,"time":"2022-05-06T14:54:00.000Z","is_complete":true},{"open":130.35,"high":130.35,"low":130.35,"close":130.35,"volume":10,"time":"2022-05-06T14:55:00.000Z","is_complete":true},{"open":130.34,"high":130.35,"low":130.34,"close":130.35,"volume":12,"time":"2022-05-06T14:56:00.000Z","is_complete":true},{"open":130.25,"high":130.26,"low":130.1,"close":130.1,"volume":594,"time":"2022-05-06T14:57:00.000Z","is_complete":true},{"open":130.1,"high":130.32,"low":130.1,"close":130.32,"volume":1258,"time":"2022-05-06T14:58:00.000Z","is_complete":true},{"open":130.23,"high":130.23,"low":130.02,"close":130.04,"volume":5340,"time":"2022-05-06T14:59:00.000Z","is_complete":true},{"open":130.04,"high":130.1,"low":130.02,"close":130.02,"volume":2329,"time":"2022-05-06T15:00:00.000Z","is_complete":true},{"open":130.1,"high":130.2,"low":129.9,"close":129.95,"volume":6783,"time":"2022-05-06T15:01:00.000Z","is_complete":true},{"open":130.2,"high":130.22,"low":130.13,"close":130.13,"volume":1001,"time":"2022-05-06T15:02:00.000Z","is_complete":true},{"open":130.06,"high":130.19,"low":130.06,"close":130.07,"volume":9,"time":"2022-05-06T15:03:00.000Z","is_complete":true},{"open":130.19,"high":130.2,"low":130.06,"close":130.06,"volume":28,"time":"2022-05-06T15:04:00.000Z","is_complete":true},{"open":130.06,"high":130.14,"low":129.98,"close":130.14,"volume":1861,"time":"2022-05-06T15:05:00.000Z","is_complete":true},{"open":130.1,"high":130.1,"low":130.1,"close":130.1,"volume":3,"time":"2022-05-06T15:06:00.000Z","is_complete":true},{"open":130.1,"high":130.1,"low":129.82,"close":129.84,"volume":4291,"time":"2022-05-06T15:07:00.000Z","is_complete":true},{"open":129.99,"high":130,"low":129.69,"close":129.69,"volume":20308,"time":"2022-05-06T15:08:00.000Z","is_complete":true},{"open":129.78,"high":129.8,"low":129.5,"close":129.55,"volume":12458,"time":"2022-05-06T15:09:00.000Z","is_complete":true},{"open":129.72,"high":129.89,"low":129.68,"close":129.89,"volume":5358,"time":"2022-05-06T15:10:00.000Z","is_complete":true},{"open":129.89,"high":129.89,"low":129.71,"close":129.88,"volume":171,"time":"2022-05-06T15:11:00.000Z","is_complete":true},{"open":129.89,"high":129.89,"low":129.71,"close":129.88,"volume":323,"time":"2022-05-06T15:12:00.000Z","is_complete":true},{"open":129.89,"high":129.89,"low":129.78,"close":129.8,"volume":2697,"time":"2022-05-06T15:13:00.000Z","is_complete":true},{"open":129.78,"high":129.86,"low":129.54,"close":129.8,"volume":15396,"time":"2022-05-06T15:14:00.000Z","is_complete":true},{"open":129.8,"high":129.8,"low":129.64,"close":129.78,"volume":3531,"time":"2022-05-06T15:15:00.000Z","is_complete":true},{"open":129.65,"high":129.78,"low":129.61,"close":129.65,"volume":3435,"time":"2022-05-06T15:16:00.000Z","is_complete":true},{"open":129.76,"high":129.78,"low":129.64,"close":129.76,"volume":893,"time":"2022-05-06T15:17:00.000Z","is_complete":true},{"open":129.7,"high":129.76,"low":129.64,"close":129.64,"volume":342,"time":"2022-05-06T15:18:00.000Z","is_complete":true},{"open":129.75,"high":129.75,"low":129.6,"close":129.64,"volume":3692,"time":"2022-05-06T15:19:00.000Z","is_complete":true},{"open":129.75,"high":129.88,"low":129.58,"close":129.81,"volume":15263,"time":"2022-05-06T15:20:00.000Z","is_complete":true},{"open":129.8,"high":129.81,"low":129.57,"close":129.57,"volume":2207,"time":"2022-05-06T15:21:00.000Z","is_complete":true},{"open":129.57,"high":129.7,"low":129.51,"close":129.7,"volume":9346,"time":"2022-05-06T15:22:00.000Z","is_complete":true},{"open":129.71,"high":129.9,"low":129.52,"close":129.7,"volume":2210,"time":"2022-05-06T15:23:00.000Z","is_complete":true},{"open":129.83,"high":129.87,"low":129.7,"close":129.85,"volume":6099,"time":"2022-05-06T15:24:00.000Z","is_complete":true},{"open":129.85,"high":129.9,"low":129.7,"close":129.83,"volume":1964,"time":"2022-05-06T15:25:00.000Z","is_complete":true},{"open":129.8,"high":129.9,"low":129.79,"close":129.79,"volume":1342,"time":"2022-05-06T15:26:00.000Z","is_complete":true},{"open":129.7,"high":129.7,"low":129.5,"close":129.52,"volume":4486,"time":"2022-05-06T15:27:00.000Z","is_complete":true},{"open":129.63,"high":129.7,"low":129.57,"close":129.62,"volume":16597,"time":"2022-05-06T15:28:00.000Z","is_complete":true},{"open":129.61,"high":129.89,"low":129.5,"close":129.62,"volume":9438,"time":"2022-05-06T15:29:00.000Z","is_complete":true},{"open":129.86,"high":129.89,"low":129.58,"close":129.64,"volume":1184,"time":"2022-05-06T15:30:00.000Z","is_complete":true},{"open":129.82,"high":129.82,"low":129.65,"close":129.78,"volume":173,"time":"2022-05-06T15:31:00.000Z","is_complete":true},{"open":129.78,"high":129.81,"low":129.74,"close":129.74,"volume":2532,"time":"2022-05-06T15:32:00.000Z","is_complete":true},{"open":129.65,"high":129.75,"low":129.51,"close":129.64,"volume":5426,"time":"2022-05-06T15:33:00.000Z","is_complete":true},{"open":129.64,"high":129.66,"low":129.5,"close":129.5,"volume":9849,"time":"2022-05-06T15:34:00.000Z","is_complete":true},{"open":129.51,"high":129.58,"low":129.4,"close":129.44,"volume":10059,"time":"2022-05-06T15:35:00.000Z","is_complete":true},{"open":129.29,"high":129.44,"low":129.05,"close":129.13,"volume":26086,"time":"2022-05-06T15:36:00.000Z","is_complete":true},{"open":129.11,"high":129.31,"low":129.1,"close":129.2,"volume":7283,"time":"2022-05-06T15:37:00.000Z","is_complete":true},{"open":129.29,"high":129.37,"low":129.2,"close":129.36,"volume":2908,"time":"2022-05-06T15:38:00.000Z","is_complete":true},{"open":129.33,"high":129.6,"low":129.25,"close":129.31,"volume":14955,"time":"2022-05-06T15:39:00.000Z","is_complete":true},{"open":129.36,"high":129.36,"low":129.36,"close":129.36,"volume":10465,"time":"2022-05-06T15:45:00.000Z","is_complete":true},{"open":129.36,"high":129.36,"low":129.36,"close":129.36,"volume":506,"time":"2022-05-06T15:46:00.000Z","is_complete":true},{"open":129.36,"high":129.36,"low":129.36,"close":129.36,"volume":1079,"time":"2022-05-06T15:47:00.000Z","is_complete":true},{"open":129.36,"high":129.36,"low":129.36,"close":129.36,"volume":15,"time":"2022-05-06T15:48:00.000Z","is_complete":true},{"open":129.36,"high":129.36,"low":129.36,"close":129.36,"volume":44,"time":"2022-05-06T15:49:00.000Z","is_complete":true}]}