{"candles":[{"open":127.99,"high":127.99,"low":127.21,"close":127.98,"volume":13941,"time":"2022-05-16T07:00:00.000Z","is_complete":true},{"open":127.97,"high":129.07,"low":127.96,"close":128.9,"volume":9833,"time":"2022-05-16T07:01:00.000Z","is_complete":true},{"open":128.89,"high":129.41,"low":128.85,"close":129.33,"volume":7378,"time":"2022-05-16T07:02:00.000Z","is_complete":true},{"open":129.39,"high":129.67,"low":129.34,"close":129.6,"volume":3090,"time":"2022-05-16T07:03:00.000Z","is_complete":true},{"open":129.6,"high":129.61,"low":129.3,"close":129.31,"volume":2270,"time":"2022-05-16T07:04:00.000Z","is_complete":true},{"open":129.37,"high":130.8,"low":129.37,"close":130.54,"volume":30943,"time":"2022-05-16T07:05:00.000Z","is_complete":true},{"open":130.59,"high":131.59,"low":130.59,"close":131.03,"volume":50337,"time":"2022-05-16T07:06:00.000Z","is_complete":true},{"open":131.03,"high":131.87,"low":130.79,"close":131.54,"volume":43728,"time":"2022-05-16T07:07:00.000Z","is_complete":true},{"open":131.53,"high":131.89,"low":131.24,"close":131.24,"volume":17568,"time":"2022-05-16T07:08:00.000Z","is_complete":true},{"open":131.23,"high":131.79,"low":131.14,"close":131.77,"volume":3792,"time":"2022-05-16T07:09:00.000Z","is_complete":true},{"open":131.57,"high":132.23,"low":131.2,"close":131.34,"volume":42638,"time":"2022-05-16T07:10:00.000Z","is_complete":true},{"open":131.25,"high":131.25,"low":130.15,"close":130.51,"volume":20244,"time":"2022-05-16T07:11:00.000Z","is_complete":true},{"open":130.33,"high":130.6,"low":130.33,"close":130.6,"volume":2698,"time":"2022-05-16T07:12:00.000Z","is_complete":true},{"open":130.6,"high":131.17,"low":130.6,"close":131.05,"volume":14983,"time":"2022-05-16T07:13:00.000Z","is_complete":true},{"open":131.05,"high":131.22,"low":130.5,"close":130.54,"volume":6384,"time":"2022-05-16T07:14:00.000Z","is_complete":true},{"open":130.66,"high":130.7,"low":130.5,"close":130.68,"volume":1039,"time":"2022-05-16T07:15:00.000Z","is_complete":true},{"open":130.69,"high":130.86,"low":130.53,"close":130.7,"volume":4931,"time":"2022-05-16T07:16:00.000Z","is_complete":true},{"open":130.7,"high":130.71,"low":130.36,"close":130.36,"volume":17011,"time":"2022-05-16T07:17:00.000Z","is_complete":true},{"open":130.36,"high":130.49,"low":130.01,"close":130.1,"volume":9839,"time":"2022-05-16T07:18:00.000Z","is_complete":true},{"open":130.1,"high":130.29,"low":130.05,"close":130.16,"volume":1676,"time":"2022-05-16T07:19:00.000Z","is_complete":true},{"open":130.18,"high":130.18,"low":130.08,"close":130.15,"volume":362,"time":"2022-05-16T07:20:00.000Z","is_complete":true},{"open":130.18,"high":130.2,"low":129.6,"close":129.73,"volume":15886,"time":"2022-05-16T07:21:00.000Z","is_complete":true},{"open":129.98,"high":129.99,"low":129.8,"close":129.99,"volume":1082,"time":"2022-05-16T07:22:00.000Z","is_complete":true},{"open":129.79,"high":130.47,"low":129.79,"close":130.15,"volume":1158,"time":"2022-05-16T07:23:00.000Z","is_complete":true},{"open":130.39,"high":130.69,"low":130.22,"close":130.69,"volume":259,"time":"2022-05-16T07:24:00.000Z","is_complete":true},{"open":130.67,"high":130.97,"low":130.67,"close":130.8,"volume":2296,"time":"2022-05-16T07:25:00.000Z","is_complete":true},{"open":130.8,"high":130.94,"low":130.77,"close":130.8,"volume":330,"time":"2022-05-16T07:26:00.000Z","is_complete":true},{"open":130.81,"high":130.94,"low":130.8,"close":130.93,"volume":278,"time":"2022-05-16T07:27:00.000Z","is_complete":true},{"open":130.91,"high":131,"low":130.84,"close":131,"volume":5273,"time":"2022-05-16T07:28:00.000Z","is_complete":true},{"open":130.98,"high":131,"low":130.98,"close":130.99,"volume":2082,"time":"2022-05-16T07:29:00.000Z","is_complete":true},{"open":130.99,"high":131.5,"low":130.85,"close":131.2,"volume":21816,"time":"2022-05-16T07:30:00.000Z","is_complete":true},{"open":131.18,"high":131.24,"low":131.18,"close":131.24,"volume":516,"time":"2022-05-16T07:31:00.000Z","is_complete":true},{"open":131.24,"high":131.5,"low":131.24,"close":131.5,"volume":3515,"time":"2022-05-16T07:32:00.000Z","is_complete":true},{"open":131.5,"high":131.86,"low":131.5,"close":131.61,"volume":14045,"time":"2022-05-16T07:33:00.000Z","is_complete":true},{"open":131.6,"high":131.6,"low":131.38,"close":131.53,"volume":3337,"time":"2022-05-16T07:34:00.000Z","is_complete":true},{"open":131.53,"high":131.69,"low":131.36,"close":131.58,"volume":1151,"time":"2022-05-16T07:35:00.000Z","is_complete":true},{"open":131.51,"high":131.52,"low":131.24,"close":131.35,"volume":2379,"time":"2022-05-16T07:36:00.000Z","is_complete":true},{"open":131.35,"high":131.48,"low":131.3,"close":131.48,"volume":1336,"time":"2022-05-16T07:37:00.000Z","is_complete":true},{"open":131.48,"high":131.48,"low":131.2,"close":131.25,"volume":2075,"time":"2022-05-16T07:38:00.000Z","is_complete":true},{"open":131.27,"high":131.5,"low":131.25,"close":131.5,"volume":854,"time":"2022-05-16T07:39:00.000Z","is_complete":true},{"open":131.5,"high":131.8,"low":131.46,"close":131.7,"volume":11711,"time":"2022-05-16T07:40:00.000Z","is_complete":true},{"open":131.7,"high":131.77,"low":131.7,"close":131.75,"volume":2670,"time":"2022-05-16T07:41:00.000Z","is_complete":true},{"open":131.71,"high":131.78,"low":131.7,"close":131.78,"volume":2717,"time":"2022-05-16T07:42:00.000Z","is_complete":true},{"open":131.78,"high":132,"low":131.6,"close":131.79,"volume":17415,"time":"2022-05-16T07:43:00.000Z","is_complete":true},{"open":131.78,"high":132.11,"low":131.71,"close":132.07,"volume":15604,"time":"2022-05-16T07:44:00.000Z","is_complete":true},{"open":132.01,"high":132.13,"low":131.69,"close":131.9,"volume":3348,"time":"2022-05-16T07:45:00.000Z","is_complete":true},{"open":131.77,"high":131.9,"low":131.58,"close":131.58,"volume":3156,"time":"2022-05-16T07:46:00.000Z","is_complete":true},{"open":131.59,"high":131.85,"low":131.5,"close":131.77,"volume":3024,"time":"2022-05-16T07:47:00.000Z","is_complete":true},{"open":131.77,"high":131.77,"low":131.59,"close":131.59,"volume":50,"time":"2022-05-16T07:48:00.000Z","is_complete":true},{"open":131.59,"high":131.74,"low":131.5,"close":131.5,"volume":3285,"time":"2022-05-16T07:49:00.000Z","is_complete":true},{"open":131.5,"high":131.75,"low":131.5,"close":131.67,"volume":1687,"time":"2022-05-16T07:50:00.000Z","is_complete":true},{"open":131.62,"high":131.76,"low":131.59,"close":131.59,"volume":5368,"time":"2022-05-16T07:51:00.000Z","is_complete":true},{"open":131.67,"high":131.67,"low":131.59,"close":131.67,"volume":583,"time":"2022-05-16T07:52:00.000Z","is_complete":true},{"open":131.74,"high":131.94,"low":131.68,"close":131.93,"volume":11264,"time":"2022-05-16T07:53:00.000Z","is_complete":true},{"open":131.92,"high":131.92,"low":131.77,"close":131.77,"volume":7515,"time":"2022-05-16T07:54:00.000Z","is_complete":true},{"open":131.84,"high":131.92,"low":131.84,"close":131.89,"volume":3206,"time":"2022-05-16T07:55:00.000Z","is_complete":true},{"open":131.84,"high":131.95,"low":131.84,"close":131.95,"volume":4078,"time":"2022-05-16T07:56:00.000Z","is_complete":true},{"open":131.95,"high":131.98,"low":131.85,"close":131.97,"volume":1699,"time":"2022-05-16T07:57:00.000Z","is_complete":true},{"open":131.95,"high":131.97,"low":131.77,"close":131.77,"volume":6529,"time":"2022-05-16T07:58:00.000Z","is_complete":true},{"open":131.86,"high":131.98,"low":131.77,"close":131.85,"volume":4145,"time":"2022-05-16T07:59:00.000Z","is_complete":true},{"open":131.85,"high":131.98,"low":131.78,"close":131.78,"volume":7161,"time":"2022-05-16T08:00:00.000Z","is_complete":true},{"open":131.86,"high":131.96,"low":131.8,"close":131.92,"volume":2033,"time":"2022-05-16T08:01:00.000Z","is_complete":true},{"open":131.84,"high":131.9,"low":131.59,"close":131.77,"volume":21738,"time":"2022-05-16T08:02:00.000Z","is_complete":true},{"open":131.77,"high":131.86,"low":131.65,"close":131.76,"volume":232,"time":"2022-05-16T08:03:00.000Z","is_complete":true},{"open":131.63,"high":131.64,"low":131.6,"close":131.6,"volume":236,"time":"2022-05-16T08:04:00.000Z","is_complete":true},{"open":131.6,"high":131.64,"low":131.6,"close":131.61,"volume":1210,"time":"2022-05-16T08:05:00.000Z","is_complete":true},{"open":131.61,"high":131.63,"low":131.61,"close":131.61,"volume":58,"time":"2022-05-16T08:06:00.000Z","is_complete":true},{"open":131.61,"high":131.63,"low":131.6,"close":131.6,"volume":2323,"time":"2022-05-16T08:07:00.000Z","is_complete":true},{"open":131.62,"high":131.63,"low":131.25,"close":131.25,"volume":8357,"time":"2022-05-16T08:08:00.000Z","is_complete":true},{"open":131.36,"high":131.36,"low":131.19,"close":131.2,"volume":3139,"time":"2022-05-16T08:09:00.000Z","is_complete":true},{"open":131.2,"high":131.2,"low":131.18,"close":131.18,"volume":7153,"time":"2022-05-16T08:10:00.000Z","is_complete":true},{"open":131.2,"high":131.52,"low":131.2,"close":131.26,"volume":3940,"time":"2022-05-16T08:11:00.000Z","is_complete":true},{"open":131.48,"high":131.85,"low":131.48,"close":131.79,"volume":5557,"time":"2022-05-16T08:12:00.000Z","is_complete":true},{"open":131.8,"high":131.87,"low":131.68,"close":131.87,"volume":463,"time":"2022-05-16T08:13:00.000Z","is_complete":true},{"open":131.8,"high":131.88,"low":131.8,"close":131.85,"volume":211,"time":"2022-05-16T08:14:00.000Z","is_complete":true},{"open":131.85,"high":131.85,"low":131.67,"close":131.85,"volume":151,"time":"2022-05-16T08:15:00.000Z","is_complete":true},{"open":131.84,"high":131.84,"low":131.66,"close":131.66,"volume":77,"time":"2022-05-16T08:16:00.000Z","is_complete":true},{"open":131.9,"high":131.99,"low":131.77,"close":131.91,"volume":4716,"time":"2022-05-16T08:17:00.000Z","is_complete":true},{"open":131.98,"high":132.1,"low":131.98,"close":131.98,"volume":30301,"time":"2022-05-16T08:18:00.000Z","is_complete":true},{"open":131.98,"high":132.18,"low":131.86,"close":132.18,"volume":13398,"time":"2022-05-16T08:19:00.000Z","is_complete":true},{"open":132.18,"high":132.18,"low":131.54,"close":132.06,"volume":9381,"time":"2022-05-16T08:20:00.000Z","is_complete":true},{"open":131.86,"high":132.15,"low":131.71,"close":131.87,"volume":3330,"time":"2022-05-16T08:21:00.000Z","is_complete":true},{"open":131.86,"high":132.16,"low":131.86,"close":132.04,"volume":4296,"time":"2022-05-16T08:22:00.000Z","is_complete":true},{"open":132.12,"high":132.15,"low":131.88,"close":131.89,"volume":2734,"time":"2022-05-16T08:23:00.000Z","is_complete":true},{"open":132.03,"high":132.15,"low":132.03,"close":132.1,"volume":1313,"time":"2022-05-16T08:24:00.000Z","is_complete":true},{"open":132.05,"high":132.1,"low":131.85,"close":132.09,"volume":6138,"time":"2022-05-16T08:25:00.000Z","is_complete":true},{"open":132.06,"high":132.14,"low":131.85,"close":131.85,"volume":3545,"time":"2022-05-16T08:26:00.000Z","is_complete":true},{"open":131.9,"high":131.97,"low":131.85,"close":131.85,"volume":1358,"time":"2022-05-16T08:27:00.000Z","is_complete":true},{"open":131.96,"high":132,"low":131.85,"close":131.85,"volume":1389,"time":"2022-05-16T08:28:00.000Z","is_complete":true},{"open":132,"high":132,"low":131.99,"close":132,"volume":9,"time":"2022-05-16T08:29:00.000Z","is_complete":true},{"open":131.9,"high":131.9,"low":131.86,"close":131.86,"volume":206,"time":"2022-05-16T08:30:00.000Z","is_complete":true},{"open":131.88,"high":131.9,"low":131.88,"close":131.9,"volume":27,"time":"2022-05-16T08:31:00.000Z","is_complete":true},{"open":131.9,"high":132,"low":131.85,"close":131.99,"volume":3439,"time":"2022-05-16T08:32:00.000Z","is_complete":true},{"open":131.98,"high":132,"low":131.85,"close":131.85,"volume":1150,"time":"2022-05-16T08:33:00.000Z","is_complete":true},{"open":131.83,"high":131.83,"low":131.69,"close":131.69,"volume":213,"time":"2022-05-16T08:34:00.000Z","is_complete":true},{"open":131.8,"high":131.91,"low":131.72,"close":131.72,"volume":2132,"time":"2022-05-16T08:35:00.000Z","is_complete":true},{"open":131.72,"high":131.79,"low":131.72,"close":131.79,"volume":9,"time":"2022-05-16T08:36:00.000Z","is_complete":true},{"open":131.72,"high":131.79,"low":131.66,"close":131.79,"volume":33,"time":"2022-05-16T08:37:00.000Z","is_complete":true},{"open":131.79,"high":131.79,"low":131.79,"close":131.79,"volume":7,"time":"2022-05-16T08:38:00.000Z","is_complete":true},{"open":131.67,"high":131.74,"low":131.53,"close":131.53,"volume":2736,"time":"2022-05-16T08:39:00.000Z","is_complete":true},{"open":131.56,"high":131.69,"low":131.55,"close":131.66,"volume":393,"time":"2022-05-16T08:40:00.000Z","is_complete":true},{"open":131.68,"high":131.74,"low":131.66,"close":131.67,"volume":573,"time":"2022-05-16T08:41:00.000Z","is_complete":true},{"open":131.7,"high":131.9,"low":131.7,"close":131.8,"volume":2751,"time":"2022-05-16T08:42:00.000Z","is_complete":true},{"open":131.85,"high":131.85,"low":131.74,"close":131.8,"volume":821,"time":"2022-05-16T08:43:00.000Z","is_complete":true},{"open":131.79,"high":131.8,"low":131.75,"close":131.75,"volume":134,"time":"2022-05-16T08:44:00.000Z","is_complete":true},{"open":131.75,"high":131.75,"low":131.74,"close":131.75,"volume":3209,"time":"2022-05-16T08:45:00.000Z","is_complete":true},{"open":131.75,"high":131.9,"low":131.75,"close":131.82,"volume":3827,"time":"2022-05-16T08:46:00.000Z","is_complete":true},{"open":131.85,"high":131.85,"low":131.74,"close":131.74,"volume":3795,"time":"2022-05-16T08:47:00.000Z","is_complete":true},{"open":131.72,"high":131.72,"low":131.7,"close":131.7,"volume":107,"time":"2022-05-16T08:48:00.000Z","is_complete":true},{"open":131.69,"high":131.69,"low":131.55,"close":131.68,"volume":624,"time":"2022-05-16T08:49:00.000Z","is_complete":true},{"open":131.68,"high":131.68,"low":131.6,"close":131.6,"volume":2279,"time":"2022-05-16T08:50:00.000Z","is_complete":true},{"open":131.55,"high":131.67,"low":131.51,"close":131.67,"volume":1013,"time":"2022-05-16T08:51:00.000Z","is_complete":true},{"open":131.67,"high":131.68,"low":131.67,"close":131.68,"volume":170,"time":"2022-05-16T08:52:00.000Z","is_complete":true},{"open":131.54,"high":131.54,"low":131.53,"close":131.54,"volume":256,"time":"2022-05-16T08:53:00.000Z","is_complete":true},{"open":131.53,"high":131.54,"low":131.51,"close":131.53,"volume":692,"time":"2022-05-16T08:54:00.000Z","is_complete":true},{"open":131.52,"high":131.68,"low":131.51,"close":131.68,"volume":2828,"time":"2022-05-16T08:55:00.000Z","is_complete":true},{"open":131.68,"high":131.68,"low":131.55,"close":131.66,"volume":115,"time":"2022-05-16T08:56:00.000Z","is_complete":true},{"open":131.67,"high":131.67,"low":131.51,"close":131.6,"volume":1081,"time":"2022-05-16T08:57:00.000Z","is_complete":true},{"open":131.52,"high":131.65,"low":131.5,"close":131.65,"volume":1422,"time":"2022-05-16T08:58:00.000Z","is_complete":true},{"open":131.6,"high":131.65,"low":131.54,"close":131.54,"volume":312,"time":"2022-05-16T08:59:00.000Z","is_complete":true},{"open":131.54,"high":131.63,"low":131.54,"close":131.56,"volume":286,"time":"2022-05-16T09:00:00.000Z","is_complete":true},{"open":131.55,"high":131.59,"low":131.55,"close":131.59,"volume":34,"time":"2022-05-16T09:01:00.000Z","is_complete":true},{"open":131.55,"high":131.6,"low":131.55,"close":131.6,"volume":437,"time":"2022-05-16T09:02:00.000Z","is_complete":true},{"open":131.61,"high":131.61,"low":131.59,"close":131.61,"volume":2621,"time":"2022-05-16T09:03:00.000Z","is_complete":true},{"open":131.59,"high":131.59,"low":131.55,"close":131.55,"volume":176,"time":"2022-05-16T09:04:00.000Z","is_complete":true},{"open":131.59,"high":131.59,"low":131.59,"close":131.59,"volume":100,"time":"2022-05-16T09:05:00.000Z","is_complete":true},{"open":131.59,"high":131.59,"low":131.55,"close":131.59,"volume":30,"time":"2022-05-16T09:06:00.000Z","is_complete":true},{"open":131.55,"high":131.59,"low":131.55,"close":131.55,"volume":1121,"time":"2022-05-16T09:07:00.000Z","is_complete":true},{"open":131.55,"high":131.55,"low":131.5,"close":131.5,"volume":2426,"time":"2022-05-16T09:08:00.000Z","is_complete":true},{"open":131.5,"high":131.51,"low":131.45,"close":131.51,"volume":3738,"time":"2022-05-16T09:09:00.000Z","is_complete":true},{"open":131.51,"high":131.51,"low":131.45,"close":131.45,"volume":2406,"time":"2022-05-16T09:10:00.000Z","is_complete":true},{"open":131.45,"high":131.45,"low":131.19,"close":131.2,"volume":4269,"time":"2022-05-16T09:11:00.000Z","is_complete":true},{"open":131.2,"high":131.3,"low":131.19,"close":131.19,"volume":188,"time":"2022-05-16T09:12:00.000Z","is_complete":true},{"open":131.19,"high":131.29,"low":131.17,"close":131.29,"volume":3384,"time":"2022-05-16T09:13:00.000Z","is_complete":true},{"open":131.29,"high":131.67,"low":131.29,"close":131.5,"volume":5538,"time":"2022-05-16T09:14:00.000Z","is_complete":true},{"open":131.44,"high":131.5,"low":131.22,"close":131.48,"volume":1195,"time":"2022-05-16T09:15:00.000Z","is_complete":true},{"open":131.46,"high":131.7,"low":131.46,"close":131.69,"volume":5591,"time":"2022-05-16T09:16:00.000Z","is_complete":true},{"open":131.7,"high":131.72,"low":131.69,"close":131.69,"volume":5630,"time":"2022-05-16T09:17:00.000Z","is_complete":true},{"open":131.51,"high":131.51,"low":131.41,"close":131.51,"volume":1128,"time":"2022-05-16T09:18:00.000Z","is_complete":true},{"open":131.49,"high":131.52,"low":131.49,"close":131.52,"volume":128,"time":"2022-05-16T09:19:00.000Z","is_complete":true},{"open":131.57,"high":131.57,"low":131.51,"close":131.52,"volume":109,"time":"2022-05-16T09:20:00.000Z","is_complete":true},{"open":131.55,"high":131.56,"low":131.5,"close":131.5,"volume":3278,"time":"2022-05-16T09:21:00.000Z","is_complete":true},{"open":131.53,"high":131.53,"low":131.36,"close":131.5,"volume":1084,"time":"2022-05-16T09:22:00.000Z","is_complete":true},{"open":131.36,"high":131.47,"low":131.31,"close":131.45,"volume":103,"time":"2022-05-16T09:23:00.000Z","is_complete":true},{"open":131.41,"high":131.41,"low":131.31,"close":131.38,"volume":1076,"time":"2022-05-16T09:24:00.000Z","is_complete":true},{"open":131.39,"high":131.41,"low":131.2,"close":131.41,"volume":2088,"time":"2022-05-16T09:25:00.000Z","is_complete":true},{"open":131.25,"high":131.37,"low":131.21,"close":131.21,"volume":213,"time":"2022-05-16T09:26:00.000Z","is_complete":true},{"open":131.23,"high":131.36,"low":131.2,"close":131.2,"volume":1121,"time":"2022-05-16T09:27:00.000Z","is_complete":true},{"open":131.23,"high":131.23,"low":131.2,"close":131.2,"volume":96,"time":"2022-05-16T09:28:00.000Z","is_complete":true},{"open":131.27,"high":131.28,"low":131.27,"close":131.27,"volume":52,"time":"2022-05-16T09:29:00.000Z","is_complete":true},{"open":131.27,"high":131.5,"low":131.21,"close":131.22,"volume":7632,"time":"2022-05-16T09:30:00.000Z","is_complete":true},{"open":131.42,"high":131.49,"low":131.37,"close":131.38,"volume":15,"time":"2022-05-16T09:31:00.000Z","is_complete":true},{"open":131.48,"high":131.48,"low":131.38,"close":131.38,"volume":42,"time":"2022-05-16T09:32:00.000Z","is_complete":true},{"open":131.38,"high":131.48,"low":131.29,"close":131.4,"volume":555,"time":"2022-05-16T09:33:00.000Z","is_complete":true},{"open":131.37,"high":131.45,"low":131.26,"close":131.45,"volume":132,"time":"2022-05-16T09:34:00.000Z","is_complete":true},{"open":131.45,"high":131.5,"low":131.35,"close":131.5,"volume":6488,"time":"2022-05-16T09:35:00.000Z","is_complete":true},{"open":131.5,"high":131.5,"low":131.35,"close":131.5,"volume":1016,"time":"2022-05-16T09:36:00.000Z","is_complete":true},{"open":131.49,"high":131.5,"low":131.49,"close":131.49,"volume":14,"time":"2022-05-16T09:37:00.000Z","is_complete":true},{"open":131.39,"high":131.5,"low":131.39,"close":131.5,"volume":158,"time":"2022-05-16T09:38:00.000Z","is_complete":true},{"open":131.5,"high":131.5,"low":131.3,"close":131.32,"volume":5016,"time":"2022-05-16T09:39:00.000Z","is_complete":true},{"open":131.32,"high":131.48,"low":131.3,"close":131.48,"volume":103,"time":"2022-05-16T09:40:00.000Z","is_complete":true},{"open":131.46,"high":131.47,"low":131.46,"close":131.47,"volume":510,"time":"2022-05-16T09:41:00.000Z","is_complete":true},{"open":131.35,"high":131.46,"low":131.35,"close":131.44,"volume":63,"time":"2022-05-16T09:42:00.000Z","is_complete":true},{"open":131.36,"high":131.46,"low":131.36,"close":131.46,"volume":17,"time":"2022-05-16T09:43:00.000Z","is_complete":true},{"open":131.47,"high":131.47,"low":131.36,"close":131.36,"volume":31,"time":"2022-05-16T09:44:00.000Z","is_complete":true},{"open":131.38,"high":131.49,"low":131.37,"close":131.49,"volume":431,"time":"2022-05-16T09:45:00.000Z","is_complete":true},{"open":131.48,"high":131.99,"low":131.48,"close":131.99,"volume":34295,"time":"2022-05-16T09:46:00.000Z","is_complete":true},{"open":131.9,"high":132.14,"low":131.9,"close":132.13,"volume":13452,"time":"2022-05-16T09:47:00.000Z","is_complete":true},{"open":132.11,"high":132.13,"low":132.1,"close":132.13,"volume":2170,"time":"2022-05-16T09:48:00.000Z","is_complete":true},{"open":132.13,"high":132.13,"low":131.83,"close":131.83,"volume":5250,"time":"2022-05-16T09:49:00.000Z","is_complete":true},{"open":132,"high":132,"low":131.74,"close":131.89,"volume":360,"time":"2022-05-16T09:50:00.000Z","is_complete":true},{"open":131.89,"high":132.04,"low":131.88,"close":132.04,"volume":3893,"time":"2022-05-16T09:51:00.000Z","is_complete":true},{"open":132.09,"high":132.09,"low":132.01,"close":132.03,"volume":1534,"time":"2022-05-16T09:52:00.000Z","is_complete":true},{"open":132.06,"high":132.67,"low":132.06,"close":132.52,"volume":66646,"time":"2022-05-16T09:53:00.000Z","is_complete":true},{"open":132.59,"high":132.67,"low":132.47,"close":132.6,"volume":2902,"time":"2022-05-16T09:54:00.000Z","is_complete":true},{"open":132.59,"high":132.6,"low":132.31,"close":132.31,"volume":6248,"time":"2022-05-16T09:55:00.000Z","is_complete":true},{"open":132.31,"high":132.33,"low":132.31,"close":132.33,"volume":403,"time":"2022-05-16T09:56:00.000Z","is_complete":true},{"open":132.35,"high":132.41,"low":132.35,"close":132.41,"volume":13,"time":"2022-05-16T09:57:00.000Z","is_complete":true},{"open":132.4,"high":132.46,"low":132.06,"close":132.24,"volume":16778,"time":"2022-05-16T09:58:00.000Z","is_complete":true},{"open":132.24,"high":132.24,"low":131.73,"close":131.85,"volume":39567,"time":"2022-05-16T09:59:00.000Z","is_complete":true},{"open":131.98,"high":132.01,"low":131.82,"close":131.95,"volume":137,"time":"2022-05-16T10:00:00.000Z","is_complete":true},{"open":131.89,"high":132.14,"low":131.81,"close":131.95,"volume":4222,"time":"2022-05-16T10:01:00.000Z","is_complete":true},{"open":131.96,"high":132.34,"low":131.95,"close":132.34,"volume":5543,"time":"2022-05-16T10:02:00.000Z","is_complete":true},{"open":132.31,"high":132.32,"low":132,"close":132.17,"volume":8377,"time":"2022-05-16T10:03:00.000Z","is_complete":true},{"open":132.17,"high":132.44,"low":132.1,"close":132.44,"volume":1528,"time":"2022-05-16T10:04:00.000Z","is_complete":true},{"open":132.23,"high":132.5,"low":132.23,"close":132.48,"volume":5013,"time":"2022-05-16T10:05:00.000Z","is_complete":true},{"open":132.48,"high":132.48,"low":132.41,"close":132.47,"volume":724,"time":"2022-05-16T10:06:00.000Z","is_complete":true},{"open":132.41,"high":132.5,"low":132.23,"close":132.23,"volume":6816,"time":"2022-05-16T10:07:00.000Z","is_complete":true},{"open":132.2,"high":132.27,"low":132.2,"close":132.27,"volume":1340,"time":"2022-05-16T10:08:00.000Z","is_complete":true},{"open":132.27,"high":132.4,"low":132.2,"close":132.2,"volume":848,"time":"2022-05-16T10:09:00.000Z","is_complete":true},{"open":132.2,"high":132.2,"low":132.04,"close":132.08,"volume":1252,"time":"2022-05-16T10:10:00.000Z","is_complete":true},{"open":132.08,"high":132.34,"low":132.08,"close":132.23,"volume":626,"time":"2022-05-16T10:11:00.000Z","is_complete":true},{"open":132.23,"high":132.3,"low":132.23,"close":132.3,"volume":828,"time":"2022-05-16T10:12:00.000Z","is_complete":true},{"open":132.3,"high":132.3,"low":132.23,"close":132.3,"volume":355,"time":"2022-05-16T10:13:00.000Z","is_complete":true},{"open":132.32,"high":132.32,"low":132.23,"close":132.23,"volume":204,"time":"2022-05-16T10:14:00.000Z","is_complete":true},{"open":132.29,"high":132.29,"low":132.11,"close":132.25,"volume":944,"time":"2022-05-16T10:15:00.000Z","is_complete":true},{"open":132.12,"high":132.12,"low":132.1,"close":132.12,"volume":705,"time":"2022-05-16T10:16:00.000Z","is_complete":true},{"open":132.13,"high":132.13,"low":132.12,"close":132.13,"volume":22,"time":"2022-05-16T10:17:00.000Z","is_complete":true},{"open":132.12,"high":132.12,"low":132.12,"close":132.12,"volume":1,"time":"2022-05-16T10:18:00.000Z","is_complete":true},{"open":132.12,"high":132.12,"low":132.1,"close":132.1,"volume":975,"time":"2022-05-16T10:19:00.000Z","is_complete":true},{"open":132.12,"high":132.12,"low":132.1,"close":132.1,"volume":108,"time":"2022-05-16T10:20:00.000Z","is_complete":true},{"open":132.1,"high":132.11,"low":132.1,"close":132.1,"volume":132,"time":"2022-05-16T10:21:00.000Z","is_complete":true},{"open":132.1,"high":132.11,"low":132.1,"close":132.1,"volume":17,"time":"2022-05-16T10:22:00.000Z","is_complete":true},{"open":132.1,"high":132.1,"low":132,"close":132.04,"volume":2891,"time":"2022-05-16T10:23:00.000Z","is_complete":true},{"open":132.03,"high":132.04,"low":132,"close":132.03,"volume":251,"time":"2022-05-16T10:24:00.000Z","is_complete":true},{"open":132.03,"high":132.03,"low":132,"close":132.02,"volume":171,"time":"2022-05-16T10:25:00.000Z","is_complete":true},{"open":132.03,"high":132.04,"low":132.02,"close":132.02,"volume":3503,"time":"2022-05-16T10:26:00.000Z","is_complete":true},{"open":132.03,"high":132.09,"low":132.02,"close":132.09,"volume":51,"time":"2022-05-16T10:27:00.000Z","is_complete":true},{"open":132.09,"high":132.11,"low":132.09,"close":132.11,"volume":1009,"time":"2022-05-16T10:28:00.000Z","is_complete":true},{"open":132.1,"high":132.11,"low":131.97,"close":131.97,"volume":955,"time":"2022-05-16T10:29:00.000Z","is_complete":true},{"open":132.08,"high":132.19,"low":132,"close":132,"volume":729,"time":"2022-05-16T10:30:00.000Z","is_complete":true},{"open":132,"high":132,"low":131.96,"close":132,"volume":172,"time":"2022-05-16T10:31:00.000Z","is_complete":true},{"open":131.97,"high":132,"low":131.96,"close":132,"volume":6377,"time":"2022-05-16T10:32:00.000Z","is_complete":true},{"open":132.04,"high":132.06,"low":132.04,"close":132.06,"volume":235,"time":"2022-05-16T10:33:00.000Z","is_complete":true},{"open":132.08,"high":132.19,"low":132,"close":132,"volume":678,"time":"2022-05-16T10:34:00.000Z","is_complete":true},{"open":132.18,"high":132.2,"low":132.09,"close":132.09,"volume":21,"time":"2022-05-16T10:36:00.000Z","is_complete":true},{"open":132.17,"high":132.17,"low":132.09,"close":132.09,"volume":1001,"time":"2022-05-16T10:37:00.000Z","is_complete":true},{"open":132.18,"high":132.2,"low":132.11,"close":132.11,"volume":6,"time":"2022-05-16T10:38:00.000Z","is_complete":true},{"open":132.09,"high":132.19,"low":132.09,"close":132.09,"volume":11,"time":"2022-05-16T10:39:00.000Z","is_complete":true},{"open":132.16,"high":132.17,"low":132.1,"close":132.1,"volume":221,"time":"2022-05-16T10:40:00.000Z","is_complete":true},{"open":132.1,"high":132.1,"low":132.09,"close":132.1,"volume":145,"time":"2022-05-16T10:41:00.000Z","is_complete":true},{"open":132.12,"high":132.19,"low":132.1,"close":132.18,"volume":87,"time":"2022-05-16T10:42:00.000Z","is_complete":true},{"open":132.2,"high":132.34,"low":132.2,"close":132.31,"volume":1603,"time":"2022-05-16T10:43:00.000Z","is_complete":true},{"open":132.31,"high":132.34,"low":132.3,"close":132.34,"volume":1103,"time":"2022-05-16T10:44:00.000Z","is_complete":true},{"open":132.31,"high":132.31,"low":132.31,"close":132.31,"volume":24,"time":"2022-05-16T10:45:00.000Z","is_complete":true},{"open":132.32,"high":132.32,"low":132.3,"close":132.3,"volume":486,"time":"2022-05-16T10:46:00.000Z","is_complete":true},{"open":132.31,"high":132.5,"low":132.3,"close":132.34,"volume":35190,"time":"2022-05-16T10:47:00.000Z","is_complete":true},{"open":132.37,"high":132.59,"low":132.37,"close":132.47,"volume":5932,"time":"2022-05-16T10:48:00.000Z","is_complete":true},{"open":132.49,"high":132.6,"low":132.46,"close":132.6,"volume":4294,"time":"2022-05-16T10:49:00.000Z","is_complete":true},{"open":132.59,"high":132.64,"low":132.59,"close":132.64,"volume":335,"time":"2022-05-16T10:50:00.000Z","is_complete":true},{"open":132.62,"high":132.79,"low":132.6,"close":132.78,"volume":927,"time":"2022-05-16T10:51:00.000Z","is_complete":true},{"open":132.78,"high":132.78,"low":132.59,"close":132.68,"volume":1448,"time":"2022-05-16T10:52:00.000Z","is_complete":true},{"open":132.67,"high":132.95,"low":132.61,"close":132.82,"volume":7834,"time":"2022-05-16T10:53:00.000Z","is_complete":true},{"open":132.9,"high":133,"low":132.73,"close":132.73,"volume":2608,"time":"2022-05-16T10:54:00.000Z","is_complete":true},{"open":132.75,"high":132.75,"low":132.71,"close":132.73,"volume":509,"time":"2022-05-16T10:55:00.000Z","is_complete":true},{"open":132.71,"high":132.73,"low":132.71,"close":132.73,"volume":1136,"time":"2022-05-16T10:56:00.000Z","is_complete":true},{"open":132.83,"high":132.88,"low":132.75,"close":132.75,"volume":133,"time":"2022-05-16T10:57:00.000Z","is_complete":true},{"open":132.75,"high":132.75,"low":132.61,"close":132.61,"volume":4051,"time":"2022-05-16T10:58:00.000Z","is_complete":true},{"open":132.65,"high":132.82,"low":132.6,"close":132.81,"volume":2157,"time":"2022-05-16T10:59:00.000Z","is_complete":true},{"open":132.67,"high":132.98,"low":132.67,"close":132.98,"volume":7982,"time":"2022-05-16T11:00:00.000Z","is_complete":true},{"open":132.94,"high":133.1,"low":132.94,"close":133.1,"volume":17667,"time":"2022-05-16T11:01:00.000Z","is_complete":true},{"open":133.02,"high":133.1,"low":132.94,"close":133,"volume":5468,"time":"2022-05-16T11:02:00.000Z","is_complete":true},{"open":133,"high":133.1,"low":132.99,"close":133.1,"volume":6575,"time":"2022-05-16T11:03:00.000Z","is_complete":true},{"open":133,"high":133.09,"low":132.95,"close":132.95,"volume":277,"time":"2022-05-16T11:04:00.000Z","is_complete":true},{"open":132.95,"high":133.1,"low":132.95,"close":133.04,"volume":2880,"time":"2022-05-16T11:05:00.000Z","is_complete":true},{"open":133.09,"high":133.1,"low":133.05,"close":133.09,"volume":3073,"time":"2022-05-16T11:06:00.000Z","is_complete":true},{"open":133.09,"high":133.09,"low":132.91,"close":132.95,"volume":1095,"time":"2022-05-16T11:07:00.000Z","is_complete":true},{"open":132.94,"high":132.96,"low":132.94,"close":132.96,"volume":1026,"time":"2022-05-16T11:08:00.000Z","is_complete":true},{"open":132.96,"high":133.01,"low":132.96,"close":133.01,"volume":8743,"time":"2022-05-16T11:09:00.000Z","is_complete":true},{"open":133.04,"high":133.05,"low":133,"close":133,"volume":2980,"time":"2022-05-16T11:10:00.000Z","is_complete":true},{"open":133.05,"high":133.1,"low":133.05,"close":133.08,"volume":5005,"time":"2022-05-16T11:11:00.000Z","is_complete":true},{"open":133.01,"high":133.01,"low":133.01,"close":133.01,"volume":511,"time":"2022-05-16T11:12:00.000Z","is_complete":true},{"open":133.05,"high":133.09,"low":133.05,"close":133.09,"volume":188,"time":"2022-05-16T11:13:00.000Z","is_complete":true},{"open":133.08,"high":133.13,"low":133.01,"close":133.1,"volume":1730,"time":"2022-05-16T11:14:00.000Z","is_complete":true},{"open":133.08,"high":133.1,"low":133.03,"close":133.1,"volume":212,"time":"2022-05-16T11:15:00.000Z","is_complete":true},{"open":133.05,"high":133.12,"low":133.05,"close":133.05,"volume":373,"time":"2022-05-16T11:16:00.000Z","is_complete":true},{"open":133.05,"high":133.09,"low":133.01,"close":133.09,"volume":257,"time":"2022-05-16T11:17:00.000Z","is_complete":true},{"open":133.07,"high":133.07,"low":133.06,"close":133.07,"volume":1229,"time":"2022-05-16T11:18:00.000Z","is_complete":true},{"open":133.02,"high":133.14,"low":133.02,"close":133.14,"volume":10539,"time":"2022-05-16T11:19:00.000Z","is_complete":true},{"open":133.14,"high":133.15,"low":133.1,"close":133.15,"volume":5193,"time":"2022-05-16T11:20:00.000Z","is_complete":true},{"open":133.15,"high":133.77,"low":133.15,"close":133.68,"volume":46571,"time":"2022-05-16T11:21:00.000Z","is_complete":true},{"open":133.66,"high":133.69,"low":133.5,"close":133.65,"volume":1327,"time":"2022-05-16T11:22:00.000Z","is_complete":true},{"open":133.65,"high":133.74,"low":133.53,"close":133.74,"volume":4870,"time":"2022-05-16T11:23:00.000Z","is_complete":true},{"open":133.74,"high":133.74,"low":133.7,"close":133.74,"volume":4091,"time":"2022-05-16T11:24:00.000Z","is_complete":true},{"open":133.74,"high":133.74,"low":133.68,"close":133.68,"volume":6651,"time":"2022-05-16T11:25:00.000Z","is_complete":true},{"open":133.69,"high":133.7,"low":133.3,"close":133.57,"volume":8347,"time":"2022-05-16T11:26:00.000Z","is_complete":true},{"open":133.43,"high":133.55,"low":133.3,"close":133.4,"volume":337,"time":"2022-05-16T11:27:00.000Z","is_complete":true},{"open":133.36,"high":133.36,"low":133.3,"close":133.3,"volume":317,"time":"2022-05-16T11:28:00.000Z","is_complete":true},{"open":133.3,"high":133.77,"low":133.15,"close":133.77,"volume":11686,"time":"2022-05-16T11:29:00.000Z","is_complete":true},{"open":133.35,"high":133.69,"low":133.35,"close":133.66,"volume":128,"time":"2022-05-16T11:30:00.000Z","is_complete":true},{"open":133.66,"high":133.66,"low":133.52,"close":133.52,"volume":2350,"time":"2022-05-16T11:31:00.000Z","is_complete":true},{"open":133.52,"high":133.52,"low":133.5,"close":133.5,"volume":636,"time":"2022-05-16T11:32:00.000Z","is_complete":true},{"open":133.5,"high":133.5,"low":132.96,"close":133.1,"volume":34771,"time":"2022-05-16T11:33:00.000Z","is_complete":true},{"open":133.12,"high":133.32,"low":133.1,"close":133.32,"volume":140,"time":"2022-05-16T11:34:00.000Z","is_complete":true},{"open":133.12,"high":133.18,"low":133,"close":133.11,"volume":1903,"time":"2022-05-16T11:35:00.000Z","is_complete":true},{"open":133.12,"high":133.24,"low":133.01,"close":133.01,"volume":751,"time":"2022-05-16T11:36:00.000Z","is_complete":true},{"open":133.04,"high":133.8,"low":133.04,"close":133.71,"volume":41596,"time":"2022-05-16T11:37:00.000Z","is_complete":true},{"open":133.7,"high":133.8,"low":132.89,"close":133.2,"volume":61982,"time":"2022-05-16T11:38:00.000Z","is_complete":true},{"open":133.2,"high":133.27,"low":133.04,"close":133.21,"volume":1886,"time":"2022-05-16T11:39:00.000Z","is_complete":true},{"open":133.21,"high":133.39,"low":133.21,"close":133.31,"volume":2135,"time":"2022-05-16T11:40:00.000Z","is_complete":true},{"open":133.31,"high":133.45,"low":133.31,"close":133.42,"volume":1395,"time":"2022-05-16T11:41:00.000Z","is_complete":true},{"open":133.39,"high":133.5,"low":133.37,"close":133.5,"volume":4002,"time":"2022-05-16T11:42:00.000Z","is_complete":true},{"open":133.53,"high":133.53,"low":133.5,"close":133.5,"volume":757,"time":"2022-05-16T11:43:00.000Z","is_complete":true},{"open":133.5,"high":133.51,"low":133.3,"close":133.3,"volume":5264,"time":"2022-05-16T11:44:00.000Z","is_complete":true},{"open":133.43,"high":133.43,"low":133.3,"close":133.3,"volume":819,"time":"2022-05-16T11:45:00.000Z","is_complete":true},{"open":133.33,"high":133.35,"low":133.3,"close":133.35,"volume":1060,"time":"2022-05-16T11:46:00.000Z","is_complete":true},{"open":133.31,"high":133.36,"low":133.2,"close":133.2,"volume":2155,"time":"2022-05-16T11:47:00.000Z","is_complete":true},{"open":133.37,"high":133.4,"low":133.22,"close":133.22,"volume":1127,"time":"2022-05-16T11:48:00.000Z","is_complete":true},{"open":133.36,"high":133.36,"low":133.01,"close":133.2,"volume":5802,"time":"2022-05-16T11:49:00.000Z","is_complete":true},{"open":133.07,"high":133.14,"low":133,"close":133.14,"volume":11260,"time":"2022-05-16T11:50:00.000Z","is_complete":true},{"open":133.1,"high":133.2,"low":133.07,"close":133.15,"volume":200,"time":"2022-05-16T11:51:00.000Z","is_complete":true},{"open":133.07,"high":133.21,"low":133.05,"close":133.05,"volume":2090,"time":"2022-05-16T11:52:00.000Z","is_complete":true},{"open":133.17,"high":134.44,"low":133.17,"close":133.73,"volume":180757,"time":"2022-05-16T11:53:00.000Z","is_complete":true},{"open":133.89,"high":135.15,"low":133.67,"close":134.76,"volume":128409,"time":"2022-05-16T11:54:00.000Z","is_complete":true},{"open":134.6,"high":134.91,"low":134.43,"close":134.63,"volume":6099,"time":"2022-05-16T11:55:00.000Z","is_complete":true},{"open":134.5,"high":134.7,"low":134.39,"close":134.53,"volume":5792,"time":"2022-05-16T11:56:00.000Z","is_complete":true},{"open":134.52,"high":134.96,"low":134.52,"close":134.8,"volume":7473,"time":"2022-05-16T11:57:00.000Z","is_complete":true},{"open":134.92,"high":135.45,"low":134.54,"close":134.98,"volume":80257,"time":"2022-05-16T11:58:00.000Z","is_complete":true},{"open":134.98,"high":135,"low":134.74,"close":135,"volume":5877,"time":"2022-05-16T11:59:00.000Z","is_complete":true},{"open":135,"high":135.5,"low":134.83,"close":135.28,"volume":26869,"time":"2022-05-16T12:00:00.000Z","is_complete":true},{"open":135.28,"high":135.29,"low":134.64,"close":134.99,"volume":27899,"time":"2022-05-16T12:01:00.000Z","is_complete":true},{"open":134.99,"high":135.1,"low":134.76,"close":135.09,"volume":8227,"time":"2022-05-16T12:02:00.000Z","is_complete":true},{"open":135,"high":135.48,"low":134.7,"close":134.74,"volume":57461,"time":"2022-05-16T12:03:00.000Z","is_complete":true},{"open":134.74,"high":134.81,"low":134,"close":134.67,"volume":34718,"time":"2022-05-16T12:04:00.000Z","is_complete":true},{"open":134.6,"high":134.7,"low":134.48,"close":134.63,"volume":567,"time":"2022-05-16T12:05:00.000Z","is_complete":true},{"open":134.58,"high":134.6,"low":134.32,"close":134.5,"volume":6047,"time":"2022-05-16T12:06:00.000Z","is_complete":true},{"open":134.5,"high":134.6,"low":134.5,"close":134.51,"volume":2736,"time":"2022-05-16T12:07:00.000Z","is_complete":true},{"open":134.6,"high":134.63,"low":134.53,"close":134.6,"volume":46,"time":"2022-05-16T12:08:00.000Z","is_complete":true},{"open":134.6,"high":134.71,"low":134.6,"close":134.71,"volume":899,"time":"2022-05-16T12:09:00.000Z","is_complete":true},{"open":134.7,"high":134.71,"low":134.58,"close":134.7,"volume":2017,"time":"2022-05-16T12:10:00.000Z","is_complete":true},{"open":134.7,"high":134.7,"low":133.75,"close":133.76,"volume":56112,"time":"2022-05-16T12:11:00.000Z","is_complete":true},{"open":133.9,"high":134.03,"low":133.82,"close":133.88,"volume":1198,"time":"2022-05-16T12:12:00.000Z","is_complete":true},{"open":133.83,"high":133.83,"low":133.2,"close":133.41,"volume":41242,"time":"2022-05-16T12:13:00.000Z","is_complete":true},{"open":133.36,"high":133.5,"low":133.3,"close":133.47,"volume":29852,"time":"2022-05-16T12:14:00.000Z","is_complete":true},{"open":133.43,"high":133.5,"low":133.32,"close":133.45,"volume":7606,"time":"2022-05-16T12:15:00.000Z","is_complete":true},{"open":133.46,"high":133.47,"low":133.31,"close":133.44,"volume":1105,"time":"2022-05-16T12:16:00.000Z","is_complete":true},{"open":133.33,"high":133.42,"low":133.31,"close":133.33,"volume":821,"time":"2022-05-16T12:17:00.000Z","is_complete":true},{"open":133.31,"high":133.4,"low":133.31,"close":133.34,"volume":905,"time":"2022-05-16T12:18:00.000Z","is_complete":true},{"open":133.44,"high":133.47,"low":133.34,"close":133.41,"volume":487,"time":"2022-05-16T12:19:00.000Z","is_complete":true},{"open":133.4,"high":133.47,"low":133.34,"close":133.47,"volume":2079,"time":"2022-05-16T12:20:00.000Z","is_complete":true},{"open":133.4,"high":133.4,"low":133.27,"close":133.27,"volume":6195,"time":"2022-05-16T12:21:00.000Z","is_complete":true},{"open":133.28,"high":133.28,"low":133.1,"close":133.18,"volume":15003,"time":"2022-05-16T12:22:00.000Z","is_complete":true},{"open":133.1,"high":133.16,"low":132.95,"close":133.07,"volume":7216,"time":"2022-05-16T12:23:00.000Z","is_complete":true},{"open":132.95,"high":133.08,"low":132.86,"close":133.08,"volume":5718,"time":"2022-05-16T12:24:00.000Z","is_complete":true},{"open":133.08,"high":133.17,"low":132.9,"close":132.9,"volume":13729,"time":"2022-05-16T12:25:00.000Z","is_complete":true},{"open":132.9,"high":133,"low":132.54,"close":132.54,"volume":12316,"time":"2022-05-16T12:26:00.000Z","is_complete":true},{"open":132.54,"high":132.81,"low":132.5,"close":132.81,"volume":5698,"time":"2022-05-16T12:27:00.000Z","is_complete":true},{"open":132.62,"high":132.87,"low":132.55,"close":132.82,"volume":3807,"time":"2022-05-16T12:28:00.000Z","is_complete":true},{"open":132.64,"high":132.86,"low":132.56,"close":132.73,"volume":5049,"time":"2022-05-16T12:29:00.000Z","is_complete":true},{"open":132.72,"high":132.84,"low":132.72,"close":132.8,"volume":738,"time":"2022-05-16T12:30:00.000Z","is_complete":true},{"open":132.82,"high":132.84,"low":132.78,"close":132.78,"volume":291,"time":"2022-05-16T12:31:00.000Z","is_complete":true},{"open":132.83,"high":132.96,"low":132.78,"close":132.9,"volume":5952,"time":"2022-05-16T12:32:00.000Z","is_complete":true},{"open":132.9,"high":133,"low":132.83,"close":132.98,"volume":4879,"time":"2022-05-16T12:33:00.000Z","is_complete":true},{"open":133,"high":133.25,"low":132.98,"close":133.12,"volume":26164,"time":"2022-05-16T12:34:00.000Z","is_complete":true},{"open":133.12,"high":133.32,"low":133.12,"close":133.32,"volume":1165,"time":"2022-05-16T12:35:00.000Z","is_complete":true},{"open":133.25,"high":133.38,"low":133.15,"close":133.33,"volume":4991,"time":"2022-05-16T12:36:00.000Z","is_complete":true},{"open":133.22,"high":133.37,"low":133.19,"close":133.27,"volume":4583,"time":"2022-05-16T12:37:00.000Z","is_complete":true},{"open":133.26,"high":133.3,"low":133.26,"close":133.3,"volume":332,"time":"2022-05-16T12:38:00.000Z","is_complete":true},{"open":133.3,"high":133.46,"low":133.3,"close":133.4,"volume":1690,"time":"2022-05-16T12:39:00.000Z","is_complete":true},{"open":133.42,"high":133.42,"low":133.37,"close":133.41,"volume":24,"time":"2022-05-16T12:40:00.000Z","is_complete":true},{"open":133.41,"high":133.42,"low":133.37,"close":133.38,"volume":1252,"time":"2022-05-16T12:41:00.000Z","is_complete":true},{"open":133.38,"high":133.39,"low":133.22,"close":133.39,"volume":6888,"time":"2022-05-16T12:42:00.000Z","is_complete":true},{"open":133.27,"high":133.39,"low":133.22,"close":133.39,"volume":1572,"time":"2022-05-16T12:43:00.000Z","is_complete":true},{"open":133.38,"high":133.38,"low":133.22,"close":133.25,"volume":914,"time":"2022-05-16T12:44:00.000Z","is_complete":true},{"open":133.25,"high":133.25,"low":133.25,"close":133.25,"volume":28,"time":"2022-05-16T12:45:00.000Z","is_complete":true},{"open":133.26,"high":133.3,"low":133.26,"close":133.3,"volume":198,"time":"2022-05-16T12:46:00.000Z","is_complete":true},{"open":133.28,"high":133.3,"low":133.26,"close":133.26,"volume":258,"time":"2022-05-16T12:47:00.000Z","is_complete":true},{"open":133.27,"high":133.27,"low":133.27,"close":133.27,"volume":5,"time":"2022-05-16T12:48:00.000Z","is_complete":true},{"open":133.26,"high":133.26,"low":133.26,"close":133.26,"volume":4,"time":"2022-05-16T12:49:00.000Z","is_complete":true},{"open":133.26,"high":133.3,"low":133.26,"close":133.29,"volume":145,"time":"2022-05-16T12:50:00.000Z","is_complete":true},{"open":133.3,"high":133.38,"low":133.3,"close":133.38,"volume":59,"time":"2022-05-16T12:51:00.000Z","is_complete":true},{"open":133.36,"high":133.36,"low":133.3,"close":133.3,"volume":763,"time":"2022-05-16T12:52:00.000Z","is_complete":true},{"open":133.3,"high":133.5,"low":133.3,"close":133.5,"volume":27182,"time":"2022-05-16T12:53:00.000Z","is_complete":true},{"open":133.5,"high":133.78,"low":133.5,"close":133.76,"volume":3018,"time":"2022-05-16T12:54:00.000Z","is_complete":true},{"open":133.67,"high":133.79,"low":133.54,"close":133.59,"volume":2095,"time":"2022-05-16T12:55:00.000Z","is_complete":true},{"open":133.58,"high":133.9,"low":133.5,"close":133.86,"volume":15869,"time":"2022-05-16T12:56:00.000Z","is_complete":true},{"open":133.74,"high":133.74,"low":133.52,"close":133.52,"volume":102,"time":"2022-05-16T12:57:00.000Z","is_complete":true},{"open":133.66,"high":133.76,"low":133.52,"close":133.59,"volume":63,"time":"2022-05-16T12:58:00.000Z","is_complete":true},{"open":133.6,"high":133.6,"low":133.6,"close":133.6,"volume":12,"time":"2022-05-16T12:59:00.000Z","is_complete":true},{"open":133.58,"high":134.1,"low":133.58,"close":134,"volume":19820,"time":"2022-05-16T13:00:00.000Z","is_complete":true},{"open":134,"high":134.02,"low":134,"close":134,"volume":2660,"time":"2022-05-16T13:01:00.000Z","is_complete":true},{"open":134,"high":134.13,"low":133.98,"close":134.01,"volume":1790,"time":"2022-05-16T13:02:00.000Z","is_complete":true},{"open":134,"high":134.13,"low":134,"close":134.13,"volume":1261,"time":"2022-05-16T13:03:00.000Z","is_complete":true},{"open":134.09,"high":134.14,"low":134,"close":134.14,"volume":1034,"time":"2022-05-16T13:04:00.000Z","is_complete":true},{"open":134.14,"high":134.2,"low":134,"close":134,"volume":817,"time":"2022-05-16T13:05:00.000Z","is_complete":true},{"open":134.01,"high":134.12,"low":133.93,"close":133.93,"volume":1945,"time":"2022-05-16T13:06:00.000Z","is_complete":true},{"open":133.9,"high":134,"low":133.9,"close":134,"volume":643,"time":"2022-05-16T13:07:00.000Z","is_complete":true},{"open":133.94,"high":133.94,"low":133.9,"close":133.9,"volume":209,"time":"2022-05-16T13:08:00.000Z","is_complete":true},{"open":133.85,"high":133.9,"low":133.85,"close":133.9,"volume":152,"time":"2022-05-16T13:09:00.000Z","is_complete":true},{"open":133.9,"high":134.18,"low":133.9,"close":134.1,"volume":1497,"time":"2022-05-16T13:10:00.000Z","is_complete":true},{"open":134.06,"high":134.09,"low":134.06,"close":134.09,"volume":2045,"time":"2022-05-16T13:11:00.000Z","is_complete":true},{"open":134.07,"high":134.08,"low":134.06,"close":134.06,"volume":843,"time":"2022-05-16T13:12:00.000Z","is_complete":true},{"open":134.06,"high":134.06,"low":133.71,"close":133.71,"volume":4442,"time":"2022-05-16T13:13:00.000Z","is_complete":true},{"open":133.71,"high":133.83,"low":133.62,"close":133.64,"volume":1190,"time":"2022-05-16T13:14:00.000Z","is_complete":true},{"open":133.82,"high":133.82,"low":133.66,"close":133.66,"volume":21,"time":"2022-05-16T13:15:00.000Z","is_complete":true},{"open":133.81,"high":133.95,"low":133.81,"close":133.95,"volume":1681,"time":"2022-05-16T13:16:00.000Z","is_complete":true},{"open":133.95,"high":134.05,"low":133.9,"close":133.98,"volume":1443,"time":"2022-05-16T13:17:00.000Z","is_complete":true},{"open":133.98,"high":134.08,"low":133.98,"close":134.08,"volume":10116,"time":"2022-05-16T13:18:00.000Z","is_complete":true},{"open":133.98,"high":134.07,"low":133.89,"close":134.07,"volume":352,"time":"2022-05-16T13:19:00.000Z","is_complete":true},{"open":133.89,"high":133.95,"low":133.35,"close":133.36,"volume":7737,"time":"2022-05-16T13:20:00.000Z","is_complete":true},{"open":133.53,"high":134,"low":133.38,"close":133.99,"volume":4544,"time":"2022-05-16T13:21:00.000Z","is_complete":true},{"open":133.99,"high":134,"low":133.99,"close":134,"volume":287,"time":"2022-05-16T13:22:00.000Z","is_complete":true},{"open":134,"high":134.04,"low":133.63,"close":133.97,"volume":10939,"time":"2022-05-16T13:23:00.000Z","is_complete":true},{"open":133.84,"high":133.98,"low":133.64,"close":133.88,"volume":5653,"time":"2022-05-16T13:24:00.000Z","is_complete":true},{"open":133.89,"high":133.96,"low":133.66,"close":133.96,"volume":2018,"time":"2022-05-16T13:25:00.000Z","is_complete":true},{"open":133.95,"high":134,"low":133.95,"close":133.96,"volume":290,"time":"2022-05-16T13:26:00.000Z","is_complete":true},{"open":134,"high":134.07,"low":134,"close":134.07,"volume":4047,"time":"2022-05-16T13:27:00.000Z","is_complete":true},{"open":134.06,"high":134.07,"low":134.06,"close":134.07,"volume":9,"time":"2022-05-16T13:28:00.000Z","is_complete":true},{"open":134,"high":134,"low":134,"close":134,"volume":1,"time":"2022-05-16T13:29:00.000Z","is_complete":true},{"open":134,"high":134.07,"low":133.97,"close":133.97,"volume":1579,"time":"2022-05-16T13:30:00.000Z","is_complete":true},{"open":133.97,"high":133.97,"low":133.97,"close":133.97,"volume":481,"time":"2022-05-16T13:31:00.000Z","is_complete":true},{"open":133.97,"high":134,"low":133.97,"close":133.97,"volume":309,"time":"2022-05-16T13:32:00.000Z","is_complete":true},{"open":134,"high":134,"low":133.52,"close":133.61,"volume":15579,"time":"2022-05-16T13:33:00.000Z","is_complete":true},{"open":133.69,"high":133.69,"low":133.69,"close":133.69,"volume":573,"time":"2022-05-16T13:34:00.000Z","is_complete":true},{"open":133.6,"high":133.6,"low":133.58,"close":133.58,"volume":10,"time":"2022-05-16T13:36:00.000Z","is_complete":true},{"open":133.57,"high":133.69,"low":133.57,"close":133.66,"volume":1699,"time":"2022-05-16T13:37:00.000Z","is_complete":true},{"open":133.68,"high":133.69,"low":133.44,"close":133.44,"volume":5235,"time":"2022-05-16T13:38:00.000Z","is_complete":true},{"open":133.45,"high":133.65,"low":133.44,"close":133.45,"volume":517,"time":"2022-05-16T13:39:00.000Z","is_complete":true},{"open":133.45,"high":133.45,"low":133.44,"close":133.45,"volume":1533,"time":"2022-05-16T13:40:00.000Z","is_complete":true},{"open":133.44,"high":133.45,"low":133.33,"close":133.33,"volume":1485,"time":"2022-05-16T13:41:00.000Z","is_complete":true},{"open":133.34,"high":133.34,"low":133.2,"close":133.3,"volume":1001,"time":"2022-05-16T13:42:00.000Z","is_complete":true},{"open":133.31,"high":133.32,"low":133.31,"close":133.31,"volume":118,"time":"2022-05-16T13:43:00.000Z","is_complete":true},{"open":133.31,"high":133.31,"low":133.3,"close":133.3,"volume":130,"time":"2022-05-16T13:44:00.000Z","is_complete":true},{"open":133.3,"high":133.3,"low":133.28,"close":133.28,"volume":2,"time":"2022-05-16T13:45:00.000Z","is_complete":true},{"open":133.27,"high":133.33,"low":133.2,"close":133.2,"volume":4340,"time":"2022-05-16T13:46:00.000Z","is_complete":true},{"open":133.25,"high":133.25,"low":133.2,"close":133.25,"volume":2142,"time":"2022-05-16T13:47:00.000Z","is_complete":true},{"open":133.25,"high":133.25,"low":133.23,"close":133.23,"volume":15,"time":"2022-05-16T13:48:00.000Z","is_complete":true},{"open":133.24,"high":133.25,"low":133.21,"close":133.25,"volume":5162,"time":"2022-05-16T13:49:00.000Z","is_complete":true},{"open":133.24,"high":133.24,"low":133.21,"close":133.22,"volume":1807,"time":"2022-05-16T13:50:00.000Z","is_complete":true},{"open":133.21,"high":133.22,"low":133.21,"close":133.22,"volume":69,"time":"2022-05-16T13:51:00.000Z","is_complete":true},{"open":133.22,"high":133.5,"low":133.22,"close":133.5,"volume":3462,"time":"2022-05-16T13:52:00.000Z","is_complete":true},{"open":133.43,"high":133.43,"low":133.21,"close":133.22,"volume":1551,"time":"2022-05-16T13:53:00.000Z","is_complete":true},{"open":133.33,"high":133.33,"low":133.3,"close":133.3,"volume":333,"time":"2022-05-16T13:54:00.000Z","is_complete":true},{"open":133.3,"high":133.36,"low":133.27,"close":133.27,"volume":1722,"time":"2022-05-16T13:55:00.000Z","is_complete":true},{"open":133.28,"high":133.9,"low":133.28,"close":133.74,"volume":6842,"time":"2022-05-16T13:57:00.000Z","is_complete":true},{"open":133.72,"high":134.15,"low":133.56,"close":133.63,"volume":5298,"time":"2022-05-16T13:58:00.000Z","is_complete":true},{"open":133.88,"high":134.35,"low":133.78,"close":133.97,"volume":5166,"time":"2022-05-16T13:59:00.000Z","is_complete":true},{"open":133.84,"high":133.9,"low":133.7,"close":133.7,"volume":1223,"time":"2022-05-16T14:00:00.000Z","is_complete":true},{"open":133.7,"high":133.76,"low":133.55,"close":133.76,"volume":811,"time":"2022-05-16T14:01:00.000Z","is_complete":true},{"open":133.68,"high":133.68,"low":133.54,"close":133.68,"volume":499,"time":"2022-05-16T14:02:00.000Z","is_complete":true},{"open":133.57,"high":133.66,"low":133.54,"close":133.54,"volume":170,"time":"2022-05-16T14:03:00.000Z","is_complete":true},{"open":133.54,"high":133.88,"low":133.51,"close":133.85,"volume":3341,"time":"2022-05-16T14:04:00.000Z","is_complete":true},{"open":133.84,"high":133.85,"low":133.46,"close":133.8,"volume":1916,"time":"2022-05-16T14:05:00.000Z","is_complete":true},{"open":133.63,"high":133.81,"low":133.49,"close":133.7,"volume":864,"time":"2022-05-16T14:06:00.000Z","is_complete":true},{"open":133.7,"high":133.7,"low":133.43,"close":133.65,"volume":1057,"time":"2022-05-16T14:07:00.000Z","is_complete":true},{"open":133.5,"high":133.5,"low":133.32,"close":133.45,"volume":4194,"time":"2022-05-16T14:08:00.000Z","is_complete":true},{"open":133.62,"high":133.62,"low":133.62,"close":133.62,"volume":4,"time":"2022-05-16T14:09:00.000Z","is_complete":true},{"open":133.5,"high":133.56,"low":133.26,"close":133.56,"volume":4404,"time":"2022-05-16T14:10:00.000Z","is_complete":true},{"open":133.56,"high":133.56,"low":133.34,"close":133.35,"volume":223,"time":"2022-05-16T14:11:00.000Z","is_complete":true},{"open":133.49,"high":133.52,"low":133.35,"close":133.35,"volume":71,"time":"2022-05-16T14:12:00.000Z","is_complete":true},{"open":133.36,"high":133.56,"low":133.35,"close":133.45,"volume":348,"time":"2022-05-16T14:13:00.000Z","is_complete":true},{"open":133.45,"high":133.63,"low":133.4,"close":133.63,"volume":890,"time":"2022-05-16T14:14:00.000Z","is_complete":true},{"open":133.42,"high":133.57,"low":133.39,"close":133.39,"volume":1428,"time":"2022-05-16T14:15:00.000Z","is_complete":true},{"open":133.39,"high":133.4,"low":133.37,"close":133.4,"volume":182,"time":"2022-05-16T14:16:00.000Z","is_complete":true},{"open":133.4,"high":133.4,"low":133.39,"close":133.39,"volume":80,"time":"2022-05-16T14:17:00.000Z","is_complete":true},{"open":133.5,"high":133.5,"low":133.37,"close":133.37,"volume":140,"time":"2022-05-16T14:18:00.000Z","is_complete":true},{"open":133.54,"high":133.57,"low":133.41,"close":133.56,"volume":111,"time":"2022-05-16T14:19:00.000Z","is_complete":true},{"open":133.43,"high":133.43,"low":133.4,"close":133.4,"volume":61,"time":"2022-05-16T14:20:00.000Z","is_complete":true},{"open":133.38,"high":133.38,"low":133.25,"close":133.25,"volume":4613,"time":"2022-05-16T14:21:00.000Z","is_complete":true},{"open":133.35,"high":133.35,"low":133.35,"close":133.35,"volume":32,"time":"2022-05-16T14:22:00.000Z","is_complete":true},{"open":133.34,"high":133.34,"low":133.26,"close":133.27,"volume":374,"time":"2022-05-16T14:23:00.000Z","is_complete":true},{"open":133.26,"high":133.36,"low":133.26,"close":133.35,"volume":342,"time":"2022-05-16T14:24:00.000Z","is_complete":true},{"open":133.35,"high":133.48,"low":133.27,"close":133.46,"volume":1496,"time":"2022-05-16T14:25:00.000Z","is_complete":true},{"open":133.45,"high":133.46,"low":133.44,"close":133.46,"volume":623,"time":"2022-05-16T14:26:00.000Z","is_complete":true},{"open":133.46,"high":133.46,"low":133.46,"close":133.46,"volume":507,"time":"2022-05-16T14:27:00.000Z","is_complete":true},{"open":133.46,"high":133.46,"low":133.37,"close":133.37,"volume":3359,"time":"2022-05-16T14:28:00.000Z","is_complete":true},{"open":133.37,"high":133.42,"low":133.37,"close":133.42,"volume":20,"time":"2022-05-16T14:29:00.000Z","is_complete":true},{"open":133.42,"high":133.42,"low":133.42,"close":133.42,"volume":3,"time":"2022-05-16T14:30:00.000Z","is_complete":true},{"open":133.37,"high":133.39,"low":133.33,"close":133.33,"volume":837,"time":"2022-05-16T14:31:00.000Z","is_complete":true},{"open":133.34,"high":133.39,"low":133.33,"close":133.39,"volume":397,"time":"2022-05-16T14:32:00.000Z","is_complete":true},{"open":133.34,"high":133.39,"low":133.33,"close":133.33,"volume":1825,"time":"2022-05-16T14:33:00.000Z","is_complete":true},{"open":133.39,"high":133.43,"low":133.36,"close":133.36,"volume":501,"time":"2022-05-16T14:34:00.000Z","is_complete":true},{"open":133.42,"high":133.42,"low":133.36,"close":133.36,"volume":694,"time":"2022-05-16T14:35:00.000Z","is_complete":true},{"open":133.42,"high":133.59,"low":133.42,"close":133.45,"volume":6731,"time":"2022-05-16T14:36:00.000Z","is_complete":true},{"open":133.48,"high":133.5,"low":133.46,"close":133.46,"volume":1443,"time":"2022-05-16T14:37:00.000Z","is_complete":true},{"open":133.46,"high":133.49,"low":133.44,"close":133.49,"volume":41,"time":"2022-05-16T14:38:00.000Z","is_complete":true},{"open":133.44,"high":133.44,"low":133.44,"close":133.44,"volume":9,"time":"2022-05-16T14:39:00.000Z","is_complete":true},{"open":133.44,"high":133.6,"low":133.44,"close":133.5,"volume":14074,"time":"2022-05-16T14:40:00.000Z","is_complete":true},{"open":133.6,"high":133.7,"low":133.5,"close":133.67,"volume":2019,"time":"2022-05-16T14:41:00.000Z","is_complete":true},{"open":133.65,"high":133.65,"low":133.5,"close":133.5,"volume":6051,"time":"2022-05-16T14:42:00.000Z","is_complete":true},{"open":133.5,"high":133.56,"low":133.5,"close":133.5,"volume":588,"time":"2022-05-16T14:43:00.000Z","is_complete":true},{"open":133.56,"high":133.56,"low":133.5,"close":133.5,"volume":599,"time":"2022-05-16T14:44:00.000Z","is_complete":true},{"open":133.5,"high":133.55,"low":133.5,"close":133.5,"volume":336,"time":"2022-05-16T14:45:00.000Z","is_complete":true},{"open":133.55,"high":133.55,"low":133.5,"close":133.5,"volume":4922,"time":"2022-05-16T14:46:00.000Z","is_complete":true},{"open":133.5,"high":133.5,"low":133.45,"close":133.5,"volume":32,"time":"2022-05-16T14:47:00.000Z","is_complete":true},{"open":133.44,"high":133.5,"low":133.42,"close":133.48,"volume":309,"time":"2022-05-16T14:48:00.000Z","is_complete":true},{"open":133.42,"high":133.48,"low":133.42,"close":133.48,"volume":368,"time":"2022-05-16T14:49:00.000Z","is_complete":true},{"open":133.43,"high":133.48,"low":133.38,"close":133.4,"volume":395,"time":"2022-05-16T14:50:00.000Z","is_complete":true},{"open":133.38,"high":133.45,"low":133.36,"close":133.45,"volume":1057,"time":"2022-05-16T14:51:00.000Z","is_complete":true},{"open":133.39,"high":133.39,"low":133.25,"close":133.3,"volume":8273,"time":"2022-05-16T14:52:00.000Z","is_complete":true},{"open":133.29,"high":133.3,"low":133.25,"close":133.3,"volume":1376,"time":"2022-05-16T14:53:00.000Z","is_complete":true},{"open":133.25,"high":133.43,"low":133.25,"close":133.29,"volume":291,"time":"2022-05-16T14:54:00.000Z","is_complete":true},{"open":133.3,"high":133.4,"low":133.28,"close":133.3,"volume":495,"time":"2022-05-16T14:55:00.000Z","is_complete":true},{"open":133.3,"high":133.3,"low":133.28,"close":133.28,"volume":60,"time":"2022-05-16T14:56:00.000Z","is_complete":true},{"open":133.26,"high":133.28,"low":133.25,"close":133.25,"volume":341,"time":"2022-05-16T14:57:00.000Z","is_complete":true},{"open":133.28,"high":133.42,"low":133.27,"close":133.41,"volume":3821,"time":"2022-05-16T14:58:00.000Z","is_complete":true},{"open":133.4,"high":133.42,"low":133.33,"close":133.42,"volume":1031,"time":"2022-05-16T14:59:00.000Z","is_complete":true},{"open":133.42,"high":133.42,"low":133.3,"close":133.39,"volume":367,"time":"2022-05-16T15:00:00.000Z","is_complete":true},{"open":133.39,"high":133.39,"low":133.39,"close":133.39,"volume":28,"time":"2022-05-16T15:01:00.000Z","is_complete":true},{"open":133.39,"high":133.39,"low":133.2,"close":133.35,"volume":6980,"time":"2022-05-16T15:02:00.000Z","is_complete":true},{"open":133.35,"high":133.37,"low":133.31,"close":133.35,"volume":1051,"time":"2022-05-16T15:03:00.000Z","is_complete":true},{"open":133.3,"high":133.34,"low":133.26,"close":133.26,"volume":187,"time":"2022-05-16T15:04:00.000Z","is_complete":true},{"open":133.27,"high":133.34,"low":133.26,"close":133.26,"volume":1441,"time":"2022-05-16T15:05:00.000Z","is_complete":true},{"open":133.26,"high":133.26,"low":133.24,"close":133.26,"volume":962,"time":"2022-05-16T15:06:00.000Z","is_complete":true},{"open":133.26,"high":133.29,"low":133.2,"close":133.28,"volume":1124,"time":"2022-05-16T15:07:00.000Z","is_complete":true},{"open":133.22,"high":133.29,"low":133.2,"close":133.2,"volume":1646,"time":"2022-05-16T15:08:00.000Z","is_complete":true},{"open":133.28,"high":133.29,"low":133.22,"close":133.22,"volume":190,"time":"2022-05-16T15:09:00.000Z","is_complete":true},{"open":133.28,"high":133.28,"low":133.28,"close":133.28,"volume":2,"time":"2022-05-16T15:10:00.000Z","is_complete":true},{"open":133.29,"high":133.34,"low":133.24,"close":133.34,"volume":502,"time":"2022-05-16T15:11:00.000Z","is_complete":true},{"open":133.33,"high":133.42,"low":133.24,"close":133.42,"volume":5199,"time":"2022-05-16T15:12:00.000Z","is_complete":true},{"open":133.42,"high":133.42,"low":133.3,"close":133.3,"volume":56,"time":"2022-05-16T15:13:00.000Z","is_complete":true},{"open":133.31,"high":133.41,"low":133.26,"close":133.26,"volume":1390,"time":"2022-05-16T15:14:00.000Z","is_complete":true},{"open":133.35,"high":133.39,"low":133.28,"close":133.28,"volume":239,"time":"2022-05-16T15:15:00.000Z","is_complete":true},{"open":133.28,"high":133.37,"low":133.27,"close":133.37,"volume":1589,"time":"2022-05-16T15:16:00.000Z","is_complete":true},{"open":133.3,"high":133.38,"low":133.25,"close":133.35,"volume":14134,"time":"2022-05-16T15:17:00.000Z","is_complete":true},{"open":133.25,"high":133.31,"low":133.25,"close":133.25,"volume":2228,"time":"2022-05-16T15:18:00.000Z","is_complete":true},{"open":133.25,"high":133.31,"low":133.25,"close":133.31,"volume":3018,"time":"2022-05-16T15:19:00.000Z","is_complete":true},{"open":133.31,"high":133.31,"low":133.22,"close":133.22,"volume":1367,"time":"2022-05-16T15:20:00.000Z","is_complete":true},{"open":133.22,"high":133.39,"low":133.22,"close":133.39,"volume":2481,"time":"2022-05-16T15:21:00.000Z","is_complete":true},{"open":133.4,"high":133.42,"low":133.35,"close":133.39,"volume":191,"time":"2022-05-16T15:22:00.000Z","is_complete":true},{"open":133.39,"high":133.46,"low":133.39,"close":133.46,"volume":2594,"time":"2022-05-16T15:23:00.000Z","is_complete":true},{"open":133.46,"high":133.46,"low":133.3,"close":133.36,"volume":3549,"time":"2022-05-16T15:24:00.000Z","is_complete":true},{"open":133.31,"high":133.36,"low":133.31,"close":133.31,"volume":882,"time":"2022-05-16T15:25:00.000Z","is_complete":true},{"open":133.31,"high":133.36,"low":133.31,"close":133.35,"volume":411,"time":"2022-05-16T15:26:00.000Z","is_complete":true},{"open":133.35,"high":133.35,"low":133.3,"close":133.35,"volume":502,"time":"2022-05-16T15:27:00.000Z","is_complete":true},{"open":133.35,"high":133.36,"low":133.33,"close":133.36,"volume":6660,"time":"2022-05-16T15:28:00.000Z","is_complete":true},{"open":133.36,"high":133.38,"low":133.35,"close":133.38,"volume":1444,"time":"2022-05-16T15:29:00.000Z","is_complete":true},{"open":133.36,"high":133.46,"low":133.36,"close":133.46,"volume":9421,"time":"2022-05-16T15:30:00.000Z","is_complete":true},{"open":133.46,"high":133.56,"low":133.41,"close":133.55,"volume":3876,"time":"2022-05-16T15:31:00.000Z","is_complete":true},{"open":133.54,"high":133.64,"low":133.54,"close":133.63,"volume":3444,"time":"2022-05-16T15:32:00.000Z","is_complete":true},{"open":133.63,"high":133.7,"low":133.63,"close":133.7,"volume":6691,"time":"2022-05-16T15:33:00.000Z","is_complete":true},{"open":133.7,"high":133.7,"low":133.56,"close":133.66,"volume":2314,"time":"2022-05-16T15:34:00.000Z","is_complete":true},{"open":133.65,"high":133.69,"low":133.58,"close":133.69,"volume":457,"time":"2022-05-16T15:35:00.000Z","is_complete":true},{"open":133.69,"high":133.99,"low":133.6,"close":133.63,"volume":19293,"time":"2022-05-16T15:36:00.000Z","is_complete":true},{"open":133.7,"high":134,"low":133.63,"close":133.99,"volume":7321,"time":"2022-05-16T15:37:00.000Z","is_complete":true},{"open":134,"high":134,"low":133.73,"close":133.73,"volume":2748,"time":"2022-05-16T15:38:00.000Z","is_complete":true},{"open":133.76,"high":134,"low":133.5,"close":133.99,"volume":17522,"time":"2022-05-16T15:39:00.000Z","is_complete":true},{"open":134.9,"high":134.9,"low":134.9,"close":134.9,"volume":31209,"time":"2022-05-16T15:45:00.000Z","is_complete":true},{"open":134.9,"high":134.9,"low":134.9,"close":134.9,"volume":15728,"time":"2022-05-16T15:46:00.000Z","is_complete":true},{"open":134.9,"high":134.9,"low":134.9,"close":134.9,"volume":29,"time":"2022-05-16T15:47:00.000Z","is_complete":true},{"open":134.9,"high":134.9,"low":134.9,"close":134.9,"volume":815,"time":"2022-05-16T15:48:00.000Z","is_complete":true},{"open":134.9,"high":134.9,"low":134.9,"close":134.9,"volume":2518,"time":"2022-05-16T15:49:00.000Z","is_complete":true}]}