{"candles":[{"open":130.07,"high":130.2,"low":129.51,"close":129.72,"volume":34377,"time":"2022-05-11T07:00:00.000Z","is_complete":true},{"open":129.71,"high":130,"low":129.61,"close":130,"volume":3360,"time":"2022-05-11T07:01:00.000Z","is_complete":true},{"open":130,"high":130.03,"low":129.33,"close":129.41,"volume":26496,"time":"2022-05-11T07:02:00.000Z","is_complete":true},{"open":129.39,"high":129.73,"low":129.33,"close":129.73,"volume":20165,"time":"2022-05-11T07:03:00.000Z","is_complete":true},{"open":129.5,"high":129.59,"low":129.4,"close":129.59,"volume":855,"time":"2022-05-11T07:04:00.000Z","is_complete":true},{"open":129.59,"high":130.16,"low":129.58,"close":130.1,"volume":20000,"time":"2022-05-11T07:05:00.000Z","is_complete":true},{"open":130.06,"high":130.49,"low":130.04,"close":130.33,"volume":10915,"time":"2022-05-11T07:06:00.000Z","is_complete":true},{"open":130.2,"high":130.2,"low":129.08,"close":129.47,"volume":29150,"time":"2022-05-11T07:07:00.000Z","is_complete":true},{"open":129.6,"high":129.78,"low":129.35,"close":129.77,"volume":3978,"time":"2022-05-11T07:08:00.000Z","is_complete":true},{"open":129.54,"high":129.74,"low":129.35,"close":129.56,"volume":12480,"time":"2022-05-11T07:09:00.000Z","is_complete":true},{"open":129.57,"high":129.79,"low":129.51,"close":129.55,"volume":11887,"time":"2022-05-11T07:10:00.000Z","is_complete":true},{"open":129.55,"high":129.55,"low":129.08,"close":129.35,"volume":7875,"time":"2022-05-11T07:11:00.000Z","is_complete":true},{"open":129.25,"high":129.27,"low":129,"close":129,"volume":17085,"time":"2022-05-11T07:12:00.000Z","is_complete":true},{"open":129.21,"high":129.35,"low":128.3,"close":128.75,"volume":32853,"time":"2022-05-11T07:13:00.000Z","is_complete":true},{"open":128.65,"high":128.65,"low":128.46,"close":128.5,"volume":3807,"time":"2022-05-11T07:14:00.000Z","is_complete":true},{"open":128.47,"high":128.5,"low":125.75,"close":126.8,"volume":96350,"time":"2022-05-11T07:15:00.000Z","is_complete":true},{"open":126.84,"high":127.42,"low":126.38,"close":127.06,"volume":14896,"time":"2022-05-11T07:16:00.000Z","is_complete":true},{"open":127.28,"high":127.83,"low":127.28,"close":127.68,"volume":10675,"time":"2022-05-11T07:17:00.000Z","is_complete":true},{"open":127.67,"high":127.8,"low":127.2,"close":127.51,"volume":18315,"time":"2022-05-11T07:18:00.000Z","is_complete":true},{"open":127.63,"high":128.2,"low":127.63,"close":128.12,"volume":6566,"time":"2022-05-11T07:19:00.000Z","is_complete":true},{"open":128.01,"high":128.4,"low":128,"close":128.39,"volume":3844,"time":"2022-05-11T07:20:00.000Z","is_complete":true},{"open":128.38,"high":128.6,"low":128.24,"close":128.51,"volume":6053,"time":"2022-05-11T07:21:00.000Z","is_complete":true},{"open":128.58,"high":129,"low":128.51,"close":128.9,"volume":6191,"time":"2022-05-11T07:22:00.000Z","is_complete":true},{"open":128.9,"high":129.3,"low":128.9,"close":129.3,"volume":6401,"time":"2022-05-11T07:23:00.000Z","is_complete":true},{"open":129.19,"high":129.5,"low":129.19,"close":129.38,"volume":4326,"time":"2022-05-11T07:24:00.000Z","is_complete":true},{"open":129.3,"high":129.4,"low":129.01,"close":129.17,"volume":12462,"time":"2022-05-11T07:25:00.000Z","is_complete":true},{"open":129.02,"high":129.02,"low":128.6,"close":128.8,"volume":3797,"time":"2022-05-11T07:26:00.000Z","is_complete":true},{"open":128.67,"high":128.82,"low":128.62,"close":128.64,"volume":3491,"time":"2022-05-11T07:27:00.000Z","is_complete":true},{"open":128.63,"high":128.79,"low":128.3,"close":128.46,"volume":11459,"time":"2022-05-11T07:28:00.000Z","is_complete":true},{"open":128.43,"high":128.5,"low":128.21,"close":128.26,"volume":1893,"time":"2022-05-11T07:29:00.000Z","is_complete":true},{"open":128.39,"high":130,"low":128.39,"close":128.8,"volume":25521,"time":"2022-05-11T07:30:00.000Z","is_complete":true},{"open":128.89,"high":128.95,"low":128.6,"close":128.6,"volume":3225,"time":"2022-05-11T07:31:00.000Z","is_complete":true},{"open":128.58,"high":128.79,"low":128.57,"close":128.79,"volume":126,"time":"2022-05-11T07:32:00.000Z","is_complete":true},{"open":128.7,"high":128.78,"low":128.56,"close":128.64,"volume":8834,"time":"2022-05-11T07:33:00.000Z","is_complete":true},{"open":128.72,"high":128.72,"low":128.65,"close":128.65,"volume":83,"time":"2022-05-11T07:34:00.000Z","is_complete":true},{"open":128.7,"high":128.94,"low":128.7,"close":128.9,"volume":2051,"time":"2022-05-11T07:35:00.000Z","is_complete":true},{"open":128.8,"high":128.8,"low":128.55,"close":128.67,"volume":7581,"time":"2022-05-11T07:36:00.000Z","is_complete":true},{"open":128.63,"high":128.75,"low":128.33,"close":128.48,"volume":8020,"time":"2022-05-11T07:37:00.000Z","is_complete":true},{"open":128.48,"high":128.96,"low":128.48,"close":128.95,"volume":9205,"time":"2022-05-11T07:38:00.000Z","is_complete":true},{"open":128.78,"high":129.33,"low":128.64,"close":129,"volume":1132,"time":"2022-05-11T07:39:00.000Z","is_complete":true},{"open":129.1,"high":129.36,"low":129.05,"close":129.36,"volume":6546,"time":"2022-05-11T07:40:00.000Z","is_complete":true},{"open":129.36,"high":130,"low":129.14,"close":129.82,"volume":27198,"time":"2022-05-11T07:41:00.000Z","is_complete":true},{"open":129.93,"high":129.94,"low":129.46,"close":129.46,"volume":6072,"time":"2022-05-11T07:42:00.000Z","is_complete":true},{"open":129.45,"high":129.94,"low":129.42,"close":129.62,"volume":7871,"time":"2022-05-11T07:43:00.000Z","is_complete":true},{"open":129.8,"high":130.67,"low":129.63,"close":130.45,"volume":20336,"time":"2022-05-11T07:44:00.000Z","is_complete":true},{"open":130.44,"high":130.8,"low":130.15,"close":130.49,"volume":5807,"time":"2022-05-11T07:45:00.000Z","is_complete":true},{"open":130.49,"high":130.49,"low":129.79,"close":130.25,"volume":15458,"time":"2022-05-11T07:46:00.000Z","is_complete":true},{"open":130.25,"high":130.25,"low":129.73,"close":129.81,"volume":3701,"time":"2022-05-11T07:47:00.000Z","is_complete":true},{"open":130,"high":130.14,"low":129.84,"close":130.14,"volume":3971,"time":"2022-05-11T07:48:00.000Z","is_complete":true},{"open":130.14,"high":130.23,"low":129.82,"close":129.82,"volume":1590,"time":"2022-05-11T07:49:00.000Z","is_complete":true},{"open":129.82,"high":129.96,"low":129.77,"close":129.77,"volume":699,"time":"2022-05-11T07:50:00.000Z","is_complete":true},{"open":129.81,"high":129.96,"low":129.8,"close":129.89,"volume":6224,"time":"2022-05-11T07:51:00.000Z","is_complete":true},{"open":129.89,"high":129.89,"low":129.81,"close":129.88,"volume":691,"time":"2022-05-11T07:52:00.000Z","is_complete":true},{"open":129.82,"high":129.87,"low":129.77,"close":129.77,"volume":6772,"time":"2022-05-11T07:53:00.000Z","is_complete":true},{"open":129.77,"high":129.86,"low":129.77,"close":129.78,"volume":2182,"time":"2022-05-11T07:54:00.000Z","is_complete":true},{"open":129.88,"high":129.89,"low":129.8,"close":129.89,"volume":2545,"time":"2022-05-11T07:55:00.000Z","is_complete":true},{"open":129.89,"high":130.2,"low":129.89,"close":130.17,"volume":5066,"time":"2022-05-11T07:56:00.000Z","is_complete":true},{"open":130.1,"high":130.13,"low":129.82,"close":129.82,"volume":4146,"time":"2022-05-11T07:57:00.000Z","is_complete":true},{"open":129.84,"high":130.18,"low":129.84,"close":130,"volume":1216,"time":"2022-05-11T07:58:00.000Z","is_complete":true},{"open":130.01,"high":130.08,"low":130,"close":130.08,"volume":141,"time":"2022-05-11T07:59:00.000Z","is_complete":true},{"open":130.08,"high":130.09,"low":129.89,"close":129.89,"volume":2258,"time":"2022-05-11T08:00:00.000Z","is_complete":true},{"open":129.99,"high":130.07,"low":129.86,"close":129.96,"volume":1339,"time":"2022-05-11T08:01:00.000Z","is_complete":true},{"open":129.95,"high":130.11,"low":129.95,"close":129.99,"volume":442,"time":"2022-05-11T08:02:00.000Z","is_complete":true},{"open":129.99,"high":130,"low":129.85,"close":129.85,"volume":606,"time":"2022-05-11T08:03:00.000Z","is_complete":true},{"open":130.01,"high":130.06,"low":130,"close":130,"volume":185,"time":"2022-05-11T08:04:00.000Z","is_complete":true},{"open":130,"high":130,"low":129.84,"close":129.84,"volume":1494,"time":"2022-05-11T08:05:00.000Z","is_complete":true},{"open":129.86,"high":130.07,"low":129.86,"close":129.95,"volume":2458,"time":"2022-05-11T08:06:00.000Z","is_complete":true},{"open":129.95,"high":129.99,"low":129.88,"close":129.91,"volume":201,"time":"2022-05-11T08:07:00.000Z","is_complete":true},{"open":129.95,"high":130.08,"low":129.95,"close":130.08,"volume":3238,"time":"2022-05-11T08:08:00.000Z","is_complete":true},{"open":130.07,"high":130.07,"low":129.95,"close":130,"volume":51,"time":"2022-05-11T08:09:00.000Z","is_complete":true},{"open":130,"high":130.08,"low":130,"close":130.03,"volume":402,"time":"2022-05-11T08:10:00.000Z","is_complete":true},{"open":130.08,"high":130.08,"low":130.03,"close":130.03,"volume":197,"time":"2022-05-11T08:11:00.000Z","is_complete":true},{"open":130.05,"high":130.07,"low":129.91,"close":129.92,"volume":6155,"time":"2022-05-11T08:12:00.000Z","is_complete":true},{"open":129.93,"high":130.11,"low":129.93,"close":129.96,"volume":1764,"time":"2022-05-11T08:13:00.000Z","is_complete":true},{"open":130.1,"high":130.15,"low":130,"close":130.12,"volume":430,"time":"2022-05-11T08:14:00.000Z","is_complete":true},{"open":130.11,"high":130.14,"low":129.95,"close":130.14,"volume":2112,"time":"2022-05-11T08:15:00.000Z","is_complete":true},{"open":130.1,"high":130.13,"low":130.1,"close":130.13,"volume":227,"time":"2022-05-11T08:16:00.000Z","is_complete":true},{"open":130.12,"high":130.18,"low":130.02,"close":130.02,"volume":2835,"time":"2022-05-11T08:17:00.000Z","is_complete":true},{"open":130.17,"high":130.17,"low":130.03,"close":130.11,"volume":289,"time":"2022-05-11T08:18:00.000Z","is_complete":true},{"open":130.05,"high":130.05,"low":130,"close":130,"volume":1660,"time":"2022-05-11T08:19:00.000Z","is_complete":true},{"open":130.08,"high":130.09,"low":130,"close":130,"volume":1467,"time":"2022-05-11T08:20:00.000Z","is_complete":true},{"open":130.03,"high":130.15,"low":129.98,"close":130.15,"volume":1788,"time":"2022-05-11T08:21:00.000Z","is_complete":true},{"open":130.08,"high":130.15,"low":130.08,"close":130.15,"volume":104,"time":"2022-05-11T08:22:00.000Z","is_complete":true},{"open":130.15,"high":130.19,"low":130.1,"close":130.19,"volume":2307,"time":"2022-05-11T08:23:00.000Z","is_complete":true},{"open":130.19,"high":130.23,"low":130.14,"close":130.19,"volume":1174,"time":"2022-05-11T08:24:00.000Z","is_complete":true},{"open":130.14,"high":130.19,"low":130.02,"close":130.02,"volume":1834,"time":"2022-05-11T08:25:00.000Z","is_complete":true},{"open":130.11,"high":130.13,"low":130.01,"close":130.13,"volume":618,"time":"2022-05-11T08:26:00.000Z","is_complete":true},{"open":130.12,"high":130.13,"low":130.03,"close":130.03,"volume":54,"time":"2022-05-11T08:27:00.000Z","is_complete":true},{"open":130.03,"high":130.13,"low":130.03,"close":130.13,"volume":600,"time":"2022-05-11T08:28:00.000Z","is_complete":true},{"open":130.1,"high":130.11,"low":130,"close":130,"volume":1661,"time":"2022-05-11T08:29:00.000Z","is_complete":true},{"open":130.01,"high":130.09,"low":130,"close":130,"volume":13302,"time":"2022-05-11T08:30:00.000Z","is_complete":true},{"open":130.09,"high":130.09,"low":129.77,"close":129.77,"volume":15997,"time":"2022-05-11T08:31:00.000Z","is_complete":true},{"open":129.8,"high":129.8,"low":128.6,"close":129,"volume":21431,"time":"2022-05-11T08:32:00.000Z","is_complete":true},{"open":129.03,"high":129.27,"low":129.02,"close":129.06,"volume":1599,"time":"2022-05-11T08:33:00.000Z","is_complete":true},{"open":129.24,"high":129.26,"low":128.85,"close":128.86,"volume":3278,"time":"2022-05-11T08:34:00.000Z","is_complete":true},{"open":128.85,"high":129,"low":128.85,"close":128.91,"volume":1224,"time":"2022-05-11T08:35:00.000Z","is_complete":true},{"open":128.91,"high":129.72,"low":128.91,"close":129.47,"volume":5951,"time":"2022-05-11T08:36:00.000Z","is_complete":true},{"open":129.4,"high":129.46,"low":129.3,"close":129.41,"volume":2656,"time":"2022-05-11T08:37:00.000Z","is_complete":true},{"open":129.39,"high":129.39,"low":129.04,"close":129.29,"volume":2552,"time":"2022-05-11T08:38:00.000Z","is_complete":true},{"open":129.27,"high":129.3,"low":129.07,"close":129.07,"volume":655,"time":"2022-05-11T08:39:00.000Z","is_complete":true},{"open":129.17,"high":129.17,"low":128.93,"close":129,"volume":1105,"time":"2022-05-11T08:40:00.000Z","is_complete":true},{"open":128.99,"high":129.06,"low":128.99,"close":129,"volume":2537,"time":"2022-05-11T08:41:00.000Z","is_complete":true},{"open":129.1,"high":129.14,"low":129.1,"close":129.1,"volume":513,"time":"2022-05-11T08:42:00.000Z","is_complete":true},{"open":129.14,"high":129.14,"low":129.1,"close":129.1,"volume":18,"time":"2022-05-11T08:43:00.000Z","is_complete":true},{"open":129.57,"high":129.6,"low":129.14,"close":129.27,"volume":3747,"time":"2022-05-11T08:44:00.000Z","is_complete":true},{"open":129.5,"high":129.5,"low":129.5,"close":129.5,"volume":3,"time":"2022-05-11T08:45:00.000Z","is_complete":true},{"open":129.34,"high":129.34,"low":129.21,"close":129.22,"volume":1075,"time":"2022-05-11T08:46:00.000Z","is_complete":true},{"open":129.21,"high":129.23,"low":129.21,"close":129.21,"volume":1159,"time":"2022-05-11T08:47:00.000Z","is_complete":true},{"open":129.28,"high":129.31,"low":129.21,"close":129.24,"volume":616,"time":"2022-05-11T08:48:00.000Z","is_complete":true},{"open":129.24,"high":129.24,"low":129.01,"close":129.02,"volume":3483,"time":"2022-05-11T08:49:00.000Z","is_complete":true},{"open":129.17,"high":129.18,"low":129.02,"close":129.18,"volume":503,"time":"2022-05-11T08:50:00.000Z","is_complete":true},{"open":129.18,"high":129.25,"low":129.18,"close":129.25,"volume":99,"time":"2022-05-11T08:51:00.000Z","is_complete":true},{"open":129.25,"high":129.37,"low":129.25,"close":129.37,"volume":180,"time":"2022-05-11T08:52:00.000Z","is_complete":true},{"open":129.3,"high":129.3,"low":129.3,"close":129.3,"volume":1,"time":"2022-05-11T08:53:00.000Z","is_complete":true},{"open":129.22,"high":129.3,"low":129.18,"close":129.18,"volume":868,"time":"2022-05-11T08:54:00.000Z","is_complete":true},{"open":129.2,"high":129.2,"low":129.05,"close":129.07,"volume":1932,"time":"2022-05-11T08:55:00.000Z","is_complete":true},{"open":129,"high":129.04,"low":128.86,"close":129,"volume":12226,"time":"2022-05-11T08:56:00.000Z","is_complete":true},{"open":129,"high":129.1,"low":129,"close":129.1,"volume":2314,"time":"2022-05-11T08:57:00.000Z","is_complete":true},{"open":129,"high":129.14,"low":128.85,"close":129,"volume":7347,"time":"2022-05-11T08:58:00.000Z","is_complete":true},{"open":129,"high":129,"low":128.86,"close":128.87,"volume":667,"time":"2022-05-11T08:59:00.000Z","is_complete":true},{"open":128.87,"high":128.96,"low":128.75,"close":128.96,"volume":5069,"time":"2022-05-11T09:00:00.000Z","is_complete":true},{"open":128.94,"high":128.96,"low":128.93,"close":128.93,"volume":453,"time":"2022-05-11T09:01:00.000Z","is_complete":true},{"open":128.93,"high":128.94,"low":128.8,"close":128.8,"volume":240,"time":"2022-05-11T09:02:00.000Z","is_complete":true},{"open":128.8,"high":128.93,"low":128.76,"close":128.86,"volume":179,"time":"2022-05-11T09:03:00.000Z","is_complete":true},{"open":128.76,"high":128.76,"low":128.64,"close":128.64,"volume":1878,"time":"2022-05-11T09:04:00.000Z","is_complete":true},{"open":128.69,"high":128.69,"low":128.68,"close":128.68,"volume":18,"time":"2022-05-11T09:05:00.000Z","is_complete":true},{"open":128.67,"high":128.68,"low":128.64,"close":128.68,"volume":515,"time":"2022-05-11T09:06:00.000Z","is_complete":true},{"open":128.68,"high":128.68,"low":128.68,"close":128.68,"volume":64,"time":"2022-05-11T09:07:00.000Z","is_complete":true},{"open":128.68,"high":128.68,"low":128.65,"close":128.68,"volume":322,"time":"2022-05-11T09:08:00.000Z","is_complete":true},{"open":128.68,"high":128.68,"low":128.4,"close":128.5,"volume":6786,"time":"2022-05-11T09:09:00.000Z","is_complete":true},{"open":128.5,"high":128.67,"low":128.43,"close":128.67,"volume":1261,"time":"2022-05-11T09:10:00.000Z","is_complete":true},{"open":128.67,"high":128.7,"low":128.66,"close":128.7,"volume":653,"time":"2022-05-11T09:11:00.000Z","is_complete":true},{"open":128.67,"high":128.7,"low":128.56,"close":128.7,"volume":28,"time":"2022-05-11T09:12:00.000Z","is_complete":true},{"open":128.69,"high":128.7,"low":128.51,"close":128.6,"volume":474,"time":"2022-05-11T09:13:00.000Z","is_complete":true},{"open":128.68,"high":128.81,"low":128.6,"close":128.81,"volume":1853,"time":"2022-05-11T09:14:00.000Z","is_complete":true},{"open":128.8,"high":128.8,"low":128.8,"close":128.8,"volume":3,"time":"2022-05-11T09:15:00.000Z","is_complete":true},{"open":128.8,"high":128.81,"low":128.8,"close":128.81,"volume":80,"time":"2022-05-11T09:16:00.000Z","is_complete":true},{"open":128.81,"high":128.81,"low":128.8,"close":128.81,"volume":14,"time":"2022-05-11T09:17:00.000Z","is_complete":true},{"open":128.81,"high":128.81,"low":128.7,"close":128.8,"volume":1495,"time":"2022-05-11T09:18:00.000Z","is_complete":true},{"open":128.8,"high":128.8,"low":128.6,"close":128.6,"volume":627,"time":"2022-05-11T09:19:00.000Z","is_complete":true},{"open":128.6,"high":128.79,"low":128.6,"close":128.6,"volume":1098,"time":"2022-05-11T09:20:00.000Z","is_complete":true},{"open":128.7,"high":128.81,"low":128.62,"close":128.77,"volume":932,"time":"2022-05-11T09:21:00.000Z","is_complete":true},{"open":128.7,"high":128.7,"low":128.69,"close":128.7,"volume":8,"time":"2022-05-11T09:22:00.000Z","is_complete":true},{"open":128.7,"high":128.76,"low":128.7,"close":128.7,"volume":70,"time":"2022-05-11T09:23:00.000Z","is_complete":true},{"open":128.68,"high":128.68,"low":128.68,"close":128.68,"volume":26,"time":"2022-05-11T09:24:00.000Z","is_complete":true},{"open":128.7,"high":128.86,"low":128.7,"close":128.86,"volume":2808,"time":"2022-05-11T09:25:00.000Z","is_complete":true},{"open":128.85,"high":128.9,"low":128.85,"close":128.9,"volume":1344,"time":"2022-05-11T09:26:00.000Z","is_complete":true},{"open":128.85,"high":128.9,"low":128.85,"close":128.9,"volume":134,"time":"2022-05-11T09:27:00.000Z","is_complete":true},{"open":128.9,"high":128.9,"low":128.77,"close":128.82,"volume":232,"time":"2022-05-11T09:28:00.000Z","is_complete":true},{"open":128.89,"high":128.89,"low":128.82,"close":128.83,"volume":50,"time":"2022-05-11T09:29:00.000Z","is_complete":true},{"open":128.83,"high":128.89,"low":128.83,"close":128.83,"volume":121,"time":"2022-05-11T09:30:00.000Z","is_complete":true},{"open":128.84,"high":129.73,"low":128.83,"close":129.54,"volume":20057,"time":"2022-05-11T09:31:00.000Z","is_complete":true},{"open":129.37,"high":130.12,"low":129.25,"close":129.95,"volume":14843,"time":"2022-05-11T09:32:00.000Z","is_complete":true},{"open":129.96,"high":130.12,"low":129.96,"close":130.07,"volume":3191,"time":"2022-05-11T09:33:00.000Z","is_complete":true},{"open":130.06,"high":130.09,"low":129.83,"close":130.04,"volume":2003,"time":"2022-05-11T09:34:00.000Z","is_complete":true},{"open":130.04,"high":130.1,"low":129.75,"close":130,"volume":7154,"time":"2022-05-11T09:35:00.000Z","is_complete":true},{"open":130,"high":130.54,"low":129.85,"close":130.54,"volume":33988,"time":"2022-05-11T09:36:00.000Z","is_complete":true},{"open":130.53,"high":131.73,"low":130.21,"close":131.6,"volume":75203,"time":"2022-05-11T09:37:00.000Z","is_complete":true},{"open":131.6,"high":131.75,"low":131.14,"close":131.56,"volume":109814,"time":"2022-05-11T09:38:00.000Z","is_complete":true},{"open":131.6,"high":132.4,"low":131.4,"close":132.25,"volume":78045,"time":"2022-05-11T09:39:00.000Z","is_complete":true},{"open":132.19,"high":132.6,"low":132.19,"close":132.48,"volume":24617,"time":"2022-05-11T09:40:00.000Z","is_complete":true},{"open":132.48,"high":132.6,"low":131.8,"close":131.8,"volume":23784,"time":"2022-05-11T09:41:00.000Z","is_complete":true},{"open":132.03,"high":133,"low":131.81,"close":132.58,"volume":34075,"time":"2022-05-11T09:42:00.000Z","is_complete":true},{"open":132.43,"high":133.5,"low":132.43,"close":133.14,"volume":76112,"time":"2022-05-11T09:43:00.000Z","is_complete":true},{"open":133.15,"high":133.41,"low":133.14,"close":133.28,"volume":6189,"time":"2022-05-11T09:44:00.000Z","is_complete":true},{"open":133.28,"high":133.41,"low":133.18,"close":133.2,"volume":7189,"time":"2022-05-11T09:45:00.000Z","is_complete":true},{"open":133.16,"high":133.27,"low":132.15,"close":132.15,"volume":38214,"time":"2022-05-11T09:46:00.000Z","is_complete":true},{"open":132.14,"high":132.43,"low":131.61,"close":131.61,"volume":11616,"time":"2022-05-11T09:47:00.000Z","is_complete":true},{"open":131.9,"high":131.92,"low":131.66,"close":131.66,"volume":2483,"time":"2022-05-11T09:48:00.000Z","is_complete":true},{"open":131.73,"high":132.5,"low":131.73,"close":132.45,"volume":7751,"time":"2022-05-11T09:49:00.000Z","is_complete":true},{"open":132.49,"high":132.5,"low":131.84,"close":132.1,"volume":3044,"time":"2022-05-11T09:50:00.000Z","is_complete":true},{"open":132.1,"high":132.23,"low":131.83,"close":132.1,"volume":1406,"time":"2022-05-11T09:51:00.000Z","is_complete":true},{"open":132.1,"high":132.21,"low":132,"close":132,"volume":538,"time":"2022-05-11T09:52:00.000Z","is_complete":true},{"open":131.95,"high":131.95,"low":131.52,"close":131.73,"volume":12145,"time":"2022-05-11T09:53:00.000Z","is_complete":true},{"open":131.91,"high":131.98,"low":131.7,"close":131.7,"volume":496,"time":"2022-05-11T09:54:00.000Z","is_complete":true},{"open":131.7,"high":131.84,"low":131.68,"close":131.84,"volume":548,"time":"2022-05-11T09:55:00.000Z","is_complete":true},{"open":131.73,"high":132,"low":131.7,"close":131.95,"volume":2040,"time":"2022-05-11T09:56:00.000Z","is_complete":true},{"open":131.95,"high":132.18,"low":131.88,"close":132,"volume":3699,"time":"2022-05-11T09:57:00.000Z","is_complete":true},{"open":132.2,"high":132.21,"low":131.7,"close":132.04,"volume":2114,"time":"2022-05-11T09:58:00.000Z","is_complete":true},{"open":131.82,"high":132.21,"low":131.72,"close":132.21,"volume":6066,"time":"2022-05-11T09:59:00.000Z","is_complete":true},{"open":132.19,"high":132.34,"low":131.9,"close":131.95,"volume":5249,"time":"2022-05-11T10:00:00.000Z","is_complete":true},{"open":131.95,"high":131.95,"low":131.95,"close":131.95,"volume":1,"time":"2022-05-11T10:01:00.000Z","is_complete":true},{"open":131.95,"high":131.99,"low":131.9,"close":131.91,"volume":1465,"time":"2022-05-11T10:02:00.000Z","is_complete":true},{"open":131.99,"high":131.99,"low":131.85,"close":131.85,"volume":1188,"time":"2022-05-11T10:03:00.000Z","is_complete":true},{"open":131.91,"high":132,"low":131.91,"close":132,"volume":9635,"time":"2022-05-11T10:04:00.000Z","is_complete":true},{"open":132.1,"high":132.1,"low":131.79,"close":131.85,"volume":1349,"time":"2022-05-11T10:05:00.000Z","is_complete":true},{"open":131.87,"high":131.98,"low":131.86,"close":131.98,"volume":108,"time":"2022-05-11T10:06:00.000Z","is_complete":true},{"open":131.85,"high":131.98,"low":131.85,"close":131.98,"volume":90,"time":"2022-05-11T10:07:00.000Z","is_complete":true},{"open":131.86,"high":131.98,"low":131.72,"close":131.76,"volume":2098,"time":"2022-05-11T10:08:00.000Z","is_complete":true},{"open":131.89,"high":131.89,"low":131.72,"close":131.87,"volume":354,"time":"2022-05-11T10:09:00.000Z","is_complete":true},{"open":131.86,"high":131.86,"low":131.74,"close":131.85,"volume":38,"time":"2022-05-11T10:10:00.000Z","is_complete":true},{"open":131.74,"high":131.8,"low":131.72,"close":131.8,"volume":93,"time":"2022-05-11T10:11:00.000Z","is_complete":true},{"open":131.8,"high":131.8,"low":131.73,"close":131.73,"volume":361,"time":"2022-05-11T10:12:00.000Z","is_complete":true},{"open":131.8,"high":131.8,"low":131.68,"close":131.68,"volume":4910,"time":"2022-05-11T10:13:00.000Z","is_complete":true},{"open":131.68,"high":131.7,"low":131.57,"close":131.63,"volume":2303,"time":"2022-05-11T10:14:00.000Z","is_complete":true},{"open":131.63,"high":131.63,"low":131.58,"close":131.58,"volume":101,"time":"2022-05-11T10:15:00.000Z","is_complete":true},{"open":131.62,"high":131.7,"low":131.57,"close":131.57,"volume":1689,"time":"2022-05-11T10:16:00.000Z","is_complete":true},{"open":131.57,"high":131.57,"low":131.07,"close":131.07,"volume":21657,"time":"2022-05-11T10:17:00.000Z","is_complete":true},{"open":131.25,"high":131.3,"low":131.17,"close":131.2,"volume":1376,"time":"2022-05-11T10:18:00.000Z","is_complete":true},{"open":131.17,"high":131.29,"low":131.17,"close":131.29,"volume":1222,"time":"2022-05-11T10:19:00.000Z","is_complete":true},{"open":131.29,"high":131.29,"low":131.29,"close":131.29,"volume":1,"time":"2022-05-11T10:20:00.000Z","is_complete":true},{"open":131.29,"high":131.29,"low":131.29,"close":131.29,"volume":1,"time":"2022-05-11T10:21:00.000Z","is_complete":true},{"open":131.29,"high":131.3,"low":131.18,"close":131.3,"volume":2625,"time":"2022-05-11T10:22:00.000Z","is_complete":true},{"open":131.3,"high":131.48,"low":131.3,"close":131.48,"volume":1485,"time":"2022-05-11T10:23:00.000Z","is_complete":true},{"open":131.48,"high":132.15,"low":131.48,"close":131.89,"volume":6150,"time":"2022-05-11T10:24:00.000Z","is_complete":true},{"open":131.86,"high":131.99,"low":131.76,"close":131.88,"volume":1626,"time":"2022-05-11T10:25:00.000Z","is_complete":true},{"open":131.88,"high":131.88,"low":131.86,"close":131.86,"volume":702,"time":"2022-05-11T10:26:00.000Z","is_complete":true},{"open":131.82,"high":131.82,"low":131.59,"close":131.59,"volume":1267,"time":"2022-05-11T10:27:00.000Z","is_complete":true},{"open":131.59,"high":131.61,"low":131.59,"close":131.61,"volume":1105,"time":"2022-05-11T10:28:00.000Z","is_complete":true},{"open":131.61,"high":131.61,"low":131.61,"close":131.61,"volume":1000,"time":"2022-05-11T10:29:00.000Z","is_complete":true},{"open":131.61,"high":131.61,"low":131.55,"close":131.55,"volume":137,"time":"2022-05-11T10:30:00.000Z","is_complete":true},{"open":131.55,"high":131.62,"low":131.55,"close":131.55,"volume":1352,"time":"2022-05-11T10:31:00.000Z","is_complete":true},{"open":131.55,"high":131.55,"low":131.47,"close":131.5,"volume":573,"time":"2022-05-11T10:32:00.000Z","is_complete":true},{"open":131.43,"high":131.43,"low":131.18,"close":131.18,"volume":4179,"time":"2022-05-11T10:33:00.000Z","is_complete":true},{"open":131.2,"high":131.37,"low":131.19,"close":131.37,"volume":34,"time":"2022-05-11T10:34:00.000Z","is_complete":true},{"open":131.2,"high":131.2,"low":131.19,"close":131.2,"volume":465,"time":"2022-05-11T10:35:00.000Z","is_complete":true},{"open":131.21,"high":131.46,"low":131.2,"close":131.46,"volume":301,"time":"2022-05-11T10:36:00.000Z","is_complete":true},{"open":131.46,"high":131.46,"low":131.3,"close":131.3,"volume":298,"time":"2022-05-11T10:37:00.000Z","is_complete":true},{"open":131.3,"high":131.5,"low":131.28,"close":131.5,"volume":400,"time":"2022-05-11T10:38:00.000Z","is_complete":true},{"open":131.5,"high":131.5,"low":131.3,"close":131.42,"volume":4792,"time":"2022-05-11T10:39:00.000Z","is_complete":true},{"open":131.42,"high":132,"low":131.42,"close":131.94,"volume":27000,"time":"2022-05-11T10:40:00.000Z","is_complete":true},{"open":132.03,"high":132.37,"low":132,"close":132.11,"volume":17715,"time":"2022-05-11T10:41:00.000Z","is_complete":true},{"open":132.1,"high":132.22,"low":132,"close":132.08,"volume":3895,"time":"2022-05-11T10:42:00.000Z","is_complete":true},{"open":132.03,"high":132.08,"low":132,"close":132.07,"volume":626,"time":"2022-05-11T10:43:00.000Z","is_complete":true},{"open":132.1,"high":132.26,"low":132,"close":132.19,"volume":1415,"time":"2022-05-11T10:44:00.000Z","is_complete":true},{"open":132.26,"high":132.53,"low":132.13,"close":132.29,"volume":8570,"time":"2022-05-11T10:45:00.000Z","is_complete":true},{"open":132.29,"high":132.61,"low":132.24,"close":132.52,"volume":2513,"time":"2022-05-11T10:46:00.000Z","is_complete":true},{"open":132.58,"high":132.95,"low":132.47,"close":132.57,"volume":9744,"time":"2022-05-11T10:47:00.000Z","is_complete":true},{"open":132.57,"high":132.87,"low":132.57,"close":132.64,"volume":3210,"time":"2022-05-11T10:48:00.000Z","is_complete":true},{"open":132.63,"high":132.88,"low":132.4,"close":132.88,"volume":5955,"time":"2022-05-11T10:49:00.000Z","is_complete":true},{"open":132.7,"high":132.7,"low":132.03,"close":132.39,"volume":4684,"time":"2022-05-11T10:50:00.000Z","is_complete":true},{"open":132.35,"high":132.36,"low":132.17,"close":132.29,"volume":199,"time":"2022-05-11T10:51:00.000Z","is_complete":true},{"open":132.33,"high":132.61,"low":132.2,"close":132.45,"volume":3726,"time":"2022-05-11T10:52:00.000Z","is_complete":true},{"open":132.4,"high":132.41,"low":132.01,"close":132.02,"volume":6710,"time":"2022-05-11T10:53:00.000Z","is_complete":true},{"open":132.02,"high":132.23,"low":131.77,"close":132,"volume":3754,"time":"2022-05-11T10:54:00.000Z","is_complete":true},{"open":132,"high":132.2,"low":131.9,"close":131.93,"volume":2283,"time":"2022-05-11T10:55:00.000Z","is_complete":true},{"open":132.1,"high":132.32,"low":131.9,"close":132.32,"volume":2537,"time":"2022-05-11T10:56:00.000Z","is_complete":true},{"open":132.28,"high":132.35,"low":132.05,"close":132.17,"volume":1043,"time":"2022-05-11T10:57:00.000Z","is_complete":true},{"open":132.17,"high":132.4,"low":132.17,"close":132.4,"volume":1313,"time":"2022-05-11T10:58:00.000Z","is_complete":true},{"open":132.34,"high":132.4,"low":132.02,"close":132.15,"volume":3492,"time":"2022-05-11T10:59:00.000Z","is_complete":true},{"open":132.29,"high":132.5,"low":132.01,"close":132.26,"volume":1482,"time":"2022-05-11T11:00:00.000Z","is_complete":true},{"open":132.24,"high":132.24,"low":131.73,"close":131.94,"volume":5962,"time":"2022-05-11T11:01:00.000Z","is_complete":true},{"open":132,"high":132.2,"low":131.9,"close":132.15,"volume":414,"time":"2022-05-11T11:02:00.000Z","is_complete":true},{"open":131.99,"high":132,"low":131.8,"close":131.98,"volume":1180,"time":"2022-05-11T11:03:00.000Z","is_complete":true},{"open":131.81,"high":131.92,"low":131.73,"close":131.92,"volume":518,"time":"2022-05-11T11:04:00.000Z","is_complete":true},{"open":131.98,"high":131.98,"low":131.92,"close":131.95,"volume":200,"time":"2022-05-11T11:05:00.000Z","is_complete":true},{"open":131.85,"high":131.97,"low":131.85,"close":131.97,"volume":1650,"time":"2022-05-11T11:06:00.000Z","is_complete":true},{"open":131.9,"high":131.93,"low":131.63,"close":131.63,"volume":2775,"time":"2022-05-11T11:07:00.000Z","is_complete":true},{"open":131.69,"high":131.7,"low":131.52,"close":131.52,"volume":271,"time":"2022-05-11T11:08:00.000Z","is_complete":true},{"open":131.52,"high":131.97,"low":131.52,"close":131.97,"volume":1647,"time":"2022-05-11T11:09:00.000Z","is_complete":true},{"open":131.9,"high":131.97,"low":131.43,"close":131.49,"volume":17114,"time":"2022-05-11T11:10:00.000Z","is_complete":true},{"open":131.46,"high":131.68,"low":131.31,"close":131.68,"volume":2390,"time":"2022-05-11T11:11:00.000Z","is_complete":true},{"open":131.5,"high":131.6,"low":131.26,"close":131.29,"volume":3925,"time":"2022-05-11T11:12:00.000Z","is_complete":true},{"open":131.29,"high":131.42,"low":131.26,"close":131.4,"volume":3568,"time":"2022-05-11T11:13:00.000Z","is_complete":true},{"open":131.28,"high":131.55,"low":131.26,"close":131.49,"volume":2109,"time":"2022-05-11T11:14:00.000Z","is_complete":true},{"open":131.49,"high":131.49,"low":131.31,"close":131.31,"volume":1573,"time":"2022-05-11T11:15:00.000Z","is_complete":true},{"open":131.39,"high":131.5,"low":131.39,"close":131.5,"volume":253,"time":"2022-05-11T11:16:00.000Z","is_complete":true},{"open":131.5,"high":131.84,"low":131.5,"close":131.84,"volume":14163,"time":"2022-05-11T11:17:00.000Z","is_complete":true},{"open":131.84,"high":131.84,"low":131.63,"close":131.77,"volume":4070,"time":"2022-05-11T11:18:00.000Z","is_complete":true},{"open":131.63,"high":132.07,"low":131.6,"close":132.07,"volume":5111,"time":"2022-05-11T11:19:00.000Z","is_complete":true},{"open":132.06,"high":132.06,"low":131.9,"close":132.04,"volume":1282,"time":"2022-05-11T11:20:00.000Z","is_complete":true},{"open":131.92,"high":132.2,"low":131.92,"close":132,"volume":5634,"time":"2022-05-11T11:21:00.000Z","is_complete":true},{"open":132,"high":132,"low":131.9,"close":131.9,"volume":840,"time":"2022-05-11T11:22:00.000Z","is_complete":true},{"open":131.97,"high":131.97,"low":131.89,"close":131.94,"volume":60,"time":"2022-05-11T11:23:00.000Z","is_complete":true},{"open":131.93,"high":131.97,"low":131.78,"close":131.78,"volume":303,"time":"2022-05-11T11:24:00.000Z","is_complete":true},{"open":131.88,"high":131.88,"low":131.8,"close":131.88,"volume":88,"time":"2022-05-11T11:25:00.000Z","is_complete":true},{"open":131.93,"high":132.14,"low":131.79,"close":131.8,"volume":2847,"time":"2022-05-11T11:26:00.000Z","is_complete":true},{"open":132,"high":132.14,"low":131.96,"close":132.05,"volume":2987,"time":"2022-05-11T11:27:00.000Z","is_complete":true},{"open":132.04,"high":132.13,"low":131.98,"close":132.12,"volume":1202,"time":"2022-05-11T11:28:00.000Z","is_complete":true},{"open":132,"high":132.12,"low":132,"close":132.12,"volume":2066,"time":"2022-05-11T11:29:00.000Z","is_complete":true},{"open":132.1,"high":132.12,"low":131.53,"close":131.99,"volume":7091,"time":"2022-05-11T11:30:00.000Z","is_complete":true},{"open":131.97,"high":132,"low":131.7,"close":131.84,"volume":299,"time":"2022-05-11T11:31:00.000Z","is_complete":true},{"open":131.94,"high":131.94,"low":131.5,"close":131.58,"volume":1064,"time":"2022-05-11T11:32:00.000Z","is_complete":true},{"open":131.6,"high":131.87,"low":131.6,"close":131.81,"volume":17,"time":"2022-05-11T11:33:00.000Z","is_complete":true},{"open":131.84,"high":131.91,"low":131.71,"close":131.91,"volume":688,"time":"2022-05-11T11:34:00.000Z","is_complete":true},{"open":131.9,"high":131.91,"low":131.9,"close":131.91,"volume":31,"time":"2022-05-11T11:35:00.000Z","is_complete":true},{"open":131.91,"high":131.94,"low":131.74,"close":131.91,"volume":1651,"time":"2022-05-11T11:36:00.000Z","is_complete":true},{"open":131.89,"high":131.89,"low":131.87,"close":131.88,"volume":53,"time":"2022-05-11T11:37:00.000Z","is_complete":true},{"open":131.98,"high":131.98,"low":131.74,"close":131.74,"volume":43,"time":"2022-05-11T11:38:00.000Z","is_complete":true},{"open":131.75,"high":131.98,"low":131.74,"close":131.97,"volume":351,"time":"2022-05-11T11:39:00.000Z","is_complete":true},{"open":131.97,"high":131.98,"low":131.88,"close":131.88,"volume":519,"time":"2022-05-11T11:40:00.000Z","is_complete":true},{"open":131.98,"high":132.09,"low":131.98,"close":132.09,"volume":2077,"time":"2022-05-11T11:41:00.000Z","is_complete":true},{"open":131.96,"high":131.96,"low":131.88,"close":131.9,"volume":20,"time":"2022-05-11T11:42:00.000Z","is_complete":true},{"open":132.08,"high":132.08,"low":131.97,"close":132.07,"volume":92,"time":"2022-05-11T11:43:00.000Z","is_complete":true},{"open":132.07,"high":132.08,"low":132,"close":132.08,"volume":72,"time":"2022-05-11T11:44:00.000Z","is_complete":true},{"open":131.99,"high":132.08,"low":131.99,"close":132,"volume":210,"time":"2022-05-11T11:45:00.000Z","is_complete":true},{"open":131.91,"high":132,"low":131.63,"close":131.97,"volume":2214,"time":"2022-05-11T11:46:00.000Z","is_complete":true},{"open":131.96,"high":131.99,"low":131.95,"close":131.99,"volume":71,"time":"2022-05-11T11:47:00.000Z","is_complete":true},{"open":131.99,"high":131.99,"low":131.88,"close":131.88,"volume":760,"time":"2022-05-11T11:48:00.000Z","is_complete":true},{"open":131.87,"high":131.95,"low":131.85,"close":131.94,"volume":1504,"time":"2022-05-11T11:49:00.000Z","is_complete":true},{"open":131.94,"high":131.95,"low":131.65,"close":131.65,"volume":6971,"time":"2022-05-11T11:50:00.000Z","is_complete":true},{"open":131.79,"high":131.83,"low":131.68,"close":131.83,"volume":13,"time":"2022-05-11T11:51:00.000Z","is_complete":true},{"open":131.8,"high":131.93,"low":131.73,"close":131.92,"volume":1109,"time":"2022-05-11T11:52:00.000Z","is_complete":true},{"open":131.92,"high":131.92,"low":131.73,"close":131.8,"volume":1392,"time":"2022-05-11T11:53:00.000Z","is_complete":true},{"open":131.79,"high":131.8,"low":131.65,"close":131.66,"volume":822,"time":"2022-05-11T11:54:00.000Z","is_complete":true},{"open":131.67,"high":131.79,"low":131.67,"close":131.79,"volume":6,"time":"2022-05-11T11:55:00.000Z","is_complete":true},{"open":131.85,"high":131.85,"low":131.84,"close":131.84,"volume":3,"time":"2022-05-11T11:56:00.000Z","is_complete":true},{"open":131.8,"high":131.8,"low":131.8,"close":131.8,"volume":6,"time":"2022-05-11T11:57:00.000Z","is_complete":true},{"open":131.83,"high":131.83,"low":131.68,"close":131.79,"volume":768,"time":"2022-05-11T11:58:00.000Z","is_complete":true},{"open":131.78,"high":131.84,"low":131.69,"close":131.82,"volume":527,"time":"2022-05-11T11:59:00.000Z","is_complete":true},{"open":131.82,"high":131.83,"low":131.68,"close":131.82,"volume":169,"time":"2022-05-11T12:00:00.000Z","is_complete":true},{"open":131.8,"high":131.8,"low":131.68,"close":131.8,"volume":57,"time":"2022-05-11T12:01:00.000Z","is_complete":true},{"open":131.68,"high":131.78,"low":131.64,"close":131.64,"volume":2994,"time":"2022-05-11T12:02:00.000Z","is_complete":true},{"open":131.69,"high":131.69,"low":131.61,"close":131.68,"volume":4447,"time":"2022-05-11T12:03:00.000Z","is_complete":true},{"open":131.61,"high":131.62,"low":131.55,"close":131.56,"volume":929,"time":"2022-05-11T12:04:00.000Z","is_complete":true},{"open":131.61,"high":131.67,"low":131.22,"close":131.58,"volume":5832,"time":"2022-05-11T12:05:00.000Z","is_complete":true},{"open":131.3,"high":131.88,"low":131.05,"close":131.42,"volume":6278,"time":"2022-05-11T12:06:00.000Z","is_complete":true},{"open":131.58,"high":131.6,"low":131.51,"close":131.6,"volume":24,"time":"2022-05-11T12:07:00.000Z","is_complete":true},{"open":131.51,"high":131.6,"low":131.5,"close":131.55,"volume":1048,"time":"2022-05-11T12:08:00.000Z","is_complete":true},{"open":131.55,"high":131.55,"low":131.42,"close":131.55,"volume":90,"time":"2022-05-11T12:09:00.000Z","is_complete":true},{"open":131.49,"high":131.55,"low":131.4,"close":131.4,"volume":44,"time":"2022-05-11T12:10:00.000Z","is_complete":true},{"open":131.55,"high":131.55,"low":131.41,"close":131.52,"volume":262,"time":"2022-05-11T12:11:00.000Z","is_complete":true},{"open":131.54,"high":131.75,"low":131.52,"close":131.6,"volume":308,"time":"2022-05-11T12:12:00.000Z","is_complete":true},{"open":131.7,"high":131.76,"low":131.52,"close":131.75,"volume":97,"time":"2022-05-11T12:13:00.000Z","is_complete":true},{"open":131.74,"high":131.77,"low":131.6,"close":131.61,"volume":684,"time":"2022-05-11T12:14:00.000Z","is_complete":true},{"open":131.77,"high":131.79,"low":131.65,"close":131.79,"volume":522,"time":"2022-05-11T12:15:00.000Z","is_complete":true},{"open":131.8,"high":131.8,"low":131.79,"close":131.79,"volume":5,"time":"2022-05-11T12:16:00.000Z","is_complete":true},{"open":131.79,"high":131.79,"low":131.78,"close":131.78,"volume":37,"time":"2022-05-11T12:17:00.000Z","is_complete":true},{"open":131.78,"high":131.78,"low":131.63,"close":131.63,"volume":572,"time":"2022-05-11T12:18:00.000Z","is_complete":true},{"open":131.63,"high":131.63,"low":131.5,"close":131.5,"volume":1513,"time":"2022-05-11T12:19:00.000Z","is_complete":true},{"open":131.55,"high":131.56,"low":131.42,"close":131.55,"volume":201,"time":"2022-05-11T12:20:00.000Z","is_complete":true},{"open":131.56,"high":131.56,"low":131.56,"close":131.56,"volume":731,"time":"2022-05-11T12:21:00.000Z","is_complete":true},{"open":131.42,"high":131.5,"low":131.42,"close":131.5,"volume":87,"time":"2022-05-11T12:22:00.000Z","is_complete":true},{"open":131.5,"high":131.6,"low":131.44,"close":131.6,"volume":360,"time":"2022-05-11T12:23:00.000Z","is_complete":true},{"open":131.49,"high":131.6,"low":131.49,"close":131.6,"volume":6,"time":"2022-05-11T12:24:00.000Z","is_complete":true},{"open":131.6,"high":131.6,"low":131.49,"close":131.6,"volume":83,"time":"2022-05-11T12:25:00.000Z","is_complete":true},{"open":131.5,"high":131.5,"low":131.44,"close":131.46,"volume":107,"time":"2022-05-11T12:26:00.000Z","is_complete":true},{"open":131.46,"high":131.46,"low":131.46,"close":131.46,"volume":4,"time":"2022-05-11T12:27:00.000Z","is_complete":true},{"open":131.46,"high":131.76,"low":131.45,"close":131.6,"volume":634,"time":"2022-05-11T12:28:00.000Z","is_complete":true},{"open":131.78,"high":131.78,"low":131.78,"close":131.78,"volume":1663,"time":"2022-05-11T12:29:00.000Z","is_complete":true},{"open":131.79,"high":131.79,"low":131.23,"close":131.6,"volume":10332,"time":"2022-05-11T12:30:00.000Z","is_complete":true},{"open":131.6,"high":132.54,"low":131.6,"close":132.13,"volume":28311,"time":"2022-05-11T12:31:00.000Z","is_complete":true},{"open":132.11,"high":132.31,"low":132.05,"close":132.3,"volume":1057,"time":"2022-05-11T12:32:00.000Z","is_complete":true},{"open":132.12,"high":132.5,"low":132.06,"close":132.3,"volume":2422,"time":"2022-05-11T12:33:00.000Z","is_complete":true},{"open":132.3,"high":132.35,"low":132.17,"close":132.19,"volume":128,"time":"2022-05-11T12:34:00.000Z","is_complete":true},{"open":132.2,"high":132.2,"low":132.17,"close":132.2,"volume":379,"time":"2022-05-11T12:35:00.000Z","is_complete":true},{"open":132.21,"high":132.45,"low":132.21,"close":132.21,"volume":1297,"time":"2022-05-11T12:36:00.000Z","is_complete":true},{"open":132.42,"high":132.5,"low":132.19,"close":132.19,"volume":4467,"time":"2022-05-11T12:37:00.000Z","is_complete":true},{"open":132.18,"high":132.2,"low":132.05,"close":132.05,"volume":379,"time":"2022-05-11T12:38:00.000Z","is_complete":true},{"open":132.13,"high":132.19,"low":131.9,"close":131.9,"volume":1085,"time":"2022-05-11T12:39:00.000Z","is_complete":true},{"open":131.98,"high":131.99,"low":131.98,"close":131.99,"volume":8,"time":"2022-05-11T12:40:00.000Z","is_complete":true},{"open":131.99,"high":131.99,"low":131.9,"close":131.99,"volume":24,"time":"2022-05-11T12:41:00.000Z","is_complete":true},{"open":131.9,"high":131.99,"low":131.89,"close":131.99,"volume":521,"time":"2022-05-11T12:42:00.000Z","is_complete":true},{"open":131.92,"high":132.45,"low":131.92,"close":132.45,"volume":3461,"time":"2022-05-11T12:43:00.000Z","is_complete":true},{"open":132.21,"high":132.44,"low":132.21,"close":132.36,"volume":3009,"time":"2022-05-11T12:44:00.000Z","is_complete":true},{"open":132.36,"high":132.41,"low":132.35,"close":132.35,"volume":97,"time":"2022-05-11T12:45:00.000Z","is_complete":true},{"open":132.28,"high":132.35,"low":132.1,"close":132.1,"volume":5050,"time":"2022-05-11T12:46:00.000Z","is_complete":true},{"open":132.08,"high":132.08,"low":132.04,"close":132.04,"volume":153,"time":"2022-05-11T12:47:00.000Z","is_complete":true},{"open":132.1,"high":132.1,"low":132.04,"close":132.04,"volume":24,"time":"2022-05-11T12:48:00.000Z","is_complete":true},{"open":132.02,"high":132.08,"low":131.9,"close":132.08,"volume":3765,"time":"2022-05-11T12:49:00.000Z","is_complete":true},{"open":132.08,"high":132.15,"low":132.08,"close":132.15,"volume":521,"time":"2022-05-11T12:50:00.000Z","is_complete":true},{"open":132.13,"high":132.13,"low":131.91,"close":131.91,"volume":813,"time":"2022-05-11T12:51:00.000Z","is_complete":true},{"open":131.98,"high":131.99,"low":131.6,"close":131.74,"volume":52136,"time":"2022-05-11T12:52:00.000Z","is_complete":true},{"open":131.62,"high":131.72,"low":131.5,"close":131.64,"volume":5407,"time":"2022-05-11T12:53:00.000Z","is_complete":true},{"open":131.61,"high":131.74,"low":131.61,"close":131.72,"volume":47,"time":"2022-05-11T12:54:00.000Z","is_complete":true},{"open":131.64,"high":131.89,"low":131.55,"close":131.55,"volume":2521,"time":"2022-05-11T12:55:00.000Z","is_complete":true},{"open":131.66,"high":131.66,"low":131.55,"close":131.55,"volume":3309,"time":"2022-05-11T12:56:00.000Z","is_complete":true},{"open":131.61,"high":131.78,"low":131.5,"close":131.66,"volume":5002,"time":"2022-05-11T12:57:00.000Z","is_complete":true},{"open":131.65,"high":131.68,"low":131.51,"close":131.51,"volume":2504,"time":"2022-05-11T12:58:00.000Z","is_complete":true},{"open":131.67,"high":131.67,"low":131.51,"close":131.51,"volume":85,"time":"2022-05-11T12:59:00.000Z","is_complete":true},{"open":131.65,"high":131.66,"low":131.3,"close":131.4,"volume":1636,"time":"2022-05-11T13:00:00.000Z","is_complete":true},{"open":131.4,"high":131.4,"low":131.25,"close":131.25,"volume":3665,"time":"2022-05-11T13:01:00.000Z","is_complete":true},{"open":131.29,"high":131.4,"low":131.25,"close":131.4,"volume":3908,"time":"2022-05-11T13:02:00.000Z","is_complete":true},{"open":131.4,"high":131.4,"low":131.23,"close":131.31,"volume":2723,"time":"2022-05-11T13:03:00.000Z","is_complete":true},{"open":131.26,"high":131.31,"low":131.2,"close":131.31,"volume":1491,"time":"2022-05-11T13:04:00.000Z","is_complete":true},{"open":131.4,"high":131.67,"low":131.2,"close":131.39,"volume":2413,"time":"2022-05-11T13:05:00.000Z","is_complete":true},{"open":131.62,"high":131.66,"low":131.22,"close":131.49,"volume":755,"time":"2022-05-11T13:06:00.000Z","is_complete":true},{"open":131.44,"high":131.44,"low":131.13,"close":131.13,"volume":4347,"time":"2022-05-11T13:07:00.000Z","is_complete":true},{"open":131.18,"high":131.38,"low":131.05,"close":131.06,"volume":5037,"time":"2022-05-11T13:08:00.000Z","is_complete":true},{"open":131.07,"high":131.14,"low":131.07,"close":131.14,"volume":105,"time":"2022-05-11T13:09:00.000Z","is_complete":true},{"open":131.08,"high":131.24,"low":131.08,"close":131.1,"volume":149,"time":"2022-05-11T13:10:00.000Z","is_complete":true},{"open":131.25,"high":131.29,"low":131.08,"close":131.15,"volume":4191,"time":"2022-05-11T13:11:00.000Z","is_complete":true},{"open":131.17,"high":131.17,"low":131.13,"close":131.13,"volume":58,"time":"2022-05-11T13:12:00.000Z","is_complete":true},{"open":131.22,"high":131.22,"low":130.17,"close":130.4,"volume":28967,"time":"2022-05-11T13:13:00.000Z","is_complete":true},{"open":130.39,"high":130.62,"low":130.26,"close":130.4,"volume":10203,"time":"2022-05-11T13:14:00.000Z","is_complete":true},{"open":130.4,"high":130.77,"low":130.4,"close":130.74,"volume":2262,"time":"2022-05-11T13:15:00.000Z","is_complete":true},{"open":130.76,"high":131,"low":130.71,"close":131,"volume":4545,"time":"2022-05-11T13:16:00.000Z","is_complete":true},{"open":130.99,"high":130.99,"low":130.53,"close":130.68,"volume":3582,"time":"2022-05-11T13:17:00.000Z","is_complete":true},{"open":130.53,"high":130.65,"low":130.33,"close":130.5,"volume":3149,"time":"2022-05-11T13:18:00.000Z","is_complete":true},{"open":130.47,"high":130.47,"low":130.16,"close":130.4,"volume":4793,"time":"2022-05-11T13:19:00.000Z","is_complete":true},{"open":130.46,"high":130.6,"low":130,"close":130.14,"volume":16942,"time":"2022-05-11T13:20:00.000Z","is_complete":true},{"open":130.2,"high":130.34,"low":130.2,"close":130.3,"volume":1380,"time":"2022-05-11T13:21:00.000Z","is_complete":true},{"open":130.3,"high":130.48,"low":130.11,"close":130.39,"volume":5460,"time":"2022-05-11T13:22:00.000Z","is_complete":true},{"open":130.2,"high":130.41,"low":130.2,"close":130.3,"volume":61,"time":"2022-05-11T13:23:00.000Z","is_complete":true},{"open":130.38,"high":130.39,"low":130.29,"close":130.39,"volume":773,"time":"2022-05-11T13:24:00.000Z","is_complete":true},{"open":130.39,"high":130.39,"low":130.32,"close":130.32,"volume":257,"time":"2022-05-11T13:25:00.000Z","is_complete":true},{"open":130.39,"high":130.39,"low":130.34,"close":130.34,"volume":42,"time":"2022-05-11T13:26:00.000Z","is_complete":true},{"open":130.39,"high":130.4,"low":130.34,"close":130.4,"volume":296,"time":"2022-05-11T13:27:00.000Z","is_complete":true},{"open":130.4,"high":130.5,"low":130.35,"close":130.49,"volume":331,"time":"2022-05-11T13:28:00.000Z","is_complete":true},{"open":130.49,"high":130.9,"low":130.49,"close":130.78,"volume":1795,"time":"2022-05-11T13:29:00.000Z","is_complete":true},{"open":130.8,"high":130.8,"low":129.91,"close":129.93,"volume":18052,"time":"2022-05-11T13:30:00.000Z","is_complete":true},{"open":130.16,"high":130.49,"low":129.93,"close":130.11,"volume":5361,"time":"2022-05-11T13:31:00.000Z","is_complete":true},{"open":130.21,"high":130.6,"low":130.09,"close":130.26,"volume":2289,"time":"2022-05-11T13:32:00.000Z","is_complete":true},{"open":130.44,"high":130.44,"low":130.05,"close":130.42,"volume":2241,"time":"2022-05-11T13:33:00.000Z","is_complete":true},{"open":130.13,"high":130.26,"low":130.13,"close":130.26,"volume":943,"time":"2022-05-11T13:34:00.000Z","is_complete":true},{"open":130.26,"high":130.4,"low":130.25,"close":130.25,"volume":243,"time":"2022-05-11T13:35:00.000Z","is_complete":true},{"open":130.26,"high":130.32,"low":130.05,"close":130.27,"volume":2030,"time":"2022-05-11T13:36:00.000Z","is_complete":true},{"open":130.19,"high":130.23,"low":130,"close":130,"volume":1089,"time":"2022-05-11T13:37:00.000Z","is_complete":true},{"open":130.15,"high":130.17,"low":129.5,"close":129.99,"volume":5272,"time":"2022-05-11T13:38:00.000Z","is_complete":true},{"open":130,"high":130.11,"low":129.71,"close":129.97,"volume":1240,"time":"2022-05-11T13:39:00.000Z","is_complete":true},{"open":129.96,"high":130.04,"low":129.95,"close":130.04,"volume":4512,"time":"2022-05-11T13:40:00.000Z","is_complete":true},{"open":130.02,"high":130.17,"low":130.02,"close":130.17,"volume":759,"time":"2022-05-11T13:41:00.000Z","is_complete":true},{"open":130.2,"high":130.46,"low":130.2,"close":130.24,"volume":285,"time":"2022-05-11T13:42:00.000Z","is_complete":true},{"open":130.24,"high":130.44,"low":130.21,"close":130.39,"volume":400,"time":"2022-05-11T13:43:00.000Z","is_complete":true},{"open":130.3,"high":130.3,"low":130.3,"close":130.3,"volume":4,"time":"2022-05-11T13:44:00.000Z","is_complete":true},{"open":130.21,"high":130.5,"low":130.21,"close":130.5,"volume":3137,"time":"2022-05-11T13:45:00.000Z","is_complete":true},{"open":130.51,"high":130.51,"low":130.34,"close":130.34,"volume":378,"time":"2022-05-11T13:46:00.000Z","is_complete":true},{"open":130.34,"high":130.42,"low":130.27,"close":130.3,"volume":21,"time":"2022-05-11T13:47:00.000Z","is_complete":true},{"open":130.72,"high":130.72,"low":130.3,"close":130.3,"volume":2298,"time":"2022-05-11T13:48:00.000Z","is_complete":true},{"open":130.27,"high":130.45,"low":130.25,"close":130.3,"volume":456,"time":"2022-05-11T13:49:00.000Z","is_complete":true},{"open":130.23,"high":130.54,"low":130.21,"close":130.33,"volume":231,"time":"2022-05-11T13:50:00.000Z","is_complete":true},{"open":130.31,"high":130.63,"low":130.3,"close":130.6,"volume":1008,"time":"2022-05-11T13:51:00.000Z","is_complete":true},{"open":130.6,"high":130.6,"low":130.31,"close":130.31,"volume":2242,"time":"2022-05-11T13:52:00.000Z","is_complete":true},{"open":130.43,"high":130.52,"low":130.3,"close":130.51,"volume":2361,"time":"2022-05-11T13:53:00.000Z","is_complete":true},{"open":130.5,"high":130.5,"low":130.5,"close":130.5,"volume":1231,"time":"2022-05-11T13:54:00.000Z","is_complete":true},{"open":130.51,"high":130.54,"low":130.3,"close":130.52,"volume":2110,"time":"2022-05-11T13:55:00.000Z","is_complete":true},{"open":130.51,"high":130.52,"low":130.32,"close":130.32,"volume":205,"time":"2022-05-11T13:56:00.000Z","is_complete":true},{"open":130.3,"high":130.5,"low":130.07,"close":130.29,"volume":6518,"time":"2022-05-11T13:57:00.000Z","is_complete":true},{"open":130.19,"high":130.28,"low":130.03,"close":130.28,"volume":2386,"time":"2022-05-11T13:58:00.000Z","is_complete":true},{"open":130.28,"high":130.3,"low":130.28,"close":130.3,"volume":82,"time":"2022-05-11T13:59:00.000Z","is_complete":true},{"open":130.4,"high":130.4,"low":130.26,"close":130.26,"volume":3050,"time":"2022-05-11T14:00:00.000Z","is_complete":true},{"open":130.35,"high":130.48,"low":130.35,"close":130.48,"volume":787,"time":"2022-05-11T14:01:00.000Z","is_complete":true},{"open":130.47,"high":130.5,"low":130.47,"close":130.5,"volume":52,"time":"2022-05-11T14:02:00.000Z","is_complete":true},{"open":130.46,"high":130.5,"low":130.46,"close":130.5,"volume":52,"time":"2022-05-11T14:03:00.000Z","is_complete":true},{"open":130.4,"high":130.5,"low":130.4,"close":130.5,"volume":102,"time":"2022-05-11T14:04:00.000Z","is_complete":true},{"open":130.5,"high":130.5,"low":130.33,"close":130.33,"volume":182,"time":"2022-05-11T14:05:00.000Z","is_complete":true},{"open":130.34,"high":130.44,"low":130.26,"close":130.26,"volume":11590,"time":"2022-05-11T14:06:00.000Z","is_complete":true},{"open":130.26,"high":130.26,"low":130.08,"close":130.1,"volume":2621,"time":"2022-05-11T14:07:00.000Z","is_complete":true},{"open":130.03,"high":130.38,"low":130.03,"close":130.36,"volume":62,"time":"2022-05-11T14:08:00.000Z","is_complete":true},{"open":130.22,"high":130.22,"low":130.2,"close":130.2,"volume":50,"time":"2022-05-11T14:09:00.000Z","is_complete":true},{"open":130.27,"high":130.27,"low":130.27,"close":130.27,"volume":5,"time":"2022-05-11T14:10:00.000Z","is_complete":true},{"open":130.27,"high":130.33,"low":130.27,"close":130.33,"volume":9,"time":"2022-05-11T14:11:00.000Z","is_complete":true},{"open":130.32,"high":130.32,"low":130.2,"close":130.2,"volume":51,"time":"2022-05-11T14:12:00.000Z","is_complete":true},{"open":130.32,"high":130.32,"low":130.2,"close":130.2,"volume":125,"time":"2022-05-11T14:13:00.000Z","is_complete":true},{"open":130.21,"high":130.41,"low":130.2,"close":130.4,"volume":61,"time":"2022-05-11T14:14:00.000Z","is_complete":true},{"open":130.4,"high":130.4,"low":130.24,"close":130.39,"volume":1000,"time":"2022-05-11T14:15:00.000Z","is_complete":true},{"open":130.36,"high":130.41,"low":130.36,"close":130.41,"volume":79,"time":"2022-05-11T14:16:00.000Z","is_complete":true},{"open":130.38,"high":130.38,"low":130.35,"close":130.35,"volume":716,"time":"2022-05-11T14:17:00.000Z","is_complete":true},{"open":130.24,"high":130.24,"low":130.18,"close":130.18,"volume":1118,"time":"2022-05-11T14:18:00.000Z","is_complete":true},{"open":130.13,"high":130.27,"low":130.12,"close":130.27,"volume":185,"time":"2022-05-11T14:19:00.000Z","is_complete":true},{"open":130.3,"high":130.55,"low":130.22,"close":130.5,"volume":50795,"time":"2022-05-11T14:20:00.000Z","is_complete":true},{"open":130.5,"high":130.5,"low":130.5,"close":130.5,"volume":10,"time":"2022-05-11T14:21:00.000Z","is_complete":true},{"open":130.49,"high":131,"low":130.49,"close":130.8,"volume":22861,"time":"2022-05-11T14:22:00.000Z","is_complete":true},{"open":130.8,"high":130.96,"low":130.7,"close":130.83,"volume":3952,"time":"2022-05-11T14:23:00.000Z","is_complete":true},{"open":130.83,"high":130.87,"low":130.58,"close":130.85,"volume":2459,"time":"2022-05-11T14:24:00.000Z","is_complete":true},{"open":130.75,"high":130.8,"low":130.58,"close":130.8,"volume":489,"time":"2022-05-11T14:25:00.000Z","is_complete":true},{"open":130.8,"high":130.85,"low":130.58,"close":130.58,"volume":1072,"time":"2022-05-11T14:26:00.000Z","is_complete":true},{"open":130.7,"high":130.83,"low":130.7,"close":130.83,"volume":92,"time":"2022-05-11T14:27:00.000Z","is_complete":true},{"open":130.75,"high":130.75,"low":130.7,"close":130.7,"volume":1504,"time":"2022-05-11T14:28:00.000Z","is_complete":true},{"open":130.61,"high":130.61,"low":130.58,"close":130.61,"volume":3546,"time":"2022-05-11T14:29:00.000Z","is_complete":true},{"open":130.64,"high":130.78,"low":130.62,"close":130.78,"volume":123,"time":"2022-05-11T14:30:00.000Z","is_complete":true},{"open":130.78,"high":130.78,"low":130.78,"close":130.78,"volume":15,"time":"2022-05-11T14:31:00.000Z","is_complete":true},{"open":130.78,"high":130.79,"low":130.77,"close":130.77,"volume":49,"time":"2022-05-11T14:32:00.000Z","is_complete":true},{"open":130.64,"high":130.64,"low":130.6,"close":130.6,"volume":1547,"time":"2022-05-11T14:33:00.000Z","is_complete":true},{"open":130.69,"high":130.7,"low":130.69,"close":130.69,"volume":23,"time":"2022-05-11T14:34:00.000Z","is_complete":true},{"open":130.6,"high":130.6,"low":130.56,"close":130.56,"volume":11,"time":"2022-05-11T14:35:00.000Z","is_complete":true},{"open":130.6,"high":130.6,"low":130.56,"close":130.59,"volume":146,"time":"2022-05-11T14:36:00.000Z","is_complete":true},{"open":130.58,"high":130.78,"low":130.56,"close":130.59,"volume":771,"time":"2022-05-11T14:37:00.000Z","is_complete":true},{"open":130.7,"high":130.78,"low":130.58,"close":130.78,"volume":536,"time":"2022-05-11T14:38:00.000Z","is_complete":true},{"open":130.63,"high":130.7,"low":130.63,"close":130.63,"volume":65,"time":"2022-05-11T14:39:00.000Z","is_complete":true},{"open":130.63,"high":130.75,"low":130.62,"close":130.63,"volume":539,"time":"2022-05-11T14:40:00.000Z","is_complete":true},{"open":130.63,"high":130.63,"low":130.37,"close":130.41,"volume":2696,"time":"2022-05-11T14:41:00.000Z","is_complete":true},{"open":130.62,"high":130.62,"low":130.41,"close":130.41,"volume":38,"time":"2022-05-11T14:42:00.000Z","is_complete":true},{"open":130.6,"high":130.69,"low":130.6,"close":130.69,"volume":402,"time":"2022-05-11T14:43:00.000Z","is_complete":true},{"open":130.67,"high":130.7,"low":130.67,"close":130.7,"volume":330,"time":"2022-05-11T14:45:00.000Z","is_complete":true},{"open":130.7,"high":130.7,"low":130.7,"close":130.7,"volume":4,"time":"2022-05-11T14:46:00.000Z","is_complete":true},{"open":130.7,"high":130.7,"low":130.67,"close":130.67,"volume":593,"time":"2022-05-11T14:47:00.000Z","is_complete":true},{"open":130.6,"high":130.7,"low":130.46,"close":130.7,"volume":92,"time":"2022-05-11T14:48:00.000Z","is_complete":true},{"open":130.68,"high":130.78,"low":130.68,"close":130.78,"volume":1012,"time":"2022-05-11T14:49:00.000Z","is_complete":true},{"open":130.78,"high":130.78,"low":130.64,"close":130.76,"volume":31,"time":"2022-05-11T14:50:00.000Z","is_complete":true},{"open":130.77,"high":131.98,"low":130.68,"close":131.8,"volume":21882,"time":"2022-05-11T14:51:00.000Z","is_complete":true},{"open":131.98,"high":132,"low":131.75,"close":131.99,"volume":2834,"time":"2022-05-11T14:52:00.000Z","is_complete":true},{"open":131.96,"high":131.97,"low":131.4,"close":131.64,"volume":26408,"time":"2022-05-11T14:53:00.000Z","is_complete":true},{"open":131.64,"high":131.7,"low":131.42,"close":131.43,"volume":4418,"time":"2022-05-11T14:54:00.000Z","is_complete":true},{"open":131.54,"high":131.54,"low":131.3,"close":131.3,"volume":226,"time":"2022-05-11T14:55:00.000Z","is_complete":true},{"open":131.24,"high":131.24,"low":131.01,"close":131.02,"volume":1694,"time":"2022-05-11T14:56:00.000Z","is_complete":true},{"open":131.02,"high":131.93,"low":131.01,"close":131.93,"volume":12483,"time":"2022-05-11T14:57:00.000Z","is_complete":true},{"open":131.9,"high":132,"low":131.2,"close":131.2,"volume":18131,"time":"2022-05-11T14:58:00.000Z","is_complete":true},{"open":131.47,"high":131.5,"low":131.31,"close":131.35,"volume":645,"time":"2022-05-11T14:59:00.000Z","is_complete":true},{"open":131.41,"high":131.47,"low":131.36,"close":131.47,"volume":748,"time":"2022-05-11T15:00:00.000Z","is_complete":true},{"open":131.36,"high":131.5,"low":131.35,"close":131.35,"volume":181,"time":"2022-05-11T15:01:00.000Z","is_complete":true},{"open":131.3,"high":131.39,"low":131.1,"close":131.1,"volume":1325,"time":"2022-05-11T15:02:00.000Z","is_complete":true},{"open":131.18,"high":131.2,"low":130.81,"close":130.98,"volume":6937,"time":"2022-05-11T15:03:00.000Z","is_complete":true},{"open":130.92,"high":130.92,"low":130.73,"close":130.92,"volume":1290,"time":"2022-05-11T15:04:00.000Z","is_complete":true},{"open":130.91,"high":130.91,"low":130.77,"close":130.77,"volume":155,"time":"2022-05-11T15:05:00.000Z","is_complete":true},{"open":130.83,"high":130.92,"low":130.77,"close":130.92,"volume":150,"time":"2022-05-11T15:06:00.000Z","is_complete":true},{"open":130.92,"high":131.01,"low":130.91,"close":131.01,"volume":2384,"time":"2022-05-11T15:07:00.000Z","is_complete":true},{"open":131.04,"high":131.37,"low":131.04,"close":131.37,"volume":16631,"time":"2022-05-11T15:08:00.000Z","is_complete":true},{"open":131.37,"high":131.47,"low":131.3,"close":131.47,"volume":10904,"time":"2022-05-11T15:09:00.000Z","is_complete":true},{"open":131.47,"high":131.69,"low":130.46,"close":130.98,"volume":26097,"time":"2022-05-11T15:10:00.000Z","is_complete":true},{"open":130.89,"high":131.31,"low":130.89,"close":131,"volume":1068,"time":"2022-05-11T15:11:00.000Z","is_complete":true},{"open":131.02,"high":131.15,"low":131.02,"close":131.15,"volume":24,"time":"2022-05-11T15:12:00.000Z","is_complete":true},{"open":131.15,"high":131.15,"low":130.84,"close":131.04,"volume":461,"time":"2022-05-11T15:13:00.000Z","is_complete":true},{"open":131,"high":131.21,"low":131,"close":131.02,"volume":2664,"time":"2022-05-11T15:14:00.000Z","is_complete":true},{"open":131.02,"high":131.1,"low":130.81,"close":130.81,"volume":925,"time":"2022-05-11T15:15:00.000Z","is_complete":true},{"open":131,"high":131,"low":131,"close":131,"volume":20,"time":"2022-05-11T15:16:00.000Z","is_complete":true},{"open":130.85,"high":130.99,"low":130.83,"close":130.83,"volume":289,"time":"2022-05-11T15:17:00.000Z","is_complete":true},{"open":130.84,"high":130.95,"low":130.77,"close":130.9,"volume":561,"time":"2022-05-11T15:18:00.000Z","is_complete":true},{"open":130.91,"high":131.45,"low":130.91,"close":131.45,"volume":1665,"time":"2022-05-11T15:19:00.000Z","is_complete":true},{"open":131.28,"high":131.28,"low":131.16,"close":131.28,"volume":478,"time":"2022-05-11T15:20:00.000Z","is_complete":true},{"open":131.28,"high":131.38,"low":131,"close":131.14,"volume":19745,"time":"2022-05-11T15:21:00.000Z","is_complete":true},{"open":131.14,"high":131.24,"low":131,"close":131.18,"volume":2794,"time":"2022-05-11T15:22:00.000Z","is_complete":true},{"open":131.23,"high":131.39,"low":131.04,"close":131.39,"volume":948,"time":"2022-05-11T15:23:00.000Z","is_complete":true},{"open":131.39,"high":131.5,"low":131.24,"close":131.5,"volume":2396,"time":"2022-05-11T15:24:00.000Z","is_complete":true},{"open":131.48,"high":131.49,"low":131.48,"close":131.49,"volume":36,"time":"2022-05-11T15:25:00.000Z","is_complete":true},{"open":131.39,"high":131.48,"low":131.29,"close":131.3,"volume":196,"time":"2022-05-11T15:26:00.000Z","is_complete":true},{"open":131.31,"high":131.59,"low":131.24,"close":131.3,"volume":6650,"time":"2022-05-11T15:27:00.000Z","is_complete":true},{"open":131.49,"high":131.58,"low":131.48,"close":131.58,"volume":511,"time":"2022-05-11T15:28:00.000Z","is_complete":true},{"open":131.5,"high":131.5,"low":131.31,"close":131.31,"volume":121,"time":"2022-05-11T15:29:00.000Z","is_complete":true},{"open":131.33,"high":131.49,"low":131.24,"close":131.49,"volume":3810,"time":"2022-05-11T15:30:00.000Z","is_complete":true},{"open":131.48,"high":131.5,"low":131.24,"close":131.49,"volume":2231,"time":"2022-05-11T15:31:00.000Z","is_complete":true},{"open":131.5,"high":131.76,"low":131.4,"close":131.76,"volume":10592,"time":"2022-05-11T15:32:00.000Z","is_complete":true},{"open":131.46,"high":131.75,"low":131.27,"close":131.75,"volume":14820,"time":"2022-05-11T15:33:00.000Z","is_complete":true},{"open":131.5,"high":131.73,"low":131.42,"close":131.51,"volume":551,"time":"2022-05-11T15:34:00.000Z","is_complete":true},{"open":131.5,"high":131.69,"low":131.34,"close":131.69,"volume":368,"time":"2022-05-11T15:35:00.000Z","is_complete":true},{"open":131.5,"high":131.7,"low":131.49,"close":131.7,"volume":3244,"time":"2022-05-11T15:36:00.000Z","is_complete":true},{"open":131.52,"high":131.75,"low":131.12,"close":131.34,"volume":8867,"time":"2022-05-11T15:37:00.000Z","is_complete":true},{"open":131.57,"high":131.74,"low":131.42,"close":131.74,"volume":1512,"time":"2022-05-11T15:38:00.000Z","is_complete":true},{"open":131.7,"high":131.74,"low":131.51,"close":131.7,"volume":5786,"time":"2022-05-11T15:39:00.000Z","is_complete":true},{"open":131.7,"high":131.7,"low":131.7,"close":131.7,"volume":4464,"time":"2022-05-11T15:45:00.000Z","is_complete":true},{"open":131.7,"high":131.7,"low":131.7,"close":131.7,"volume":1,"time":"2022-05-11T15:46:00.000Z","is_complete":true},{"open":131.7,"high":131.7,"low":131.7,"close":131.7,"volume":30,"time":"2022-05-11T15:47:00.000Z","is_complete":true},{"open":131.7,"high":131.7,"low":131.7,"close":131.7,"volume":1890,"time":"2022-05-11T15:48:00.000Z","is_complete":true},{"open":131.7,"high":131.7,"low":131.7,"close":131.7,"volume":308,"time":"2022-05-11T15:49:00.000Z","is_complete":true}]}