{"candles":[{"open":131.8,"high":132,"low":131.71,"close":131.71,"volume":3850,"time":"2022-05-12T07:00:00.000Z","is_complete":true},{"open":132,"high":132.4,"low":131.7,"close":132.1,"volume":4980,"time":"2022-05-12T07:01:00.000Z","is_complete":true},{"open":131.9,"high":132.2,"low":131.8,"close":131.8,"volume":6636,"time":"2022-05-12T07:02:00.000Z","is_complete":true},{"open":131.8,"high":131.8,"low":131.16,"close":131.2,"volume":4794,"time":"2022-05-12T07:03:00.000Z","is_complete":true},{"open":131.2,"high":131.29,"low":130.89,"close":131,"volume":11527,"time":"2022-05-12T07:04:00.000Z","is_complete":true},{"open":130.95,"high":131.4,"low":130.92,"close":131.02,"volume":10358,"time":"2022-05-12T07:05:00.000Z","is_complete":true},{"open":131.08,"high":131.32,"low":130.99,"close":131.2,"volume":2030,"time":"2022-05-12T07:06:00.000Z","is_complete":true},{"open":131.2,"high":131.2,"low":130.5,"close":130.7,"volume":14974,"time":"2022-05-12T07:07:00.000Z","is_complete":true},{"open":130.9,"high":130.94,"low":130.6,"close":130.8,"volume":3221,"time":"2022-05-12T07:08:00.000Z","is_complete":true},{"open":130.8,"high":130.87,"low":130.63,"close":130.8,"volume":1447,"time":"2022-05-12T07:09:00.000Z","is_complete":true},{"open":130.65,"high":130.76,"low":130.5,"close":130.73,"volume":2709,"time":"2022-05-12T07:10:00.000Z","is_complete":true},{"open":130.76,"high":130.8,"low":130.76,"close":130.8,"volume":2982,"time":"2022-05-12T07:11:00.000Z","is_complete":true},{"open":130.78,"high":130.8,"low":130.7,"close":130.8,"volume":4249,"time":"2022-05-12T07:12:00.000Z","is_complete":true},{"open":130.8,"high":130.8,"low":130.8,"close":130.8,"volume":5782,"time":"2022-05-12T07:13:00.000Z","is_complete":true},{"open":130.8,"high":131.02,"low":130.7,"close":131.02,"volume":4814,"time":"2022-05-12T07:14:00.000Z","is_complete":true},{"open":130.9,"high":131.12,"low":130.7,"close":130.98,"volume":2246,"time":"2022-05-12T07:15:00.000Z","is_complete":true},{"open":130.81,"high":130.97,"low":130.8,"close":130.94,"volume":1356,"time":"2022-05-12T07:16:00.000Z","is_complete":true},{"open":130.96,"high":131.01,"low":130.96,"close":131,"volume":1103,"time":"2022-05-12T07:17:00.000Z","is_complete":true},{"open":131,"high":131.32,"low":131,"close":131.32,"volume":3230,"time":"2022-05-12T07:18:00.000Z","is_complete":true},{"open":131.37,"high":131.4,"low":131.32,"close":131.37,"volume":4331,"time":"2022-05-12T07:19:00.000Z","is_complete":true},{"open":131.39,"high":131.39,"low":131.2,"close":131.34,"volume":1374,"time":"2022-05-12T07:20:00.000Z","is_complete":true},{"open":131.15,"high":131.15,"low":130.94,"close":131,"volume":4697,"time":"2022-05-12T07:21:00.000Z","is_complete":true},{"open":130.99,"high":131.06,"low":130.8,"close":130.8,"volume":2071,"time":"2022-05-12T07:22:00.000Z","is_complete":true},{"open":130.99,"high":130.99,"low":130.5,"close":130.5,"volume":5813,"time":"2022-05-12T07:23:00.000Z","is_complete":true},{"open":130.59,"high":130.78,"low":130.52,"close":130.55,"volume":444,"time":"2022-05-12T07:24:00.000Z","is_complete":true},{"open":130.7,"high":130.8,"low":130.52,"close":130.8,"volume":962,"time":"2022-05-12T07:25:00.000Z","is_complete":true},{"open":130.79,"high":130.97,"low":130.7,"close":130.95,"volume":1034,"time":"2022-05-12T07:26:00.000Z","is_complete":true},{"open":130.95,"high":130.99,"low":130.95,"close":130.95,"volume":1301,"time":"2022-05-12T07:27:00.000Z","is_complete":true},{"open":130.96,"high":130.96,"low":130.5,"close":130.69,"volume":22498,"time":"2022-05-12T07:28:00.000Z","is_complete":true},{"open":130.68,"high":130.68,"low":130.52,"close":130.52,"volume":78,"time":"2022-05-12T07:29:00.000Z","is_complete":true},{"open":130.66,"high":130.77,"low":130.56,"close":130.56,"volume":707,"time":"2022-05-12T07:30:00.000Z","is_complete":true},{"open":130.56,"high":130.85,"low":130.52,"close":130.85,"volume":2604,"time":"2022-05-12T07:31:00.000Z","is_complete":true},{"open":130.6,"high":131,"low":130.54,"close":130.9,"volume":1094,"time":"2022-05-12T07:32:00.000Z","is_complete":true},{"open":130.7,"high":130.91,"low":130.55,"close":130.84,"volume":147,"time":"2022-05-12T07:33:00.000Z","is_complete":true},{"open":130.86,"high":130.91,"low":130.61,"close":130.7,"volume":170,"time":"2022-05-12T07:34:00.000Z","is_complete":true},{"open":130.64,"high":130.83,"low":130.2,"close":130.23,"volume":6702,"time":"2022-05-12T07:35:00.000Z","is_complete":true},{"open":130.46,"high":130.48,"low":130.2,"close":130.45,"volume":1557,"time":"2022-05-12T07:36:00.000Z","is_complete":true},{"open":130.43,"high":130.44,"low":130.05,"close":130.05,"volume":4783,"time":"2022-05-12T07:37:00.000Z","is_complete":true},{"open":130.1,"high":130.31,"low":130.08,"close":130.31,"volume":343,"time":"2022-05-12T07:38:00.000Z","is_complete":true},{"open":130.32,"high":130.36,"low":130.05,"close":130.21,"volume":1727,"time":"2022-05-12T07:39:00.000Z","is_complete":true},{"open":130.22,"high":130.5,"low":130.21,"close":130.25,"volume":1678,"time":"2022-05-12T07:40:00.000Z","is_complete":true},{"open":130.43,"high":130.47,"low":130.02,"close":130.11,"volume":8542,"time":"2022-05-12T07:41:00.000Z","is_complete":true},{"open":130.11,"high":130.73,"low":130.11,"close":130.59,"volume":3329,"time":"2022-05-12T07:42:00.000Z","is_complete":true},{"open":130.59,"high":130.59,"low":130.35,"close":130.49,"volume":428,"time":"2022-05-12T07:43:00.000Z","is_complete":true},{"open":130.36,"high":130.47,"low":130.35,"close":130.44,"volume":827,"time":"2022-05-12T07:44:00.000Z","is_complete":true},{"open":130.44,"high":130.5,"low":130.36,"close":130.36,"volume":214,"time":"2022-05-12T07:45:00.000Z","is_complete":true},{"open":130.36,"high":130.49,"low":130.3,"close":130.32,"volume":616,"time":"2022-05-12T07:46:00.000Z","is_complete":true},{"open":130.46,"high":130.48,"low":130.27,"close":130.27,"volume":2037,"time":"2022-05-12T07:47:00.000Z","is_complete":true},{"open":130.28,"high":130.46,"low":130.28,"close":130.46,"volume":4262,"time":"2022-05-12T07:48:00.000Z","is_complete":true},{"open":130.4,"high":130.62,"low":130.32,"close":130.5,"volume":1851,"time":"2022-05-12T07:49:00.000Z","is_complete":true},{"open":130.55,"high":130.56,"low":130.33,"close":130.33,"volume":814,"time":"2022-05-12T07:50:00.000Z","is_complete":true},{"open":130.55,"high":130.55,"low":130.41,"close":130.41,"volume":1658,"time":"2022-05-12T07:51:00.000Z","is_complete":true},{"open":130.41,"high":130.54,"low":130.41,"close":130.5,"volume":868,"time":"2022-05-12T07:52:00.000Z","is_complete":true},{"open":130.42,"high":130.42,"low":130.4,"close":130.4,"volume":33,"time":"2022-05-12T07:53:00.000Z","is_complete":true},{"open":130.31,"high":130.35,"low":130.29,"close":130.29,"volume":523,"time":"2022-05-12T07:54:00.000Z","is_complete":true},{"open":130.3,"high":130.42,"low":130.3,"close":130.34,"volume":762,"time":"2022-05-12T07:55:00.000Z","is_complete":true},{"open":130.42,"high":130.42,"low":130.34,"close":130.34,"volume":216,"time":"2022-05-12T07:56:00.000Z","is_complete":true},{"open":130.42,"high":130.67,"low":130.33,"close":130.38,"volume":5171,"time":"2022-05-12T07:57:00.000Z","is_complete":true},{"open":130.4,"high":130.4,"low":130.4,"close":130.4,"volume":1,"time":"2022-05-12T07:58:00.000Z","is_complete":true},{"open":130.5,"high":130.65,"low":130.31,"close":130.45,"volume":10310,"time":"2022-05-12T07:59:00.000Z","is_complete":true},{"open":130.44,"high":130.45,"low":130.39,"close":130.45,"volume":80,"time":"2022-05-12T08:00:00.000Z","is_complete":true},{"open":130.42,"high":130.48,"low":130.39,"close":130.48,"volume":441,"time":"2022-05-12T08:01:00.000Z","is_complete":true},{"open":130.48,"high":130.6,"low":130.48,"close":130.6,"volume":225,"time":"2022-05-12T08:02:00.000Z","is_complete":true},{"open":130.5,"high":130.76,"low":130.5,"close":130.75,"volume":4609,"time":"2022-05-12T08:03:00.000Z","is_complete":true},{"open":130.7,"high":130.89,"low":130.7,"close":130.8,"volume":2702,"time":"2022-05-12T08:04:00.000Z","is_complete":true},{"open":130.8,"high":130.8,"low":130.71,"close":130.77,"volume":39,"time":"2022-05-12T08:05:00.000Z","is_complete":true},{"open":130.77,"high":130.81,"low":130.56,"close":130.8,"volume":2369,"time":"2022-05-12T08:06:00.000Z","is_complete":true},{"open":130.61,"high":131.11,"low":130.57,"close":130.9,"volume":10288,"time":"2022-05-12T08:07:00.000Z","is_complete":true},{"open":130.95,"high":131.02,"low":130.69,"close":130.69,"volume":1375,"time":"2022-05-12T08:08:00.000Z","is_complete":true},{"open":130.71,"high":131.01,"low":130.71,"close":130.92,"volume":542,"time":"2022-05-12T08:09:00.000Z","is_complete":true},{"open":130.98,"high":131.8,"low":130.98,"close":131.47,"volume":9583,"time":"2022-05-12T08:10:00.000Z","is_complete":true},{"open":131.46,"high":132,"low":131.28,"close":131.76,"volume":12050,"time":"2022-05-12T08:11:00.000Z","is_complete":true},{"open":131.8,"high":132,"low":131.47,"close":131.72,"volume":8500,"time":"2022-05-12T08:12:00.000Z","is_complete":true},{"open":131.7,"high":131.7,"low":131.65,"close":131.7,"volume":29,"time":"2022-05-12T08:13:00.000Z","is_complete":true},{"open":131.65,"high":131.87,"low":131.65,"close":131.82,"volume":2853,"time":"2022-05-12T08:14:00.000Z","is_complete":true},{"open":131.8,"high":132,"low":131.73,"close":131.9,"volume":12278,"time":"2022-05-12T08:15:00.000Z","is_complete":true},{"open":131.9,"high":131.9,"low":131.75,"close":131.77,"volume":1502,"time":"2022-05-12T08:16:00.000Z","is_complete":true},{"open":131.77,"high":132,"low":131.5,"close":131.63,"volume":6595,"time":"2022-05-12T08:17:00.000Z","is_complete":true},{"open":131.88,"high":132,"low":131.32,"close":131.46,"volume":4949,"time":"2022-05-12T08:18:00.000Z","is_complete":true},{"open":131.5,"high":131.78,"low":131.3,"close":131.78,"volume":333,"time":"2022-05-12T08:19:00.000Z","is_complete":true},{"open":132,"high":132,"low":131.77,"close":131.87,"volume":5102,"time":"2022-05-12T08:20:00.000Z","is_complete":true},{"open":131.85,"high":131.85,"low":131.58,"close":131.58,"volume":863,"time":"2022-05-12T08:21:00.000Z","is_complete":true},{"open":131.6,"high":131.73,"low":131.55,"close":131.73,"volume":286,"time":"2022-05-12T08:22:00.000Z","is_complete":true},{"open":131.55,"high":131.74,"low":131.4,"close":131.48,"volume":387,"time":"2022-05-12T08:23:00.000Z","is_complete":true},{"open":131.55,"high":131.69,"low":131.44,"close":131.46,"volume":1328,"time":"2022-05-12T08:24:00.000Z","is_complete":true},{"open":131.59,"high":132,"low":131.59,"close":131.61,"volume":11928,"time":"2022-05-12T08:25:00.000Z","is_complete":true},{"open":131.8,"high":132.27,"low":131.59,"close":132.27,"volume":15855,"time":"2022-05-12T08:26:00.000Z","is_complete":true},{"open":132.25,"high":132.31,"low":132.1,"close":132.3,"volume":2431,"time":"2022-05-12T08:27:00.000Z","is_complete":true},{"open":132.27,"high":132.31,"low":131.71,"close":131.99,"volume":14133,"time":"2022-05-12T08:28:00.000Z","is_complete":true},{"open":131.99,"high":132.1,"low":131.41,"close":131.72,"volume":5515,"time":"2022-05-12T08:29:00.000Z","is_complete":true},{"open":131.7,"high":131.7,"low":131.51,"close":131.6,"volume":526,"time":"2022-05-12T08:30:00.000Z","is_complete":true},{"open":131.6,"high":131.6,"low":131.52,"close":131.59,"volume":436,"time":"2022-05-12T08:31:00.000Z","is_complete":true},{"open":131.59,"high":132.25,"low":131.59,"close":131.8,"volume":7085,"time":"2022-05-12T08:32:00.000Z","is_complete":true},{"open":132.15,"high":132.18,"low":131.71,"close":132.13,"volume":343,"time":"2022-05-12T08:33:00.000Z","is_complete":true},{"open":132.11,"high":132.3,"low":131.97,"close":132.3,"volume":17446,"time":"2022-05-12T08:34:00.000Z","is_complete":true},{"open":132.2,"high":132.3,"low":132.04,"close":132.14,"volume":792,"time":"2022-05-12T08:35:00.000Z","is_complete":true},{"open":132.1,"high":132.4,"low":132.06,"close":132.39,"volume":10799,"time":"2022-05-12T08:36:00.000Z","is_complete":true},{"open":132.38,"high":132.72,"low":132.3,"close":132.42,"volume":13457,"time":"2022-05-12T08:37:00.000Z","is_complete":true},{"open":132.43,"high":132.59,"low":132.35,"close":132.56,"volume":1543,"time":"2022-05-12T08:38:00.000Z","is_complete":true},{"open":132.5,"high":132.73,"low":132.44,"close":132.69,"volume":4576,"time":"2022-05-12T08:39:00.000Z","is_complete":true},{"open":132.71,"high":133,"low":132.4,"close":132.72,"volume":18296,"time":"2022-05-12T08:40:00.000Z","is_complete":true},{"open":132.72,"high":132.79,"low":132.57,"close":132.73,"volume":1138,"time":"2022-05-12T08:41:00.000Z","is_complete":true},{"open":132.57,"high":132.65,"low":132.31,"close":132.31,"volume":2362,"time":"2022-05-12T08:42:00.000Z","is_complete":true},{"open":132.31,"high":132.5,"low":132.3,"close":132.49,"volume":2408,"time":"2022-05-12T08:43:00.000Z","is_complete":true},{"open":132.47,"high":132.8,"low":132.33,"close":132.45,"volume":6544,"time":"2022-05-12T08:44:00.000Z","is_complete":true},{"open":132.45,"high":132.49,"low":132.3,"close":132.3,"volume":3417,"time":"2022-05-12T08:45:00.000Z","is_complete":true},{"open":132.38,"high":132.49,"low":132.3,"close":132.3,"volume":853,"time":"2022-05-12T08:46:00.000Z","is_complete":true},{"open":132.47,"high":132.47,"low":132.11,"close":132.12,"volume":1870,"time":"2022-05-12T08:47:00.000Z","is_complete":true},{"open":132.12,"high":132.28,"low":132.11,"close":132.26,"volume":4823,"time":"2022-05-12T08:48:00.000Z","is_complete":true},{"open":132.28,"high":132.29,"low":132.2,"close":132.2,"volume":404,"time":"2022-05-12T08:49:00.000Z","is_complete":true},{"open":132.29,"high":132.47,"low":132.15,"close":132.2,"volume":1957,"time":"2022-05-12T08:50:00.000Z","is_complete":true},{"open":132.2,"high":132.2,"low":132.04,"close":132.04,"volume":1625,"time":"2022-05-12T08:51:00.000Z","is_complete":true},{"open":132.04,"high":132.15,"low":131.78,"close":131.78,"volume":2270,"time":"2022-05-12T08:52:00.000Z","is_complete":true},{"open":131.99,"high":131.99,"low":131.63,"close":131.84,"volume":1404,"time":"2022-05-12T08:53:00.000Z","is_complete":true},{"open":131.8,"high":131.82,"low":131.61,"close":131.61,"volume":1033,"time":"2022-05-12T08:54:00.000Z","is_complete":true},{"open":131.67,"high":131.8,"low":131.67,"close":131.8,"volume":739,"time":"2022-05-12T08:55:00.000Z","is_complete":true},{"open":131.8,"high":131.8,"low":131.71,"close":131.71,"volume":322,"time":"2022-05-12T08:56:00.000Z","is_complete":true},{"open":131.79,"high":132.1,"low":131.79,"close":132.1,"volume":3830,"time":"2022-05-12T08:57:00.000Z","is_complete":true},{"open":132.1,"high":132.39,"low":132.09,"close":132.27,"volume":1154,"time":"2022-05-12T08:58:00.000Z","is_complete":true},{"open":132.26,"high":132.26,"low":131.93,"close":131.93,"volume":1316,"time":"2022-05-12T08:59:00.000Z","is_complete":true},{"open":131.95,"high":132,"low":131.8,"close":131.8,"volume":2921,"time":"2022-05-12T09:00:00.000Z","is_complete":true},{"open":131.88,"high":131.9,"low":131.81,"close":131.84,"volume":719,"time":"2022-05-12T09:01:00.000Z","is_complete":true},{"open":131.8,"high":131.87,"low":131.77,"close":131.77,"volume":1366,"time":"2022-05-12T09:02:00.000Z","is_complete":true},{"open":131.77,"high":132.01,"low":131.77,"close":132,"volume":6724,"time":"2022-05-12T09:03:00.000Z","is_complete":true},{"open":132.04,"high":132.15,"low":132,"close":132.15,"volume":9185,"time":"2022-05-12T09:04:00.000Z","is_complete":true},{"open":132.04,"high":132.16,"low":132.04,"close":132.15,"volume":96,"time":"2022-05-12T09:05:00.000Z","is_complete":true},{"open":132.14,"high":132.25,"low":132.01,"close":132.25,"volume":2189,"time":"2022-05-12T09:06:00.000Z","is_complete":true},{"open":132.27,"high":132.36,"low":132.12,"close":132.3,"volume":3929,"time":"2022-05-12T09:07:00.000Z","is_complete":true},{"open":132.31,"high":132.36,"low":132.2,"close":132.36,"volume":119,"time":"2022-05-12T09:08:00.000Z","is_complete":true},{"open":132.31,"high":132.31,"low":132,"close":132.2,"volume":1453,"time":"2022-05-12T09:09:00.000Z","is_complete":true},{"open":132.2,"high":132.2,"low":132,"close":132,"volume":917,"time":"2022-05-12T09:10:00.000Z","is_complete":true},{"open":132.11,"high":132.35,"low":131.71,"close":132,"volume":11390,"time":"2022-05-12T09:11:00.000Z","is_complete":true},{"open":131.97,"high":132.08,"low":131.97,"close":132.08,"volume":1360,"time":"2022-05-12T09:12:00.000Z","is_complete":true},{"open":132,"high":132,"low":131.74,"close":131.76,"volume":1189,"time":"2022-05-12T09:13:00.000Z","is_complete":true},{"open":131.78,"high":132.08,"low":131.74,"close":131.98,"volume":3070,"time":"2022-05-12T09:14:00.000Z","is_complete":true},{"open":131.99,"high":132,"low":131.57,"close":131.77,"volume":7053,"time":"2022-05-12T09:15:00.000Z","is_complete":true},{"open":131.62,"high":131.74,"low":131.39,"close":131.39,"volume":5348,"time":"2022-05-12T09:16:00.000Z","is_complete":true},{"open":131.5,"high":131.69,"low":131.5,"close":131.6,"volume":685,"time":"2022-05-12T09:17:00.000Z","is_complete":true},{"open":131.52,"high":131.68,"low":131.52,"close":131.68,"volume":246,"time":"2022-05-12T09:18:00.000Z","is_complete":true},{"open":131.54,"high":131.68,"low":131.52,"close":131.67,"volume":53,"time":"2022-05-12T09:19:00.000Z","is_complete":true},{"open":131.69,"high":131.7,"low":131.1,"close":131.5,"volume":4182,"time":"2022-05-12T09:20:00.000Z","is_complete":true},{"open":131.3,"high":131.44,"low":131.1,"close":131.44,"volume":2305,"time":"2022-05-12T09:21:00.000Z","is_complete":true},{"open":131.4,"high":131.43,"low":131.4,"close":131.43,"volume":25,"time":"2022-05-12T09:22:00.000Z","is_complete":true},{"open":131.43,"high":131.43,"low":131.21,"close":131.31,"volume":99,"time":"2022-05-12T09:23:00.000Z","is_complete":true},{"open":131.31,"high":131.31,"low":131.11,"close":131.13,"volume":288,"time":"2022-05-12T09:24:00.000Z","is_complete":true},{"open":131.1,"high":131.13,"low":130.72,"close":130.72,"volume":24229,"time":"2022-05-12T09:25:00.000Z","is_complete":true},{"open":130.91,"high":131.04,"low":130.72,"close":130.92,"volume":2435,"time":"2022-05-12T09:26:00.000Z","is_complete":true},{"open":130.91,"high":131.21,"low":130.91,"close":130.91,"volume":2068,"time":"2022-05-12T09:27:00.000Z","is_complete":true},{"open":130.99,"high":131.18,"low":130.82,"close":131.18,"volume":287,"time":"2022-05-12T09:28:00.000Z","is_complete":true},{"open":131.13,"high":131.44,"low":131.13,"close":131.44,"volume":3735,"time":"2022-05-12T09:29:00.000Z","is_complete":true},{"open":131.4,"high":131.55,"low":131.22,"close":131.55,"volume":2198,"time":"2022-05-12T09:30:00.000Z","is_complete":true},{"open":131.55,"high":131.55,"low":131.53,"close":131.55,"volume":419,"time":"2022-05-12T09:31:00.000Z","is_complete":true},{"open":131.55,"high":131.57,"low":131.23,"close":131.5,"volume":4429,"time":"2022-05-12T09:32:00.000Z","is_complete":true},{"open":131.5,"high":131.56,"low":131.4,"close":131.4,"volume":1061,"time":"2022-05-12T09:33:00.000Z","is_complete":true},{"open":131.33,"high":131.33,"low":131.33,"close":131.33,"volume":1,"time":"2022-05-12T09:34:00.000Z","is_complete":true},{"open":131.5,"high":131.5,"low":131.35,"close":131.49,"volume":644,"time":"2022-05-12T09:35:00.000Z","is_complete":true},{"open":131.4,"high":131.5,"low":131.4,"close":131.5,"volume":451,"time":"2022-05-12T09:36:00.000Z","is_complete":true},{"open":131.4,"high":131.5,"low":131.4,"close":131.43,"volume":153,"time":"2022-05-12T09:37:00.000Z","is_complete":true},{"open":131.4,"high":131.43,"low":131.4,"close":131.43,"volume":219,"time":"2022-05-12T09:38:00.000Z","is_complete":true},{"open":131.5,"high":131.5,"low":131.41,"close":131.41,"volume":917,"time":"2022-05-12T09:39:00.000Z","is_complete":true},{"open":131.5,"high":131.5,"low":131.4,"close":131.5,"volume":1092,"time":"2022-05-12T09:40:00.000Z","is_complete":true},{"open":131.5,"high":131.5,"low":131.49,"close":131.49,"volume":28,"time":"2022-05-12T09:41:00.000Z","is_complete":true},{"open":131.49,"high":131.49,"low":131.35,"close":131.46,"volume":103,"time":"2022-05-12T09:42:00.000Z","is_complete":true},{"open":131.39,"high":131.39,"low":131.39,"close":131.39,"volume":764,"time":"2022-05-12T09:43:00.000Z","is_complete":true},{"open":131.4,"high":131.4,"low":131.22,"close":131.22,"volume":710,"time":"2022-05-12T09:44:00.000Z","is_complete":true},{"open":131.36,"high":131.5,"low":131.36,"close":131.5,"volume":575,"time":"2022-05-12T09:45:00.000Z","is_complete":true},{"open":131.5,"high":131.56,"low":131.5,"close":131.56,"volume":89,"time":"2022-05-12T09:46:00.000Z","is_complete":true},{"open":131.54,"high":131.77,"low":131.36,"close":131.41,"volume":2005,"time":"2022-05-12T09:47:00.000Z","is_complete":true},{"open":131.56,"high":131.58,"low":131.32,"close":131.58,"volume":70,"time":"2022-05-12T09:48:00.000Z","is_complete":true},{"open":131.58,"high":131.74,"low":131.31,"close":131.55,"volume":190,"time":"2022-05-12T09:49:00.000Z","is_complete":true},{"open":131.55,"high":131.72,"low":131.55,"close":131.56,"volume":589,"time":"2022-05-12T09:50:00.000Z","is_complete":true},{"open":131.55,"high":131.68,"low":131.55,"close":131.68,"volume":21,"time":"2022-05-12T09:51:00.000Z","is_complete":true},{"open":131.69,"high":131.69,"low":131.55,"close":131.55,"volume":34,"time":"2022-05-12T09:52:00.000Z","is_complete":true},{"open":131.68,"high":131.68,"low":131.68,"close":131.68,"volume":65,"time":"2022-05-12T09:53:00.000Z","is_complete":true},{"open":131.68,"high":131.74,"low":131.68,"close":131.73,"volume":234,"time":"2022-05-12T09:54:00.000Z","is_complete":true},{"open":131.68,"high":131.73,"low":131.55,"close":131.72,"volume":53,"time":"2022-05-12T09:55:00.000Z","is_complete":true},{"open":131.72,"high":131.72,"low":131.6,"close":131.72,"volume":34,"time":"2022-05-12T09:56:00.000Z","is_complete":true},{"open":131.72,"high":131.72,"low":131.7,"close":131.7,"volume":101,"time":"2022-05-12T09:57:00.000Z","is_complete":true},{"open":131.7,"high":131.71,"low":131.6,"close":131.71,"volume":136,"time":"2022-05-12T09:58:00.000Z","is_complete":true},{"open":131.71,"high":131.8,"low":131.71,"close":131.73,"volume":888,"time":"2022-05-12T09:59:00.000Z","is_complete":true},{"open":131.8,"high":131.8,"low":131.55,"close":131.71,"volume":434,"time":"2022-05-12T10:00:00.000Z","is_complete":true},{"open":131.71,"high":131.71,"low":131.6,"close":131.68,"volume":61,"time":"2022-05-12T10:01:00.000Z","is_complete":true},{"open":131.7,"high":131.8,"low":131.7,"close":131.7,"volume":6100,"time":"2022-05-12T10:02:00.000Z","is_complete":true},{"open":131.75,"high":131.85,"low":131.75,"close":131.81,"volume":1003,"time":"2022-05-12T10:03:00.000Z","is_complete":true},{"open":131.87,"high":131.88,"low":131.56,"close":131.56,"volume":468,"time":"2022-05-12T10:04:00.000Z","is_complete":true},{"open":131.75,"high":131.75,"low":131.6,"close":131.6,"volume":859,"time":"2022-05-12T10:05:00.000Z","is_complete":true},{"open":131.61,"high":131.61,"low":131.61,"close":131.61,"volume":51,"time":"2022-05-12T10:06:00.000Z","is_complete":true},{"open":131.63,"high":131.67,"low":131.6,"close":131.6,"volume":53,"time":"2022-05-12T10:07:00.000Z","is_complete":true},{"open":131.68,"high":131.69,"low":131.67,"close":131.67,"volume":278,"time":"2022-05-12T10:08:00.000Z","is_complete":true},{"open":131.67,"high":131.69,"low":131.67,"close":131.69,"volume":114,"time":"2022-05-12T10:09:00.000Z","is_complete":true},{"open":131.56,"high":131.56,"low":131.56,"close":131.56,"volume":81,"time":"2022-05-12T10:10:00.000Z","is_complete":true},{"open":131.56,"high":131.56,"low":131.31,"close":131.49,"volume":842,"time":"2022-05-12T10:11:00.000Z","is_complete":true},{"open":131.48,"high":131.48,"low":131.4,"close":131.4,"volume":69,"time":"2022-05-12T10:12:00.000Z","is_complete":true},{"open":131.4,"high":131.53,"low":131.4,"close":131.53,"volume":24,"time":"2022-05-12T10:13:00.000Z","is_complete":true},{"open":131.51,"high":131.51,"low":131.32,"close":131.32,"volume":145,"time":"2022-05-12T10:14:00.000Z","is_complete":true},{"open":131.4,"high":131.5,"low":131.4,"close":131.4,"volume":79,"time":"2022-05-12T10:15:00.000Z","is_complete":true},{"open":131.4,"high":131.51,"low":131.31,"close":131.4,"volume":342,"time":"2022-05-12T10:16:00.000Z","is_complete":true},{"open":131.4,"high":131.67,"low":131.35,"close":131.35,"volume":3074,"time":"2022-05-12T10:17:00.000Z","is_complete":true},{"open":131.4,"high":131.53,"low":131.38,"close":131.53,"volume":32,"time":"2022-05-12T10:18:00.000Z","is_complete":true},{"open":131.53,"high":131.67,"low":131.53,"close":131.67,"volume":99,"time":"2022-05-12T10:19:00.000Z","is_complete":true},{"open":131.48,"high":131.63,"low":131.31,"close":131.6,"volume":327,"time":"2022-05-12T10:20:00.000Z","is_complete":true},{"open":131.41,"high":131.47,"low":131.3,"close":131.47,"volume":320,"time":"2022-05-12T10:21:00.000Z","is_complete":true},{"open":131.35,"high":131.35,"low":131.35,"close":131.35,"volume":1,"time":"2022-05-12T10:22:00.000Z","is_complete":true},{"open":131.42,"high":131.57,"low":131.27,"close":131.27,"volume":275,"time":"2022-05-12T10:23:00.000Z","is_complete":true},{"open":131.27,"high":131.47,"low":131.26,"close":131.47,"volume":208,"time":"2022-05-12T10:24:00.000Z","is_complete":true},{"open":131.36,"high":131.36,"low":131.36,"close":131.36,"volume":20,"time":"2022-05-12T10:25:00.000Z","is_complete":true},{"open":131.36,"high":131.36,"low":131.13,"close":131.13,"volume":977,"time":"2022-05-12T10:26:00.000Z","is_complete":true},{"open":131.15,"high":131.28,"low":131.1,"close":131.28,"volume":1272,"time":"2022-05-12T10:27:00.000Z","is_complete":true},{"open":131.24,"high":131.58,"low":131.24,"close":131.58,"volume":2500,"time":"2022-05-12T10:28:00.000Z","is_complete":true},{"open":131.3,"high":131.39,"low":131.16,"close":131.34,"volume":379,"time":"2022-05-12T10:29:00.000Z","is_complete":true},{"open":131.26,"high":131.33,"low":131.17,"close":131.3,"volume":75,"time":"2022-05-12T10:31:00.000Z","is_complete":true},{"open":131.22,"high":131.3,"low":131.22,"close":131.23,"volume":15,"time":"2022-05-12T10:32:00.000Z","is_complete":true},{"open":131.22,"high":131.23,"low":131.22,"close":131.22,"volume":9,"time":"2022-05-12T10:33:00.000Z","is_complete":true},{"open":131.39,"high":131.57,"low":131.39,"close":131.53,"volume":842,"time":"2022-05-12T10:34:00.000Z","is_complete":true},{"open":131.52,"high":131.53,"low":131.52,"close":131.53,"volume":7,"time":"2022-05-12T10:35:00.000Z","is_complete":true},{"open":131.5,"high":131.5,"low":131.5,"close":131.5,"volume":104,"time":"2022-05-12T10:36:00.000Z","is_complete":true},{"open":131.41,"high":131.52,"low":131.4,"close":131.52,"volume":271,"time":"2022-05-12T10:37:00.000Z","is_complete":true},{"open":131.52,"high":131.52,"low":131.51,"close":131.52,"volume":251,"time":"2022-05-12T10:38:00.000Z","is_complete":true},{"open":131.4,"high":131.62,"low":131.39,"close":131.4,"volume":2334,"time":"2022-05-12T10:39:00.000Z","is_complete":true},{"open":131.59,"high":131.59,"low":131.59,"close":131.59,"volume":12,"time":"2022-05-12T10:40:00.000Z","is_complete":true},{"open":131.51,"high":131.51,"low":131.51,"close":131.51,"volume":1,"time":"2022-05-12T10:41:00.000Z","is_complete":true},{"open":131.51,"high":131.56,"low":131.51,"close":131.56,"volume":26,"time":"2022-05-12T10:42:00.000Z","is_complete":true},{"open":131.55,"high":131.55,"low":131.54,"close":131.54,"volume":6,"time":"2022-05-12T10:43:00.000Z","is_complete":true},{"open":131.52,"high":131.52,"low":131.4,"close":131.4,"volume":57,"time":"2022-05-12T10:44:00.000Z","is_complete":true},{"open":131.54,"high":131.6,"low":131.27,"close":131.28,"volume":2431,"time":"2022-05-12T10:45:00.000Z","is_complete":true},{"open":131.27,"high":131.46,"low":131.27,"close":131.46,"volume":87,"time":"2022-05-12T10:46:00.000Z","is_complete":true},{"open":131.48,"high":131.53,"low":131.27,"close":131.53,"volume":459,"time":"2022-05-12T10:47:00.000Z","is_complete":true},{"open":131.49,"high":131.5,"low":131.32,"close":131.32,"volume":70,"time":"2022-05-12T10:48:00.000Z","is_complete":true},{"open":131.32,"high":131.54,"low":131.25,"close":131.36,"volume":236,"time":"2022-05-12T10:49:00.000Z","is_complete":true},{"open":131.49,"high":131.49,"low":131.28,"close":131.47,"volume":66,"time":"2022-05-12T10:50:00.000Z","is_complete":true},{"open":131.48,"high":131.5,"low":131.3,"close":131.49,"volume":353,"time":"2022-05-12T10:51:00.000Z","is_complete":true},{"open":131.34,"high":131.5,"low":131.32,"close":131.32,"volume":48,"time":"2022-05-12T10:52:00.000Z","is_complete":true},{"open":131.5,"high":131.5,"low":131.5,"close":131.5,"volume":18,"time":"2022-05-12T10:53:00.000Z","is_complete":true},{"open":131.49,"high":131.49,"low":131.4,"close":131.4,"volume":17,"time":"2022-05-12T10:54:00.000Z","is_complete":true},{"open":131.36,"high":131.4,"low":131.35,"close":131.4,"volume":299,"time":"2022-05-12T10:55:00.000Z","is_complete":true},{"open":131.34,"high":131.46,"low":131.25,"close":131.46,"volume":167,"time":"2022-05-12T10:56:00.000Z","is_complete":true},{"open":131.46,"high":131.48,"low":131.46,"close":131.48,"volume":82,"time":"2022-05-12T10:57:00.000Z","is_complete":true},{"open":131.5,"high":131.5,"low":131.32,"close":131.5,"volume":106,"time":"2022-05-12T10:58:00.000Z","is_complete":true},{"open":131.5,"high":131.54,"low":131.5,"close":131.54,"volume":1003,"time":"2022-05-12T10:59:00.000Z","is_complete":true},{"open":131.54,"high":131.54,"low":131.52,"close":131.52,"volume":21,"time":"2022-05-12T11:00:00.000Z","is_complete":true},{"open":131.36,"high":131.38,"low":131.27,"close":131.3,"volume":1619,"time":"2022-05-12T11:01:00.000Z","is_complete":true},{"open":131.3,"high":131.3,"low":131.3,"close":131.3,"volume":295,"time":"2022-05-12T11:02:00.000Z","is_complete":true},{"open":131.3,"high":131.3,"low":131.29,"close":131.29,"volume":160,"time":"2022-05-12T11:03:00.000Z","is_complete":true},{"open":131.28,"high":131.3,"low":131.26,"close":131.3,"volume":659,"time":"2022-05-12T11:04:00.000Z","is_complete":true},{"open":131.29,"high":131.29,"low":131.29,"close":131.29,"volume":1,"time":"2022-05-12T11:05:00.000Z","is_complete":true},{"open":131.27,"high":131.27,"low":131.27,"close":131.27,"volume":50,"time":"2022-05-12T11:06:00.000Z","is_complete":true},{"open":131.29,"high":131.42,"low":131.29,"close":131.42,"volume":887,"time":"2022-05-12T11:07:00.000Z","is_complete":true},{"open":131.41,"high":131.41,"low":131.41,"close":131.41,"volume":2,"time":"2022-05-12T11:08:00.000Z","is_complete":true},{"open":131.42,"high":131.42,"low":131.33,"close":131.41,"volume":239,"time":"2022-05-12T11:09:00.000Z","is_complete":true},{"open":131.33,"high":131.41,"low":131.33,"close":131.41,"volume":11,"time":"2022-05-12T11:10:00.000Z","is_complete":true},{"open":131.33,"high":131.33,"low":131.33,"close":131.33,"volume":22,"time":"2022-05-12T11:11:00.000Z","is_complete":true},{"open":131.36,"high":131.44,"low":131.36,"close":131.44,"volume":120,"time":"2022-05-12T11:12:00.000Z","is_complete":true},{"open":131.44,"high":131.44,"low":131.3,"close":131.3,"volume":4001,"time":"2022-05-12T11:13:00.000Z","is_complete":true},{"open":131.32,"high":131.37,"low":131.3,"close":131.37,"volume":13,"time":"2022-05-12T11:14:00.000Z","is_complete":true},{"open":131.35,"high":131.35,"low":131.27,"close":131.27,"volume":3491,"time":"2022-05-12T11:15:00.000Z","is_complete":true},{"open":131.27,"high":131.27,"low":131.14,"close":131.14,"volume":1117,"time":"2022-05-12T11:16:00.000Z","is_complete":true},{"open":131.15,"high":131.2,"low":131.15,"close":131.2,"volume":3,"time":"2022-05-12T11:17:00.000Z","is_complete":true},{"open":131.16,"high":131.16,"low":131.14,"close":131.15,"volume":957,"time":"2022-05-12T11:18:00.000Z","is_complete":true},{"open":131.16,"high":131.16,"low":131.16,"close":131.16,"volume":6,"time":"2022-05-12T11:19:00.000Z","is_complete":true},{"open":131.14,"high":131.16,"low":131.14,"close":131.14,"volume":101,"time":"2022-05-12T11:20:00.000Z","is_complete":true},{"open":131.14,"high":131.14,"low":131.1,"close":131.1,"volume":536,"time":"2022-05-12T11:21:00.000Z","is_complete":true},{"open":131.14,"high":131.3,"low":131.14,"close":131.29,"volume":15093,"time":"2022-05-12T11:22:00.000Z","is_complete":true},{"open":131.29,"high":131.29,"low":131.08,"close":131.08,"volume":606,"time":"2022-05-12T11:23:00.000Z","is_complete":true},{"open":131.23,"high":131.24,"low":131.09,"close":131.24,"volume":73,"time":"2022-05-12T11:24:00.000Z","is_complete":true},{"open":131.24,"high":131.27,"low":131.24,"close":131.27,"volume":112,"time":"2022-05-12T11:25:00.000Z","is_complete":true},{"open":131.24,"high":131.24,"low":131.1,"close":131.1,"volume":201,"time":"2022-05-12T11:26:00.000Z","is_complete":true},{"open":131.24,"high":131.28,"low":131.12,"close":131.28,"volume":400,"time":"2022-05-12T11:27:00.000Z","is_complete":true},{"open":131.27,"high":131.28,"low":131.27,"close":131.27,"volume":2012,"time":"2022-05-12T11:28:00.000Z","is_complete":true},{"open":131.28,"high":131.28,"low":131.1,"close":131.1,"volume":765,"time":"2022-05-12T11:29:00.000Z","is_complete":true},{"open":131.25,"high":131.25,"low":131.24,"close":131.25,"volume":44,"time":"2022-05-12T11:30:00.000Z","is_complete":true},{"open":131.28,"high":131.28,"low":131.28,"close":131.28,"volume":209,"time":"2022-05-12T11:31:00.000Z","is_complete":true},{"open":131.28,"high":131.28,"low":131.1,"close":131.1,"volume":359,"time":"2022-05-12T11:32:00.000Z","is_complete":true},{"open":131.11,"high":131.11,"low":131.11,"close":131.11,"volume":1,"time":"2022-05-12T11:33:00.000Z","is_complete":true},{"open":131.25,"high":131.26,"low":131.25,"close":131.26,"volume":146,"time":"2022-05-12T11:34:00.000Z","is_complete":true},{"open":131.26,"high":131.26,"low":131.26,"close":131.26,"volume":265,"time":"2022-05-12T11:35:00.000Z","is_complete":true},{"open":131.26,"high":131.26,"low":131.26,"close":131.26,"volume":58,"time":"2022-05-12T11:36:00.000Z","is_complete":true},{"open":131.26,"high":131.26,"low":131.26,"close":131.26,"volume":3,"time":"2022-05-12T11:37:00.000Z","is_complete":true},{"open":131.26,"high":131.26,"low":131.26,"close":131.26,"volume":22,"time":"2022-05-12T11:38:00.000Z","is_complete":true},{"open":131.25,"high":131.26,"low":131.2,"close":131.26,"volume":71,"time":"2022-05-12T11:39:00.000Z","is_complete":true},{"open":131.25,"high":131.25,"low":131.25,"close":131.25,"volume":14,"time":"2022-05-12T11:40:00.000Z","is_complete":true},{"open":131.26,"high":131.28,"low":131.26,"close":131.27,"volume":183,"time":"2022-05-12T11:41:00.000Z","is_complete":true},{"open":131.28,"high":131.28,"low":131.25,"close":131.25,"volume":455,"time":"2022-05-12T11:42:00.000Z","is_complete":true},{"open":131.2,"high":131.2,"low":131.15,"close":131.15,"volume":51,"time":"2022-05-12T11:43:00.000Z","is_complete":true},{"open":131.15,"high":131.23,"low":131.14,"close":131.23,"volume":369,"time":"2022-05-12T11:44:00.000Z","is_complete":true},{"open":131.23,"high":131.23,"low":130.73,"close":131.14,"volume":10480,"time":"2022-05-12T11:45:00.000Z","is_complete":true},{"open":131.12,"high":131.12,"low":131.1,"close":131.1,"volume":2,"time":"2022-05-12T11:46:00.000Z","is_complete":true},{"open":131.09,"high":131.09,"low":131.01,"close":131.09,"volume":13,"time":"2022-05-12T11:47:00.000Z","is_complete":true},{"open":131.08,"high":131.08,"low":131.07,"close":131.08,"volume":298,"time":"2022-05-12T11:48:00.000Z","is_complete":true},{"open":131.02,"high":131.08,"low":131.02,"close":131.08,"volume":302,"time":"2022-05-12T11:49:00.000Z","is_complete":true},{"open":131.02,"high":131.08,"low":131.01,"close":131.08,"volume":491,"time":"2022-05-12T11:50:00.000Z","is_complete":true},{"open":131.08,"high":131.24,"low":131.08,"close":131.24,"volume":2526,"time":"2022-05-12T11:51:00.000Z","is_complete":true},{"open":131.09,"high":131.24,"low":131.09,"close":131.24,"volume":184,"time":"2022-05-12T11:52:00.000Z","is_complete":true},{"open":131.24,"high":131.24,"low":131.02,"close":131.23,"volume":508,"time":"2022-05-12T11:53:00.000Z","is_complete":true},{"open":131.23,"high":131.23,"low":131.03,"close":131.03,"volume":11,"time":"2022-05-12T11:54:00.000Z","is_complete":true},{"open":131.22,"high":131.23,"low":131.05,"close":131.05,"volume":8,"time":"2022-05-12T11:55:00.000Z","is_complete":true},{"open":131.05,"high":131.05,"low":131.05,"close":131.05,"volume":1,"time":"2022-05-12T11:56:00.000Z","is_complete":true},{"open":131.23,"high":131.23,"low":131.05,"close":131.05,"volume":27,"time":"2022-05-12T11:57:00.000Z","is_complete":true},{"open":131.2,"high":131.23,"low":131.2,"close":131.21,"volume":45,"time":"2022-05-12T11:58:00.000Z","is_complete":true},{"open":131.23,"high":131.24,"low":131.23,"close":131.24,"volume":40,"time":"2022-05-12T11:59:00.000Z","is_complete":true},{"open":131.06,"high":131.06,"low":131.06,"close":131.06,"volume":4,"time":"2022-05-12T12:00:00.000Z","is_complete":true},{"open":131.24,"high":131.24,"low":131.07,"close":131.17,"volume":175,"time":"2022-05-12T12:01:00.000Z","is_complete":true},{"open":131.17,"high":131.17,"low":131.06,"close":131.06,"volume":93,"time":"2022-05-12T12:02:00.000Z","is_complete":true},{"open":131.07,"high":131.22,"low":131.05,"close":131.05,"volume":160,"time":"2022-05-12T12:03:00.000Z","is_complete":true},{"open":131.19,"high":131.19,"low":131.19,"close":131.19,"volume":1,"time":"2022-05-12T12:04:00.000Z","is_complete":true},{"open":131.1,"high":131.1,"low":131.1,"close":131.1,"volume":151,"time":"2022-05-12T12:06:00.000Z","is_complete":true},{"open":131.09,"high":131.1,"low":131.06,"close":131.06,"volume":299,"time":"2022-05-12T12:07:00.000Z","is_complete":true},{"open":131.09,"high":131.09,"low":131.05,"close":131.05,"volume":895,"time":"2022-05-12T12:08:00.000Z","is_complete":true},{"open":131.05,"high":131.05,"low":131.05,"close":131.05,"volume":2110,"time":"2022-05-12T12:09:00.000Z","is_complete":true},{"open":131.05,"high":131.05,"low":130.82,"close":131,"volume":5028,"time":"2022-05-12T12:10:00.000Z","is_complete":true},{"open":130.91,"high":130.91,"low":130.9,"close":130.91,"volume":63,"time":"2022-05-12T12:11:00.000Z","is_complete":true},{"open":130.86,"high":130.86,"low":130.82,"close":130.82,"volume":2,"time":"2022-05-12T12:12:00.000Z","is_complete":true},{"open":130.86,"high":131.01,"low":130.8,"close":130.84,"volume":3228,"time":"2022-05-12T12:13:00.000Z","is_complete":true},{"open":130.84,"high":130.84,"low":130.75,"close":130.8,"volume":3057,"time":"2022-05-12T12:14:00.000Z","is_complete":true},{"open":130.95,"high":130.95,"low":130.8,"close":130.8,"volume":589,"time":"2022-05-12T12:15:00.000Z","is_complete":true},{"open":130.8,"high":130.94,"low":130.78,"close":130.81,"volume":76,"time":"2022-05-12T12:17:00.000Z","is_complete":true},{"open":130.93,"high":130.95,"low":130.82,"close":130.82,"volume":81,"time":"2022-05-12T12:18:00.000Z","is_complete":true},{"open":130.9,"high":130.9,"low":130.89,"close":130.89,"volume":2,"time":"2022-05-12T12:19:00.000Z","is_complete":true},{"open":130.89,"high":130.99,"low":130.89,"close":130.9,"volume":316,"time":"2022-05-12T12:20:00.000Z","is_complete":true},{"open":130.98,"high":131.03,"low":130.9,"close":131.02,"volume":115,"time":"2022-05-12T12:21:00.000Z","is_complete":true},{"open":131.02,"high":131.02,"low":130.76,"close":131.02,"volume":880,"time":"2022-05-12T12:22:00.000Z","is_complete":true},{"open":131,"high":131,"low":131,"close":131,"volume":9,"time":"2022-05-12T12:23:00.000Z","is_complete":true},{"open":130.98,"high":130.98,"low":130.98,"close":130.98,"volume":5,"time":"2022-05-12T12:24:00.000Z","is_complete":true},{"open":130.9,"high":130.97,"low":130.8,"close":130.8,"volume":281,"time":"2022-05-12T12:25:00.000Z","is_complete":true},{"open":130.79,"high":131,"low":130.76,"close":131,"volume":2215,"time":"2022-05-12T12:26:00.000Z","is_complete":true},{"open":130.87,"high":130.98,"low":130.8,"close":130.8,"volume":203,"time":"2022-05-12T12:27:00.000Z","is_complete":true},{"open":130.8,"high":130.94,"low":130.8,"close":130.81,"volume":47,"time":"2022-05-12T12:28:00.000Z","is_complete":true},{"open":130.8,"high":130.8,"low":130.75,"close":130.78,"volume":3430,"time":"2022-05-12T12:29:00.000Z","is_complete":true},{"open":130.88,"high":130.91,"low":130.74,"close":130.74,"volume":724,"time":"2022-05-12T12:30:00.000Z","is_complete":true},{"open":130.88,"high":130.9,"low":130.77,"close":130.77,"volume":102,"time":"2022-05-12T12:31:00.000Z","is_complete":true},{"open":130.88,"high":130.88,"low":130.74,"close":130.74,"volume":534,"time":"2022-05-12T12:32:00.000Z","is_complete":true},{"open":130.85,"high":130.85,"low":130.72,"close":130.75,"volume":3078,"time":"2022-05-12T12:33:00.000Z","is_complete":true},{"open":130.79,"high":130.79,"low":130.77,"close":130.77,"volume":172,"time":"2022-05-12T12:34:00.000Z","is_complete":true},{"open":130.78,"high":130.8,"low":130.75,"close":130.8,"volume":3706,"time":"2022-05-12T12:35:00.000Z","is_complete":true},{"open":130.79,"high":130.96,"low":130.78,"close":130.96,"volume":1175,"time":"2022-05-12T12:36:00.000Z","is_complete":true},{"open":130.8,"high":130.97,"low":130.79,"close":130.97,"volume":153,"time":"2022-05-12T12:37:00.000Z","is_complete":true},{"open":130.96,"high":131.02,"low":130.81,"close":130.81,"volume":208,"time":"2022-05-12T12:38:00.000Z","is_complete":true},{"open":130.83,"high":130.9,"low":130.72,"close":130.89,"volume":5509,"time":"2022-05-12T12:39:00.000Z","is_complete":true},{"open":130.89,"high":131.5,"low":130.89,"close":131.3,"volume":18465,"time":"2022-05-12T12:40:00.000Z","is_complete":true},{"open":131.2,"high":131.24,"low":131.11,"close":131.24,"volume":624,"time":"2022-05-12T12:41:00.000Z","is_complete":true},{"open":131.12,"high":131.38,"low":130.92,"close":131.22,"volume":1131,"time":"2022-05-12T12:42:00.000Z","is_complete":true},{"open":131.25,"high":131.25,"low":131.25,"close":131.25,"volume":8,"time":"2022-05-12T12:43:00.000Z","is_complete":true},{"open":131.03,"high":131.25,"low":130.96,"close":131.25,"volume":2180,"time":"2022-05-12T12:44:00.000Z","is_complete":true},{"open":131.22,"high":131.25,"low":131.22,"close":131.22,"volume":104,"time":"2022-05-12T12:45:00.000Z","is_complete":true},{"open":131.1,"high":131.21,"low":131.03,"close":131.21,"volume":347,"time":"2022-05-12T12:46:00.000Z","is_complete":true},{"open":131.02,"high":131.03,"low":130.93,"close":130.93,"volume":1252,"time":"2022-05-12T12:47:00.000Z","is_complete":true},{"open":130.92,"high":130.92,"low":130.77,"close":130.77,"volume":194,"time":"2022-05-12T12:48:00.000Z","is_complete":true},{"open":130.77,"high":130.92,"low":130.76,"close":130.76,"volume":1169,"time":"2022-05-12T12:49:00.000Z","is_complete":true},{"open":130.76,"high":130.88,"low":130.76,"close":130.88,"volume":120,"time":"2022-05-12T12:51:00.000Z","is_complete":true},{"open":130.76,"high":130.78,"low":130.76,"close":130.76,"volume":50,"time":"2022-05-12T12:52:00.000Z","is_complete":true},{"open":130.91,"high":130.95,"low":130.78,"close":130.78,"volume":977,"time":"2022-05-12T12:53:00.000Z","is_complete":true},{"open":130.78,"high":130.95,"low":130.78,"close":130.95,"volume":332,"time":"2022-05-12T12:54:00.000Z","is_complete":true},{"open":130.94,"high":131,"low":130.75,"close":130.9,"volume":4573,"time":"2022-05-12T12:55:00.000Z","is_complete":true},{"open":130.84,"high":131,"low":130.84,"close":131,"volume":102,"time":"2022-05-12T12:56:00.000Z","is_complete":true},{"open":130.95,"high":130.95,"low":130.85,"close":130.85,"volume":41,"time":"2022-05-12T12:57:00.000Z","is_complete":true},{"open":130.85,"high":130.85,"low":130.84,"close":130.84,"volume":501,"time":"2022-05-12T12:58:00.000Z","is_complete":true},{"open":130.92,"high":130.95,"low":130.84,"close":130.84,"volume":424,"time":"2022-05-12T12:59:00.000Z","is_complete":true},{"open":130.85,"high":130.85,"low":130.82,"close":130.82,"volume":380,"time":"2022-05-12T13:00:00.000Z","is_complete":true},{"open":130.82,"high":130.92,"low":130.82,"close":130.82,"volume":139,"time":"2022-05-12T13:01:00.000Z","is_complete":true},{"open":130.92,"high":130.92,"low":130.79,"close":130.79,"volume":4012,"time":"2022-05-12T13:02:00.000Z","is_complete":true},{"open":130.91,"high":130.92,"low":130.91,"close":130.92,"volume":40,"time":"2022-05-12T13:03:00.000Z","is_complete":true},{"open":130.89,"high":130.89,"low":130.75,"close":130.75,"volume":266,"time":"2022-05-12T13:04:00.000Z","is_complete":true},{"open":130.87,"high":130.87,"low":130.73,"close":130.73,"volume":2306,"time":"2022-05-12T13:05:00.000Z","is_complete":true},{"open":130.74,"high":130.74,"low":130.73,"close":130.73,"volume":224,"time":"2022-05-12T13:06:00.000Z","is_complete":true},{"open":130.83,"high":130.83,"low":130.68,"close":130.7,"volume":3229,"time":"2022-05-12T13:07:00.000Z","is_complete":true},{"open":130.7,"high":130.7,"low":130.65,"close":130.7,"volume":6513,"time":"2022-05-12T13:08:00.000Z","is_complete":true},{"open":130.7,"high":130.7,"low":130.6,"close":130.69,"volume":6654,"time":"2022-05-12T13:09:00.000Z","is_complete":true},{"open":130.6,"high":130.6,"low":130.27,"close":130.45,"volume":11061,"time":"2022-05-12T13:10:00.000Z","is_complete":true},{"open":130.45,"high":130.52,"low":130.45,"close":130.52,"volume":692,"time":"2022-05-12T13:11:00.000Z","is_complete":true},{"open":130.5,"high":130.5,"low":130.15,"close":130.16,"volume":9632,"time":"2022-05-12T13:12:00.000Z","is_complete":true},{"open":130.2,"high":130.46,"low":130.2,"close":130.46,"volume":811,"time":"2022-05-12T13:13:00.000Z","is_complete":true},{"open":130.24,"high":130.7,"low":130.2,"close":130.7,"volume":4564,"time":"2022-05-12T13:14:00.000Z","is_complete":true},{"open":130.8,"high":130.85,"low":130.6,"close":130.6,"volume":1119,"time":"2022-05-12T13:15:00.000Z","is_complete":true},{"open":130.6,"high":130.6,"low":130.5,"close":130.5,"volume":1051,"time":"2022-05-12T13:16:00.000Z","is_complete":true},{"open":130.5,"high":130.5,"low":130.4,"close":130.4,"volume":290,"time":"2022-05-12T13:17:00.000Z","is_complete":true},{"open":130.4,"high":130.93,"low":130.4,"close":130.53,"volume":6754,"time":"2022-05-12T13:18:00.000Z","is_complete":true},{"open":130.54,"high":130.84,"low":130.54,"close":130.84,"volume":242,"time":"2022-05-12T13:19:00.000Z","is_complete":true},{"open":130.7,"high":130.87,"low":130.41,"close":130.41,"volume":230,"time":"2022-05-12T13:20:00.000Z","is_complete":true},{"open":130.67,"high":130.84,"low":130.4,"close":130.84,"volume":3090,"time":"2022-05-12T13:21:00.000Z","is_complete":true},{"open":130.49,"high":130.49,"low":130.49,"close":130.49,"volume":1,"time":"2022-05-12T13:22:00.000Z","is_complete":true},{"open":130.7,"high":130.78,"low":130.69,"close":130.75,"volume":6,"time":"2022-05-12T13:23:00.000Z","is_complete":true},{"open":130.75,"high":130.75,"low":130.22,"close":130.53,"volume":1323,"time":"2022-05-12T13:24:00.000Z","is_complete":true},{"open":130.3,"high":130.3,"low":130.3,"close":130.3,"volume":37,"time":"2022-05-12T13:25:00.000Z","is_complete":true},{"open":130.31,"high":130.31,"low":129.9,"close":129.9,"volume":57211,"time":"2022-05-12T13:26:00.000Z","is_complete":true},{"open":129.9,"high":130,"low":128.7,"close":128.95,"volume":33318,"time":"2022-05-12T13:27:00.000Z","is_complete":true},{"open":129.1,"high":129.23,"low":128.93,"close":129,"volume":4253,"time":"2022-05-12T13:28:00.000Z","is_complete":true},{"open":129.1,"high":129.26,"low":129.1,"close":129.21,"volume":3091,"time":"2022-05-12T13:29:00.000Z","is_complete":true},{"open":129.26,"high":129.26,"low":128.95,"close":129.12,"volume":7507,"time":"2022-05-12T13:30:00.000Z","is_complete":true},{"open":129.12,"high":129.26,"low":128.9,"close":129.25,"volume":12766,"time":"2022-05-12T13:31:00.000Z","is_complete":true},{"open":129.12,"high":129.28,"low":129.12,"close":129.28,"volume":1132,"time":"2022-05-12T13:32:00.000Z","is_complete":true},{"open":129.28,"high":129.99,"low":129.11,"close":129.79,"volume":16341,"time":"2022-05-12T13:33:00.000Z","is_complete":true},{"open":129.53,"high":129.83,"low":129.5,"close":129.59,"volume":1727,"time":"2022-05-12T13:34:00.000Z","is_complete":true},{"open":129.59,"high":129.89,"low":129.59,"close":129.89,"volume":748,"time":"2022-05-12T13:35:00.000Z","is_complete":true},{"open":129.75,"high":129.92,"low":129.75,"close":129.92,"volume":1214,"time":"2022-05-12T13:36:00.000Z","is_complete":true},{"open":129.9,"high":129.93,"low":129.9,"close":129.93,"volume":820,"time":"2022-05-12T13:37:00.000Z","is_complete":true},{"open":129.93,"high":130,"low":129.92,"close":129.98,"volume":5347,"time":"2022-05-12T13:38:00.000Z","is_complete":true},{"open":129.98,"high":129.98,"low":129.8,"close":129.8,"volume":2426,"time":"2022-05-12T13:39:00.000Z","is_complete":true},{"open":129.74,"high":129.8,"low":129.62,"close":129.62,"volume":1839,"time":"2022-05-12T13:40:00.000Z","is_complete":true},{"open":129.62,"high":129.74,"low":129.5,"close":129.6,"volume":556,"time":"2022-05-12T13:41:00.000Z","is_complete":true},{"open":129.53,"high":129.78,"low":129.5,"close":129.77,"volume":1455,"time":"2022-05-12T13:42:00.000Z","is_complete":true},{"open":129.5,"high":129.96,"low":129.5,"close":129.95,"volume":440,"time":"2022-05-12T13:43:00.000Z","is_complete":true},{"open":129.8,"high":129.94,"low":129.7,"close":129.89,"volume":555,"time":"2022-05-12T13:44:00.000Z","is_complete":true},{"open":129.89,"high":129.9,"low":129.7,"close":129.87,"volume":9363,"time":"2022-05-12T13:45:00.000Z","is_complete":true},{"open":129.8,"high":129.8,"low":129.44,"close":129.47,"volume":2095,"time":"2022-05-12T13:46:00.000Z","is_complete":true},{"open":129.46,"high":129.54,"low":129.01,"close":129.2,"volume":3732,"time":"2022-05-12T13:47:00.000Z","is_complete":true},{"open":129.02,"high":129.19,"low":128.93,"close":129.18,"volume":2841,"time":"2022-05-12T13:48:00.000Z","is_complete":true},{"open":129.18,"high":129.29,"low":129.02,"close":129.28,"volume":2161,"time":"2022-05-12T13:49:00.000Z","is_complete":true},{"open":129.08,"high":129.28,"low":128.85,"close":128.9,"volume":8829,"time":"2022-05-12T13:50:00.000Z","is_complete":true},{"open":128.83,"high":129.39,"low":128.5,"close":129.39,"volume":11260,"time":"2022-05-12T13:51:00.000Z","is_complete":true},{"open":129.21,"high":129.21,"low":128.5,"close":128.85,"volume":14628,"time":"2022-05-12T13:52:00.000Z","is_complete":true},{"open":128.6,"high":128.81,"low":128,"close":128.64,"volume":10993,"time":"2022-05-12T13:53:00.000Z","is_complete":true},{"open":128.64,"high":128.67,"low":128.43,"close":128.54,"volume":4142,"time":"2022-05-12T13:54:00.000Z","is_complete":true},{"open":128.43,"high":128.43,"low":127,"close":127.13,"volume":51951,"time":"2022-05-12T13:55:00.000Z","is_complete":true},{"open":127.36,"high":127.47,"low":127,"close":127.47,"volume":4236,"time":"2022-05-12T13:56:00.000Z","is_complete":true},{"open":127.49,"high":127.92,"low":127.45,"close":127.82,"volume":4622,"time":"2022-05-12T13:57:00.000Z","is_complete":true},{"open":127.84,"high":127.93,"low":127.6,"close":127.93,"volume":3971,"time":"2022-05-12T13:58:00.000Z","is_complete":true},{"open":127.95,"high":128.01,"low":127.62,"close":127.93,"volume":3464,"time":"2022-05-12T13:59:00.000Z","is_complete":true},{"open":127.93,"high":127.94,"low":127.3,"close":127.59,"volume":11779,"time":"2022-05-12T14:00:00.000Z","is_complete":true},{"open":127.59,"high":127.59,"low":126.9,"close":126.99,"volume":18985,"time":"2022-05-12T14:01:00.000Z","is_complete":true},{"open":126.98,"high":126.98,"low":126.5,"close":126.5,"volume":12286,"time":"2022-05-12T14:02:00.000Z","is_complete":true},{"open":126.7,"high":126.88,"low":126.5,"close":126.88,"volume":3409,"time":"2022-05-12T14:03:00.000Z","is_complete":true},{"open":126.84,"high":127,"low":126.5,"close":126.69,"volume":15933,"time":"2022-05-12T14:04:00.000Z","is_complete":true},{"open":126.7,"high":126.91,"low":126.49,"close":126.89,"volume":12056,"time":"2022-05-12T14:05:00.000Z","is_complete":true},{"open":126.92,"high":126.97,"low":126.11,"close":126.65,"volume":4458,"time":"2022-05-12T14:06:00.000Z","is_complete":true},{"open":126.58,"high":126.61,"low":126.05,"close":126.05,"volume":11206,"time":"2022-05-12T14:07:00.000Z","is_complete":true},{"open":126.26,"high":126.41,"low":125.55,"close":125.8,"volume":134349,"time":"2022-05-12T14:08:00.000Z","is_complete":true},{"open":125.69,"high":125.85,"low":125.3,"close":125.56,"volume":17858,"time":"2022-05-12T14:09:00.000Z","is_complete":true},{"open":125.56,"high":125.96,"low":125.25,"close":125.96,"volume":9207,"time":"2022-05-12T14:10:00.000Z","is_complete":true},{"open":125.91,"high":125.92,"low":125.5,"close":125.88,"volume":1575,"time":"2022-05-12T14:11:00.000Z","is_complete":true},{"open":125.88,"high":126,"low":125.88,"close":125.98,"volume":10077,"time":"2022-05-12T14:12:00.000Z","is_complete":true},{"open":125.99,"high":126.88,"low":125.58,"close":126.31,"volume":18083,"time":"2022-05-12T14:13:00.000Z","is_complete":true},{"open":126.67,"high":126.7,"low":125.93,"close":126.29,"volume":24235,"time":"2022-05-12T14:14:00.000Z","is_complete":true},{"open":126.28,"high":126.28,"low":126,"close":126.03,"volume":149,"time":"2022-05-12T14:15:00.000Z","is_complete":true},{"open":126.25,"high":126.64,"low":126.11,"close":126.64,"volume":2539,"time":"2022-05-12T14:16:00.000Z","is_complete":true},{"open":126.49,"high":126.53,"low":126.1,"close":126.48,"volume":1398,"time":"2022-05-12T14:17:00.000Z","is_complete":true},{"open":126.62,"high":126.96,"low":126.37,"close":126.87,"volume":3194,"time":"2022-05-12T14:18:00.000Z","is_complete":true},{"open":126.79,"high":127.2,"low":126.53,"close":127.07,"volume":10745,"time":"2022-05-12T14:19:00.000Z","is_complete":true},{"open":127.26,"high":128.07,"low":126.85,"close":127.38,"volume":11980,"time":"2022-05-12T14:20:00.000Z","is_complete":true},{"open":127.79,"high":128,"low":126.8,"close":127.42,"volume":17500,"time":"2022-05-12T14:21:00.000Z","is_complete":true},{"open":127.2,"high":127.5,"low":127.04,"close":127.5,"volume":756,"time":"2022-05-12T14:22:00.000Z","is_complete":true},{"open":127.5,"high":127.87,"low":127.5,"close":127.78,"volume":1747,"time":"2022-05-12T14:23:00.000Z","is_complete":true},{"open":127.78,"high":128,"low":127.78,"close":127.95,"volume":6652,"time":"2022-05-12T14:24:00.000Z","is_complete":true},{"open":127.98,"high":127.98,"low":127.55,"close":127.55,"volume":5351,"time":"2022-05-12T14:25:00.000Z","is_complete":true},{"open":127.54,"high":127.76,"low":127.52,"close":127.76,"volume":701,"time":"2022-05-12T14:26:00.000Z","is_complete":true},{"open":127.76,"high":127.98,"low":127.75,"close":127.85,"volume":2768,"time":"2022-05-12T14:27:00.000Z","is_complete":true},{"open":127.96,"high":127.96,"low":127.9,"close":127.9,"volume":1002,"time":"2022-05-12T14:28:00.000Z","is_complete":true},{"open":127.96,"high":127.98,"low":127.9,"close":127.98,"volume":2060,"time":"2022-05-12T14:29:00.000Z","is_complete":true},{"open":127.89,"high":127.94,"low":127.56,"close":127.58,"volume":4460,"time":"2022-05-12T14:30:00.000Z","is_complete":true},{"open":127.83,"high":127.83,"low":127.59,"close":127.79,"volume":213,"time":"2022-05-12T14:31:00.000Z","is_complete":true},{"open":127.81,"high":127.93,"low":127.79,"close":127.92,"volume":718,"time":"2022-05-12T14:32:00.000Z","is_complete":true},{"open":127.92,"high":128.56,"low":127.89,"close":128.56,"volume":23266,"time":"2022-05-12T14:33:00.000Z","is_complete":true},{"open":128.56,"high":129,"low":128.16,"close":128.8,"volume":15602,"time":"2022-05-12T14:34:00.000Z","is_complete":true},{"open":128.8,"high":129,"low":128.51,"close":129,"volume":6127,"time":"2022-05-12T14:35:00.000Z","is_complete":true},{"open":128.99,"high":129,"low":128.9,"close":128.98,"volume":820,"time":"2022-05-12T14:36:00.000Z","is_complete":true},{"open":128.96,"high":129.17,"low":128.96,"close":129.1,"volume":5780,"time":"2022-05-12T14:37:00.000Z","is_complete":true},{"open":129.16,"high":129.43,"low":129.11,"close":129.11,"volume":2930,"time":"2022-05-12T14:38:00.000Z","is_complete":true},{"open":129.39,"high":129.4,"low":129.39,"close":129.4,"volume":211,"time":"2022-05-12T14:39:00.000Z","is_complete":true},{"open":129.39,"high":129.39,"low":129,"close":129,"volume":1503,"time":"2022-05-12T14:40:00.000Z","is_complete":true},{"open":129,"high":129.11,"low":128.8,"close":128.81,"volume":1431,"time":"2022-05-12T14:41:00.000Z","is_complete":true},{"open":128.81,"high":128.81,"low":128.73,"close":128.73,"volume":693,"time":"2022-05-12T14:42:00.000Z","is_complete":true},{"open":128.63,"high":128.72,"low":128.1,"close":128.45,"volume":3335,"time":"2022-05-12T14:43:00.000Z","is_complete":true},{"open":128.49,"high":128.51,"low":128.27,"close":128.27,"volume":859,"time":"2022-05-12T14:44:00.000Z","is_complete":true},{"open":128.44,"high":128.44,"low":128.3,"close":128.3,"volume":89,"time":"2022-05-12T14:45:00.000Z","is_complete":true},{"open":128.44,"high":128.59,"low":128.28,"close":128.28,"volume":7125,"time":"2022-05-12T14:46:00.000Z","is_complete":true},{"open":128.45,"high":128.57,"low":128.45,"close":128.57,"volume":1019,"time":"2022-05-12T14:47:00.000Z","is_complete":true},{"open":128.71,"high":128.71,"low":128.31,"close":128.58,"volume":41,"time":"2022-05-12T14:48:00.000Z","is_complete":true},{"open":128.89,"high":128.9,"low":128.44,"close":128.45,"volume":8871,"time":"2022-05-12T14:49:00.000Z","is_complete":true},{"open":128.34,"high":128.9,"low":128.34,"close":128.62,"volume":5586,"time":"2022-05-12T14:50:00.000Z","is_complete":true},{"open":128.84,"high":128.87,"low":128.49,"close":128.76,"volume":1427,"time":"2022-05-12T14:51:00.000Z","is_complete":true},{"open":128.5,"high":128.81,"low":128.5,"close":128.7,"volume":521,"time":"2022-05-12T14:52:00.000Z","is_complete":true},{"open":128.69,"high":128.9,"low":128.69,"close":128.7,"volume":4082,"time":"2022-05-12T14:53:00.000Z","is_complete":true},{"open":128.71,"high":128.88,"low":128.62,"close":128.88,"volume":3944,"time":"2022-05-12T14:54:00.000Z","is_complete":true},{"open":128.88,"high":129,"low":128.88,"close":128.99,"volume":264,"time":"2022-05-12T14:55:00.000Z","is_complete":true},{"open":128.99,"high":128.99,"low":128.8,"close":128.81,"volume":1155,"time":"2022-05-12T14:56:00.000Z","is_complete":true},{"open":128.8,"high":128.8,"low":128.71,"close":128.8,"volume":869,"time":"2022-05-12T14:57:00.000Z","is_complete":true},{"open":128.8,"high":128.81,"low":128.8,"close":128.81,"volume":548,"time":"2022-05-12T14:58:00.000Z","is_complete":true},{"open":128.76,"high":128.99,"low":128.76,"close":128.98,"volume":232,"time":"2022-05-12T14:59:00.000Z","is_complete":true},{"open":128.97,"high":128.99,"low":128.97,"close":128.99,"volume":1218,"time":"2022-05-12T15:00:00.000Z","is_complete":true},{"open":128.99,"high":128.99,"low":128.97,"close":128.99,"volume":112,"time":"2022-05-12T15:01:00.000Z","is_complete":true},{"open":128.84,"high":128.85,"low":128.82,"close":128.82,"volume":76,"time":"2022-05-12T15:02:00.000Z","is_complete":true},{"open":128.81,"high":128.96,"low":128.8,"close":128.96,"volume":666,"time":"2022-05-12T15:03:00.000Z","is_complete":true},{"open":128.81,"high":128.9,"low":128.69,"close":128.7,"volume":195,"time":"2022-05-12T15:04:00.000Z","is_complete":true},{"open":128.73,"high":128.77,"low":128.63,"close":128.67,"volume":68,"time":"2022-05-12T15:05:00.000Z","is_complete":true},{"open":128.65,"high":128.65,"low":128.5,"close":128.5,"volume":609,"time":"2022-05-12T15:06:00.000Z","is_complete":true},{"open":128.51,"high":128.64,"low":128.33,"close":128.49,"volume":2998,"time":"2022-05-12T15:07:00.000Z","is_complete":true},{"open":128.49,"high":128.5,"low":128.32,"close":128.5,"volume":2914,"time":"2022-05-12T15:08:00.000Z","is_complete":true},{"open":128.52,"high":128.91,"low":128.5,"close":128.5,"volume":7467,"time":"2022-05-12T15:09:00.000Z","is_complete":true},{"open":128.52,"high":128.81,"low":128.5,"close":128.56,"volume":1285,"time":"2022-05-12T15:10:00.000Z","is_complete":true},{"open":128.69,"high":128.86,"low":128.69,"close":128.86,"volume":307,"time":"2022-05-12T15:11:00.000Z","is_complete":true},{"open":128.85,"high":128.89,"low":128.6,"close":128.89,"volume":163,"time":"2022-05-12T15:12:00.000Z","is_complete":true},{"open":128.81,"high":128.89,"low":128.8,"close":128.88,"volume":129,"time":"2022-05-12T15:13:00.000Z","is_complete":true},{"open":128.8,"high":128.8,"low":128.8,"close":128.8,"volume":589,"time":"2022-05-12T15:14:00.000Z","is_complete":true},{"open":128.7,"high":128.77,"low":128.47,"close":128.47,"volume":2834,"time":"2022-05-12T15:15:00.000Z","is_complete":true},{"open":128.5,"high":128.5,"low":128.4,"close":128.49,"volume":247,"time":"2022-05-12T15:16:00.000Z","is_complete":true},{"open":128.41,"high":128.5,"low":128.4,"close":128.4,"volume":1931,"time":"2022-05-12T15:17:00.000Z","is_complete":true},{"open":128.4,"high":128.4,"low":128.25,"close":128.25,"volume":849,"time":"2022-05-12T15:18:00.000Z","is_complete":true},{"open":128.3,"high":128.38,"low":128.04,"close":128.37,"volume":2200,"time":"2022-05-12T15:19:00.000Z","is_complete":true},{"open":128.21,"high":128.21,"low":128.14,"close":128.14,"volume":192,"time":"2022-05-12T15:20:00.000Z","is_complete":true},{"open":128.14,"high":128.14,"low":128.03,"close":128.03,"volume":6429,"time":"2022-05-12T15:21:00.000Z","is_complete":true},{"open":128.14,"high":128.14,"low":127.63,"close":127.63,"volume":8634,"time":"2022-05-12T15:22:00.000Z","is_complete":true},{"open":127.64,"high":127.83,"low":127.59,"close":127.82,"volume":701,"time":"2022-05-12T15:23:00.000Z","is_complete":true},{"open":127.63,"high":128.15,"low":127.6,"close":127.86,"volume":1676,"time":"2022-05-12T15:24:00.000Z","is_complete":true},{"open":128,"high":128,"low":127.9,"close":128,"volume":88,"time":"2022-05-12T15:25:00.000Z","is_complete":true},{"open":127.9,"high":127.99,"low":127.9,"close":127.99,"volume":266,"time":"2022-05-12T15:26:00.000Z","is_complete":true},{"open":127.91,"high":127.98,"low":127.84,"close":127.84,"volume":2407,"time":"2022-05-12T15:27:00.000Z","is_complete":true},{"open":127.83,"high":127.98,"low":127.8,"close":127.97,"volume":753,"time":"2022-05-12T15:28:00.000Z","is_complete":true},{"open":127.96,"high":127.96,"low":127.64,"close":127.95,"volume":2035,"time":"2022-05-12T15:29:00.000Z","is_complete":true},{"open":127.94,"high":128,"low":127.69,"close":128,"volume":1523,"time":"2022-05-12T15:30:00.000Z","is_complete":true},{"open":128,"high":128.05,"low":127.74,"close":128,"volume":383,"time":"2022-05-12T15:31:00.000Z","is_complete":true},{"open":127.99,"high":128,"low":127.7,"close":127.8,"volume":1671,"time":"2022-05-12T15:32:00.000Z","is_complete":true},{"open":127.8,"high":127.8,"low":127.66,"close":127.8,"volume":448,"time":"2022-05-12T15:33:00.000Z","is_complete":true},{"open":127.8,"high":127.84,"low":127.76,"close":127.84,"volume":1169,"time":"2022-05-12T15:34:00.000Z","is_complete":true},{"open":127.99,"high":127.99,"low":127.82,"close":127.99,"volume":111,"time":"2022-05-12T15:35:00.000Z","is_complete":true},{"open":127.98,"high":127.98,"low":127.5,"close":127.87,"volume":11576,"time":"2022-05-12T15:36:00.000Z","is_complete":true},{"open":127.74,"high":127.74,"low":127.42,"close":127.5,"volume":3317,"time":"2022-05-12T15:37:00.000Z","is_complete":true},{"open":127.5,"high":127.71,"low":127.2,"close":127.21,"volume":3633,"time":"2022-05-12T15:38:00.000Z","is_complete":true},{"open":127.21,"high":127.47,"low":127.19,"close":127.23,"volume":3240,"time":"2022-05-12T15:39:00.000Z","is_complete":true},{"open":127.34,"high":127.34,"low":127.34,"close":127.34,"volume":5501,"time":"2022-05-12T15:45:00.000Z","is_complete":true},{"open":127.34,"high":127.34,"low":127.34,"close":127.34,"volume":34,"time":"2022-05-12T15:46:00.000Z","is_complete":true},{"open":127.34,"high":127.34,"low":127.34,"close":127.34,"volume":3765,"time":"2022-05-12T15:47:00.000Z","is_complete":true},{"open":127.34,"high":127.34,"low":127.34,"close":127.34,"volume":1280,"time":"2022-05-12T15:48:00.000Z","is_complete":true},{"open":127.34,"high":127.34,"low":127.34,"close":127.34,"volume":15,"time":"2022-05-12T15:49:00.000Z","is_complete":true}]}