{"candles":[{"open":246.02,"high":248,"low":245.8,"close":247.63,"volume":58220,"time":"2022-05-17T07:00:00.000Z","is_complete":true},{"open":247.65,"high":248.96,"low":247.5,"close":248.8,"volume":59673,"time":"2022-05-17T07:01:00.000Z","is_complete":true},{"open":248.69,"high":248.9,"low":248.22,"close":248.8,"volume":42517,"time":"2022-05-17T07:02:00.000Z","is_complete":true},{"open":248.8,"high":248.89,"low":247.77,"close":247.98,"volume":29673,"time":"2022-05-17T07:03:00.000Z","is_complete":true},{"open":247.96,"high":248.1,"low":247.64,"close":247.84,"volume":18756,"time":"2022-05-17T07:04:00.000Z","is_complete":true},{"open":247.86,"high":248,"low":247.64,"close":247.9,"volume":16661,"time":"2022-05-17T07:05:00.000Z","is_complete":true},{"open":247.88,"high":247.88,"low":247.06,"close":247.56,"volume":23256,"time":"2022-05-17T07:06:00.000Z","is_complete":true},{"open":247.58,"high":247.79,"low":247.4,"close":247.55,"volume":9644,"time":"2022-05-17T07:07:00.000Z","is_complete":true},{"open":247.51,"high":247.61,"low":246.73,"close":246.97,"volume":31468,"time":"2022-05-17T07:08:00.000Z","is_complete":true},{"open":246.98,"high":247,"low":246.57,"close":246.78,"volume":10714,"time":"2022-05-17T07:09:00.000Z","is_complete":true},{"open":246.83,"high":247,"low":246.11,"close":246.36,"volume":16650,"time":"2022-05-17T07:10:00.000Z","is_complete":true},{"open":246.3,"high":247.39,"low":246.11,"close":246.97,"volume":20490,"time":"2022-05-17T07:11:00.000Z","is_complete":true},{"open":247.07,"high":247.77,"low":246.93,"close":247.64,"volume":16521,"time":"2022-05-17T07:12:00.000Z","is_complete":true},{"open":247.69,"high":247.71,"low":247,"close":247.24,"volume":12704,"time":"2022-05-17T07:13:00.000Z","is_complete":true},{"open":247.26,"high":247.4,"low":247.1,"close":247.1,"volume":3899,"time":"2022-05-17T07:14:00.000Z","is_complete":true},{"open":247.13,"high":247.28,"low":246.5,"close":246.95,"volume":11455,"time":"2022-05-17T07:15:00.000Z","is_complete":true},{"open":246.98,"high":247.38,"low":246.76,"close":246.9,"volume":4677,"time":"2022-05-17T07:16:00.000Z","is_complete":true},{"open":247,"high":247,"low":246.73,"close":246.81,"volume":3180,"time":"2022-05-17T07:17:00.000Z","is_complete":true},{"open":246.74,"high":246.84,"low":246.01,"close":246.03,"volume":18893,"time":"2022-05-17T07:18:00.000Z","is_complete":true},{"open":246.16,"high":246.21,"low":245.31,"close":245.45,"volume":24535,"time":"2022-05-17T07:19:00.000Z","is_complete":true},{"open":245.44,"high":246.15,"low":245.3,"close":245.75,"volume":26984,"time":"2022-05-17T07:20:00.000Z","is_complete":true},{"open":245.7,"high":246.19,"low":245.5,"close":246,"volume":10258,"time":"2022-05-17T07:21:00.000Z","is_complete":true},{"open":246,"high":246.2,"low":245.6,"close":245.76,"volume":14315,"time":"2022-05-17T07:22:00.000Z","is_complete":true},{"open":245.75,"high":246,"low":245.6,"close":246,"volume":7717,"time":"2022-05-17T07:23:00.000Z","is_complete":true},{"open":245.92,"high":246,"low":245.7,"close":245.75,"volume":6112,"time":"2022-05-17T07:24:00.000Z","is_complete":true},{"open":245.75,"high":245.87,"low":245.5,"close":245.6,"volume":9667,"time":"2022-05-17T07:25:00.000Z","is_complete":true},{"open":245.6,"high":246.48,"low":245.5,"close":246.33,"volume":11835,"time":"2022-05-17T07:26:00.000Z","is_complete":true},{"open":246.18,"high":246.6,"low":246.18,"close":246.5,"volume":8888,"time":"2022-05-17T07:27:00.000Z","is_complete":true},{"open":246.46,"high":246.88,"low":246.22,"close":246.35,"volume":13839,"time":"2022-05-17T07:28:00.000Z","is_complete":true},{"open":246.35,"high":246.4,"low":246.1,"close":246.27,"volume":6558,"time":"2022-05-17T07:29:00.000Z","is_complete":true},{"open":246.34,"high":246.49,"low":246.11,"close":246.32,"volume":9138,"time":"2022-05-17T07:30:00.000Z","is_complete":true},{"open":246.44,"high":246.72,"low":246.32,"close":246.59,"volume":3220,"time":"2022-05-17T07:31:00.000Z","is_complete":true},{"open":246.6,"high":246.75,"low":246.39,"close":246.39,"volume":5427,"time":"2022-05-17T07:32:00.000Z","is_complete":true},{"open":246.42,"high":246.5,"low":246.3,"close":246.5,"volume":14771,"time":"2022-05-17T07:33:00.000Z","is_complete":true},{"open":246.5,"high":246.7,"low":246.43,"close":246.66,"volume":11089,"time":"2022-05-17T07:34:00.000Z","is_complete":true},{"open":246.65,"high":246.81,"low":246.61,"close":246.8,"volume":7373,"time":"2022-05-17T07:35:00.000Z","is_complete":true},{"open":246.8,"high":246.81,"low":246.4,"close":246.64,"volume":15348,"time":"2022-05-17T07:36:00.000Z","is_complete":true},{"open":246.53,"high":246.8,"low":246.51,"close":246.52,"volume":12940,"time":"2022-05-17T07:37:00.000Z","is_complete":true},{"open":246.64,"high":246.8,"low":246.34,"close":246.4,"volume":8100,"time":"2022-05-17T07:38:00.000Z","is_complete":true},{"open":246.4,"high":246.44,"low":246.12,"close":246.17,"volume":30349,"time":"2022-05-17T07:39:00.000Z","is_complete":true},{"open":246.19,"high":246.2,"low":245.8,"close":246.11,"volume":9046,"time":"2022-05-17T07:40:00.000Z","is_complete":true},{"open":246.12,"high":246.4,"low":246,"close":246.15,"volume":9473,"time":"2022-05-17T07:41:00.000Z","is_complete":true},{"open":246.27,"high":246.78,"low":246.24,"close":246.24,"volume":6784,"time":"2022-05-17T07:42:00.000Z","is_complete":true},{"open":246.24,"high":246.72,"low":246.13,"close":246.61,"volume":5606,"time":"2022-05-17T07:43:00.000Z","is_complete":true},{"open":246.6,"high":246.7,"low":246.17,"close":246.36,"volume":3641,"time":"2022-05-17T07:44:00.000Z","is_complete":true},{"open":246.24,"high":246.56,"low":246.2,"close":246.24,"volume":3896,"time":"2022-05-17T07:45:00.000Z","is_complete":true},{"open":246.24,"high":246.25,"low":245.9,"close":246,"volume":5186,"time":"2022-05-17T07:46:00.000Z","is_complete":true},{"open":246.07,"high":246.07,"low":245.92,"close":245.96,"volume":1754,"time":"2022-05-17T07:47:00.000Z","is_complete":true},{"open":245.96,"high":246.37,"low":245.93,"close":246.37,"volume":4070,"time":"2022-05-17T07:48:00.000Z","is_complete":true},{"open":246.33,"high":246.37,"low":246.12,"close":246.3,"volume":1138,"time":"2022-05-17T07:49:00.000Z","is_complete":true},{"open":246.3,"high":246.48,"low":246.2,"close":246.48,"volume":3461,"time":"2022-05-17T07:50:00.000Z","is_complete":true},{"open":246.48,"high":246.48,"low":246.29,"close":246.44,"volume":1251,"time":"2022-05-17T07:51:00.000Z","is_complete":true},{"open":246.45,"high":246.55,"low":246.36,"close":246.5,"volume":1753,"time":"2022-05-17T07:52:00.000Z","is_complete":true},{"open":246.55,"high":246.6,"low":246.5,"close":246.55,"volume":4559,"time":"2022-05-17T07:53:00.000Z","is_complete":true},{"open":246.6,"high":246.6,"low":246.5,"close":246.6,"volume":2283,"time":"2022-05-17T07:54:00.000Z","is_complete":true},{"open":246.59,"high":246.6,"low":246.5,"close":246.58,"volume":1513,"time":"2022-05-17T07:55:00.000Z","is_complete":true},{"open":246.59,"high":246.7,"low":246.5,"close":246.51,"volume":4306,"time":"2022-05-17T07:56:00.000Z","is_complete":true},{"open":246.59,"high":246.69,"low":246.51,"close":246.53,"volume":338,"time":"2022-05-17T07:57:00.000Z","is_complete":true},{"open":246.53,"high":246.7,"low":246.52,"close":246.65,"volume":3423,"time":"2022-05-17T07:58:00.000Z","is_complete":true},{"open":246.7,"high":246.79,"low":246.55,"close":246.69,"volume":2468,"time":"2022-05-17T07:59:00.000Z","is_complete":true},{"open":246.69,"high":246.97,"low":246.6,"close":246.97,"volume":4729,"time":"2022-05-17T08:00:00.000Z","is_complete":true},{"open":246.95,"high":247.2,"low":246.82,"close":247.14,"volume":19243,"time":"2022-05-17T08:01:00.000Z","is_complete":true},{"open":247.15,"high":247.42,"low":247.15,"close":247.41,"volume":5883,"time":"2022-05-17T08:02:00.000Z","is_complete":true},{"open":247.41,"high":247.66,"low":247.25,"close":247.64,"volume":16767,"time":"2022-05-17T08:03:00.000Z","is_complete":true},{"open":247.61,"high":247.7,"low":247.33,"close":247.41,"volume":11984,"time":"2022-05-17T08:04:00.000Z","is_complete":true},{"open":247.43,"high":247.59,"low":247.4,"close":247.5,"volume":4698,"time":"2022-05-17T08:05:00.000Z","is_complete":true},{"open":247.45,"high":247.5,"low":247.38,"close":247.38,"volume":3388,"time":"2022-05-17T08:06:00.000Z","is_complete":true},{"open":247.38,"high":247.49,"low":247.25,"close":247.46,"volume":3654,"time":"2022-05-17T08:07:00.000Z","is_complete":true},{"open":247.46,"high":247.61,"low":247.45,"close":247.6,"volume":4064,"time":"2022-05-17T08:08:00.000Z","is_complete":true},{"open":247.6,"high":247.91,"low":247.5,"close":247.9,"volume":10571,"time":"2022-05-17T08:09:00.000Z","is_complete":true},{"open":247.9,"high":248.27,"low":247.9,"close":248.16,"volume":26486,"time":"2022-05-17T08:10:00.000Z","is_complete":true},{"open":248.16,"high":248.2,"low":247.9,"close":247.95,"volume":15459,"time":"2022-05-17T08:11:00.000Z","is_complete":true},{"open":247.91,"high":248.01,"low":247.4,"close":247.48,"volume":10546,"time":"2022-05-17T08:12:00.000Z","is_complete":true},{"open":247.51,"high":247.6,"low":247.4,"close":247.59,"volume":1939,"time":"2022-05-17T08:13:00.000Z","is_complete":true},{"open":247.54,"high":247.59,"low":247.26,"close":247.26,"volume":4544,"time":"2022-05-17T08:14:00.000Z","is_complete":true},{"open":247.27,"high":247.5,"low":247.26,"close":247.45,"volume":2792,"time":"2022-05-17T08:15:00.000Z","is_complete":true},{"open":247.41,"high":247.88,"low":247.36,"close":247.79,"volume":3430,"time":"2022-05-17T08:16:00.000Z","is_complete":true},{"open":247.83,"high":247.84,"low":247.6,"close":247.65,"volume":2508,"time":"2022-05-17T08:17:00.000Z","is_complete":true},{"open":247.7,"high":247.8,"low":247.66,"close":247.8,"volume":2041,"time":"2022-05-17T08:18:00.000Z","is_complete":true},{"open":247.8,"high":248,"low":247.74,"close":247.99,"volume":6129,"time":"2022-05-17T08:19:00.000Z","is_complete":true},{"open":247.91,"high":248,"low":247.5,"close":247.81,"volume":21483,"time":"2022-05-17T08:20:00.000Z","is_complete":true},{"open":247.8,"high":247.84,"low":247.6,"close":247.79,"volume":3486,"time":"2022-05-17T08:21:00.000Z","is_complete":true},{"open":247.67,"high":247.85,"low":247.5,"close":247.59,"volume":12347,"time":"2022-05-17T08:22:00.000Z","is_complete":true},{"open":247.59,"high":247.84,"low":247.59,"close":247.76,"volume":1442,"time":"2022-05-17T08:23:00.000Z","is_complete":true},{"open":247.85,"high":247.85,"low":247.7,"close":247.83,"volume":558,"time":"2022-05-17T08:24:00.000Z","is_complete":true},{"open":247.83,"high":247.88,"low":247.6,"close":247.6,"volume":2430,"time":"2022-05-17T08:25:00.000Z","is_complete":true},{"open":247.6,"high":247.69,"low":247.26,"close":247.3,"volume":6639,"time":"2022-05-17T08:26:00.000Z","is_complete":true},{"open":247.29,"high":247.42,"low":247.26,"close":247.26,"volume":4047,"time":"2022-05-17T08:27:00.000Z","is_complete":true},{"open":247.31,"high":247.31,"low":247.15,"close":247.29,"volume":11353,"time":"2022-05-17T08:28:00.000Z","is_complete":true},{"open":247.29,"high":247.32,"low":247.2,"close":247.32,"volume":531,"time":"2022-05-17T08:29:00.000Z","is_complete":true},{"open":247.32,"high":247.54,"low":247.22,"close":247.37,"volume":4532,"time":"2022-05-17T08:30:00.000Z","is_complete":true},{"open":247.37,"high":247.42,"low":247.19,"close":247.33,"volume":4657,"time":"2022-05-17T08:31:00.000Z","is_complete":true},{"open":247.3,"high":247.34,"low":247.19,"close":247.19,"volume":3414,"time":"2022-05-17T08:32:00.000Z","is_complete":true},{"open":247.2,"high":247.29,"low":247.18,"close":247.18,"volume":1723,"time":"2022-05-17T08:33:00.000Z","is_complete":true},{"open":247.18,"high":247.39,"low":247.18,"close":247.38,"volume":3509,"time":"2022-05-17T08:34:00.000Z","is_complete":true},{"open":247.34,"high":247.38,"low":247.22,"close":247.37,"volume":1318,"time":"2022-05-17T08:35:00.000Z","is_complete":true},{"open":247.37,"high":247.58,"low":247.27,"close":247.54,"volume":3899,"time":"2022-05-17T08:36:00.000Z","is_complete":true},{"open":247.54,"high":247.6,"low":247.5,"close":247.52,"volume":2047,"time":"2022-05-17T08:37:00.000Z","is_complete":true},{"open":247.58,"high":247.74,"low":247.53,"close":247.73,"volume":3139,"time":"2022-05-17T08:38:00.000Z","is_complete":true},{"open":247.73,"high":247.74,"low":247.61,"close":247.71,"volume":1522,"time":"2022-05-17T08:39:00.000Z","is_complete":true},{"open":247.69,"high":247.79,"low":247.51,"close":247.6,"volume":5307,"time":"2022-05-17T08:40:00.000Z","is_complete":true},{"open":247.6,"high":247.68,"low":247.33,"close":247.35,"volume":2943,"time":"2022-05-17T08:41:00.000Z","is_complete":true},{"open":247.35,"high":247.43,"low":247.2,"close":247.39,"volume":3706,"time":"2022-05-17T08:42:00.000Z","is_complete":true},{"open":247.38,"high":247.45,"low":247.23,"close":247.31,"volume":1803,"time":"2022-05-17T08:43:00.000Z","is_complete":true},{"open":247.31,"high":247.6,"low":247.3,"close":247.6,"volume":1461,"time":"2022-05-17T08:44:00.000Z","is_complete":true},{"open":247.57,"high":247.57,"low":247.42,"close":247.47,"volume":1200,"time":"2022-05-17T08:45:00.000Z","is_complete":true},{"open":247.5,"high":247.56,"low":247.4,"close":247.51,"volume":1574,"time":"2022-05-17T08:46:00.000Z","is_complete":true},{"open":247.51,"high":247.57,"low":247.39,"close":247.5,"volume":1544,"time":"2022-05-17T08:47:00.000Z","is_complete":true},{"open":247.5,"high":247.5,"low":247.31,"close":247.36,"volume":2119,"time":"2022-05-17T08:48:00.000Z","is_complete":true},{"open":247.43,"high":247.5,"low":247.33,"close":247.5,"volume":1875,"time":"2022-05-17T08:49:00.000Z","is_complete":true},{"open":247.47,"high":247.77,"low":247.44,"close":247.77,"volume":9925,"time":"2022-05-17T08:50:00.000Z","is_complete":true},{"open":247.76,"high":248.23,"low":247.73,"close":248.19,"volume":28893,"time":"2022-05-17T08:51:00.000Z","is_complete":true},{"open":248.19,"high":248.74,"low":248.15,"close":248.7,"volume":28495,"time":"2022-05-17T08:52:00.000Z","is_complete":true},{"open":248.64,"high":248.8,"low":248.28,"close":248.66,"volume":17835,"time":"2022-05-17T08:53:00.000Z","is_complete":true},{"open":248.66,"high":248.86,"low":248.53,"close":248.83,"volume":17553,"time":"2022-05-17T08:54:00.000Z","is_complete":true},{"open":248.84,"high":249.36,"low":248.5,"close":249.22,"volume":42987,"time":"2022-05-17T08:55:00.000Z","is_complete":true},{"open":249.29,"high":249.42,"low":249.01,"close":249.34,"volume":20455,"time":"2022-05-17T08:56:00.000Z","is_complete":true},{"open":249.34,"high":249.35,"low":249,"close":249.09,"volume":10480,"time":"2022-05-17T08:57:00.000Z","is_complete":true},{"open":249.06,"high":249.5,"low":249,"close":249.5,"volume":21550,"time":"2022-05-17T08:58:00.000Z","is_complete":true},{"open":249.5,"high":249.68,"low":249.24,"close":249.27,"volume":20630,"time":"2022-05-17T08:59:00.000Z","is_complete":true},{"open":249.5,"high":249.63,"low":249.04,"close":249.07,"volume":18331,"time":"2022-05-17T09:00:00.000Z","is_complete":true},{"open":249.29,"high":249.38,"low":249,"close":249.1,"volume":25072,"time":"2022-05-17T09:01:00.000Z","is_complete":true},{"open":249.19,"high":249.23,"low":249,"close":249,"volume":18515,"time":"2022-05-17T09:02:00.000Z","is_complete":true},{"open":249,"high":249.1,"low":247.77,"close":248.22,"volume":41182,"time":"2022-05-17T09:03:00.000Z","is_complete":true},{"open":248.26,"high":248.54,"low":248.22,"close":248.5,"volume":4850,"time":"2022-05-17T09:04:00.000Z","is_complete":true},{"open":248.5,"high":248.73,"low":248.5,"close":248.6,"volume":3307,"time":"2022-05-17T09:05:00.000Z","is_complete":true},{"open":248.57,"high":248.94,"low":248.57,"close":248.87,"volume":4815,"time":"2022-05-17T09:06:00.000Z","is_complete":true},{"open":248.89,"high":249,"low":248.8,"close":248.96,"volume":4611,"time":"2022-05-17T09:07:00.000Z","is_complete":true},{"open":248.97,"high":249.03,"low":248.91,"close":248.96,"volume":4580,"time":"2022-05-17T09:08:00.000Z","is_complete":true},{"open":248.96,"high":249.1,"low":248.8,"close":248.81,"volume":14963,"time":"2022-05-17T09:09:00.000Z","is_complete":true},{"open":248.81,"high":248.95,"low":248.7,"close":248.85,"volume":3678,"time":"2022-05-17T09:10:00.000Z","is_complete":true},{"open":248.9,"high":248.9,"low":248.7,"close":248.78,"volume":2292,"time":"2022-05-17T09:11:00.000Z","is_complete":true},{"open":248.87,"high":248.89,"low":248.7,"close":248.79,"volume":2230,"time":"2022-05-17T09:12:00.000Z","is_complete":true},{"open":248.79,"high":248.8,"low":248.56,"close":248.61,"volume":4604,"time":"2022-05-17T09:13:00.000Z","is_complete":true},{"open":248.61,"high":248.74,"low":248.56,"close":248.7,"volume":3267,"time":"2022-05-17T09:14:00.000Z","is_complete":true},{"open":248.7,"high":248.77,"low":248.04,"close":248.1,"volume":5668,"time":"2022-05-17T09:15:00.000Z","is_complete":true},{"open":248.11,"high":248.31,"low":248.07,"close":248.19,"volume":3103,"time":"2022-05-17T09:16:00.000Z","is_complete":true},{"open":248.19,"high":248.33,"low":248.11,"close":248.33,"volume":5098,"time":"2022-05-17T09:17:00.000Z","is_complete":true},{"open":248.26,"high":248.35,"low":248.16,"close":248.21,"volume":1973,"time":"2022-05-17T09:18:00.000Z","is_complete":true},{"open":248.3,"high":248.49,"low":248.2,"close":248.29,"volume":2227,"time":"2022-05-17T09:19:00.000Z","is_complete":true},{"open":248.25,"high":248.46,"low":248.21,"close":248.24,"volume":1505,"time":"2022-05-17T09:20:00.000Z","is_complete":true},{"open":248.25,"high":248.49,"low":248.2,"close":248.3,"volume":2799,"time":"2022-05-17T09:21:00.000Z","is_complete":true},{"open":248.3,"high":248.45,"low":248.22,"close":248.23,"volume":2466,"time":"2022-05-17T09:22:00.000Z","is_complete":true},{"open":248.23,"high":248.3,"low":248.16,"close":248.2,"volume":1177,"time":"2022-05-17T09:23:00.000Z","is_complete":true},{"open":248.16,"high":248.2,"low":247.5,"close":247.74,"volume":17194,"time":"2022-05-17T09:24:00.000Z","is_complete":true},{"open":247.72,"high":247.99,"low":247.65,"close":247.8,"volume":2688,"time":"2022-05-17T09:25:00.000Z","is_complete":true},{"open":247.8,"high":248,"low":247.7,"close":247.8,"volume":3768,"time":"2022-05-17T09:26:00.000Z","is_complete":true},{"open":247.8,"high":247.92,"low":247.6,"close":247.7,"volume":2797,"time":"2022-05-17T09:27:00.000Z","is_complete":true},{"open":247.7,"high":247.7,"low":247.6,"close":247.6,"volume":3637,"time":"2022-05-17T09:28:00.000Z","is_complete":true},{"open":247.6,"high":247.66,"low":247.6,"close":247.61,"volume":3011,"time":"2022-05-17T09:29:00.000Z","is_complete":true},{"open":247.65,"high":248.2,"low":247.61,"close":248.19,"volume":8254,"time":"2022-05-17T09:30:00.000Z","is_complete":true},{"open":248.13,"high":248.35,"low":247.8,"close":248.29,"volume":3223,"time":"2022-05-17T09:31:00.000Z","is_complete":true},{"open":248.29,"high":248.3,"low":248.11,"close":248.3,"volume":4044,"time":"2022-05-17T09:32:00.000Z","is_complete":true},{"open":248.3,"high":248.8,"low":248.26,"close":248.8,"volume":11509,"time":"2022-05-17T09:33:00.000Z","is_complete":true},{"open":248.8,"high":248.92,"low":248.71,"close":248.9,"volume":9473,"time":"2022-05-17T09:34:00.000Z","is_complete":true},{"open":248.92,"high":249.3,"low":248.8,"close":249.2,"volume":22320,"time":"2022-05-17T09:35:00.000Z","is_complete":true},{"open":249.2,"high":249.2,"low":248.97,"close":249.1,"volume":6018,"time":"2022-05-17T09:36:00.000Z","is_complete":true},{"open":249.1,"high":249.1,"low":248.5,"close":248.51,"volume":17452,"time":"2022-05-17T09:37:00.000Z","is_complete":true},{"open":248.51,"high":248.84,"low":248.28,"close":248.7,"volume":4978,"time":"2022-05-17T09:38:00.000Z","is_complete":true},{"open":248.75,"high":248.89,"low":248.6,"close":248.87,"volume":1879,"time":"2022-05-17T09:39:00.000Z","is_complete":true},{"open":248.88,"high":248.97,"low":248.61,"close":248.66,"volume":4849,"time":"2022-05-17T09:40:00.000Z","is_complete":true},{"open":248.66,"high":248.95,"low":248.61,"close":248.89,"volume":2157,"time":"2022-05-17T09:41:00.000Z","is_complete":true},{"open":248.77,"high":248.9,"low":248.75,"close":248.9,"volume":2888,"time":"2022-05-17T09:42:00.000Z","is_complete":true},{"open":248.9,"high":248.92,"low":248.7,"close":248.78,"volume":3145,"time":"2022-05-17T09:43:00.000Z","is_complete":true},{"open":248.77,"high":248.79,"low":248.62,"close":248.79,"volume":1484,"time":"2022-05-17T09:44:00.000Z","is_complete":true},{"open":248.7,"high":248.79,"low":248.6,"close":248.6,"volume":8765,"time":"2022-05-17T09:45:00.000Z","is_complete":true},{"open":248.65,"high":248.69,"low":248.45,"close":248.49,"volume":2386,"time":"2022-05-17T09:46:00.000Z","is_complete":true},{"open":248.5,"high":248.6,"low":248.46,"close":248.49,"volume":1792,"time":"2022-05-17T09:47:00.000Z","is_complete":true},{"open":248.58,"high":248.65,"low":248.45,"close":248.52,"volume":1440,"time":"2022-05-17T09:48:00.000Z","is_complete":true},{"open":248.52,"high":248.7,"low":248.47,"close":248.68,"volume":1319,"time":"2022-05-17T09:49:00.000Z","is_complete":true},{"open":248.68,"high":248.8,"low":248.68,"close":248.8,"volume":1469,"time":"2022-05-17T09:50:00.000Z","is_complete":true},{"open":248.76,"high":248.8,"low":248.6,"close":248.7,"volume":1071,"time":"2022-05-17T09:51:00.000Z","is_complete":true},{"open":248.61,"high":248.74,"low":248.49,"close":248.6,"volume":1977,"time":"2022-05-17T09:52:00.000Z","is_complete":true},{"open":248.59,"high":248.6,"low":248.49,"close":248.57,"volume":1704,"time":"2022-05-17T09:53:00.000Z","is_complete":true},{"open":248.58,"high":248.7,"low":248.5,"close":248.51,"volume":2072,"time":"2022-05-17T09:54:00.000Z","is_complete":true},{"open":248.51,"high":248.59,"low":248.51,"close":248.52,"volume":571,"time":"2022-05-17T09:55:00.000Z","is_complete":true},{"open":248.57,"high":248.58,"low":248.51,"close":248.55,"volume":732,"time":"2022-05-17T09:56:00.000Z","is_complete":true},{"open":248.57,"high":248.58,"low":248.55,"close":248.58,"volume":609,"time":"2022-05-17T09:57:00.000Z","is_complete":true},{"open":248.55,"high":248.65,"low":248.51,"close":248.6,"volume":2216,"time":"2022-05-17T09:58:00.000Z","is_complete":true},{"open":248.55,"high":248.64,"low":248.51,"close":248.52,"volume":851,"time":"2022-05-17T09:59:00.000Z","is_complete":true},{"open":248.54,"high":248.55,"low":248.17,"close":248.21,"volume":9470,"time":"2022-05-17T10:00:00.000Z","is_complete":true},{"open":248.21,"high":248.38,"low":248.05,"close":248.05,"volume":2252,"time":"2022-05-17T10:01:00.000Z","is_complete":true},{"open":248.1,"high":248.15,"low":247.8,"close":247.9,"volume":9971,"time":"2022-05-17T10:02:00.000Z","is_complete":true},{"open":247.95,"high":248.04,"low":247.88,"close":247.93,"volume":2221,"time":"2022-05-17T10:03:00.000Z","is_complete":true},{"open":247.93,"high":248,"low":247.81,"close":247.81,"volume":2123,"time":"2022-05-17T10:04:00.000Z","is_complete":true},{"open":247.84,"high":247.97,"low":247.72,"close":247.9,"volume":2942,"time":"2022-05-17T10:05:00.000Z","is_complete":true},{"open":247.9,"high":248.32,"low":247.7,"close":248.2,"volume":5617,"time":"2022-05-17T10:06:00.000Z","is_complete":true},{"open":248.16,"high":248.16,"low":247.88,"close":248,"volume":1811,"time":"2022-05-17T10:07:00.000Z","is_complete":true},{"open":248.14,"high":248.19,"low":247.95,"close":248,"volume":699,"time":"2022-05-17T10:08:00.000Z","is_complete":true},{"open":248,"high":248.1,"low":247.82,"close":247.97,"volume":2340,"time":"2022-05-17T10:09:00.000Z","is_complete":true},{"open":247.97,"high":248.17,"low":247.81,"close":248.17,"volume":3293,"time":"2022-05-17T10:10:00.000Z","is_complete":true},{"open":248.13,"high":248.13,"low":247.98,"close":248,"volume":815,"time":"2022-05-17T10:11:00.000Z","is_complete":true},{"open":248,"high":248,"low":247.85,"close":247.97,"volume":764,"time":"2022-05-17T10:12:00.000Z","is_complete":true},{"open":247.95,"high":247.97,"low":247.95,"close":247.95,"volume":354,"time":"2022-05-17T10:13:00.000Z","is_complete":true},{"open":247.95,"high":247.99,"low":247.81,"close":247.94,"volume":1173,"time":"2022-05-17T10:14:00.000Z","is_complete":true},{"open":247.95,"high":247.99,"low":247.8,"close":247.89,"volume":1524,"time":"2022-05-17T10:15:00.000Z","is_complete":true},{"open":247.82,"high":247.95,"low":247.8,"close":247.83,"volume":2039,"time":"2022-05-17T10:16:00.000Z","is_complete":true},{"open":247.83,"high":247.83,"low":247.8,"close":247.8,"volume":1428,"time":"2022-05-17T10:17:00.000Z","is_complete":true},{"open":247.82,"high":247.9,"low":247.6,"close":247.76,"volume":7334,"time":"2022-05-17T10:18:00.000Z","is_complete":true},{"open":247.71,"high":247.88,"low":247.15,"close":247.44,"volume":23769,"time":"2022-05-17T10:19:00.000Z","is_complete":true},{"open":247.45,"high":247.47,"low":247.25,"close":247.47,"volume":5082,"time":"2022-05-17T10:20:00.000Z","is_complete":true},{"open":247.47,"high":247.6,"low":247.42,"close":247.6,"volume":3340,"time":"2022-05-17T10:21:00.000Z","is_complete":true},{"open":247.6,"high":247.76,"low":247.51,"close":247.67,"volume":2687,"time":"2022-05-17T10:22:00.000Z","is_complete":true},{"open":247.67,"high":247.77,"low":247.6,"close":247.77,"volume":2035,"time":"2022-05-17T10:23:00.000Z","is_complete":true},{"open":247.77,"high":247.82,"low":247.6,"close":247.79,"volume":1052,"time":"2022-05-17T10:24:00.000Z","is_complete":true},{"open":247.79,"high":247.95,"low":247.63,"close":247.95,"volume":1469,"time":"2022-05-17T10:25:00.000Z","is_complete":true},{"open":247.95,"high":247.99,"low":247.81,"close":247.99,"volume":3193,"time":"2022-05-17T10:26:00.000Z","is_complete":true},{"open":247.99,"high":248.1,"low":247.93,"close":248.09,"volume":3244,"time":"2022-05-17T10:27:00.000Z","is_complete":true},{"open":248.08,"high":248.29,"low":248,"close":248.15,"volume":3371,"time":"2022-05-17T10:28:00.000Z","is_complete":true},{"open":248.09,"high":248.2,"low":248.01,"close":248.2,"volume":1768,"time":"2022-05-17T10:29:00.000Z","is_complete":true},{"open":248.18,"high":248.49,"low":248.18,"close":248.49,"volume":4386,"time":"2022-05-17T10:30:00.000Z","is_complete":true},{"open":248.48,"high":248.6,"low":248.39,"close":248.56,"volume":3664,"time":"2022-05-17T10:31:00.000Z","is_complete":true},{"open":248.6,"high":248.69,"low":248.51,"close":248.66,"volume":4181,"time":"2022-05-17T10:32:00.000Z","is_complete":true},{"open":248.59,"high":248.64,"low":248.38,"close":248.5,"volume":2271,"time":"2022-05-17T10:33:00.000Z","is_complete":true},{"open":248.38,"high":248.5,"low":248.23,"close":248.25,"volume":1019,"time":"2022-05-17T10:34:00.000Z","is_complete":true},{"open":248.23,"high":248.29,"low":247.91,"close":248.08,"volume":2453,"time":"2022-05-17T10:35:00.000Z","is_complete":true},{"open":248.08,"high":248.17,"low":248.03,"close":248.03,"volume":2350,"time":"2022-05-17T10:36:00.000Z","is_complete":true},{"open":248.03,"high":248.13,"low":247.91,"close":247.99,"volume":3886,"time":"2022-05-17T10:37:00.000Z","is_complete":true},{"open":248,"high":248.16,"low":247.91,"close":247.96,"volume":1941,"time":"2022-05-17T10:38:00.000Z","is_complete":true},{"open":247.96,"high":248.11,"low":247.96,"close":248.01,"volume":1130,"time":"2022-05-17T10:39:00.000Z","is_complete":true},{"open":248.02,"high":248.1,"low":248.01,"close":248.05,"volume":510,"time":"2022-05-17T10:40:00.000Z","is_complete":true},{"open":248.09,"high":248.15,"low":248.01,"close":248.12,"volume":977,"time":"2022-05-17T10:41:00.000Z","is_complete":true},{"open":248.15,"high":248.46,"low":248.07,"close":248.35,"volume":2376,"time":"2022-05-17T10:42:00.000Z","is_complete":true},{"open":248.38,"high":248.45,"low":248.3,"close":248.3,"volume":604,"time":"2022-05-17T10:43:00.000Z","is_complete":true},{"open":248.39,"high":248.5,"low":248.29,"close":248.44,"volume":3459,"time":"2022-05-17T10:44:00.000Z","is_complete":true},{"open":248.42,"high":248.49,"low":248.3,"close":248.4,"volume":1020,"time":"2022-05-17T10:45:00.000Z","is_complete":true},{"open":248.4,"high":248.55,"low":248.3,"close":248.4,"volume":1418,"time":"2022-05-17T10:46:00.000Z","is_complete":true},{"open":248.47,"high":248.49,"low":248.3,"close":248.3,"volume":174,"time":"2022-05-17T10:47:00.000Z","is_complete":true},{"open":248.35,"high":248.49,"low":248.28,"close":248.49,"volume":1184,"time":"2022-05-17T10:48:00.000Z","is_complete":true},{"open":248.5,"high":248.5,"low":248.18,"close":248.36,"volume":1163,"time":"2022-05-17T10:49:00.000Z","is_complete":true},{"open":248.36,"high":248.37,"low":248.19,"close":248.24,"volume":580,"time":"2022-05-17T10:50:00.000Z","is_complete":true},{"open":248.22,"high":248.34,"low":248.15,"close":248.15,"volume":602,"time":"2022-05-17T10:51:00.000Z","is_complete":true},{"open":248.15,"high":248.2,"low":248.12,"close":248.13,"volume":1101,"time":"2022-05-17T10:52:00.000Z","is_complete":true},{"open":248.2,"high":248.2,"low":248.13,"close":248.13,"volume":573,"time":"2022-05-17T10:53:00.000Z","is_complete":true},{"open":248.15,"high":248.15,"low":248.13,"close":248.14,"volume":158,"time":"2022-05-17T10:54:00.000Z","is_complete":true},{"open":248.13,"high":248.15,"low":248.05,"close":248.15,"volume":370,"time":"2022-05-17T10:55:00.000Z","is_complete":true},{"open":248.11,"high":248.11,"low":248.01,"close":248.07,"volume":686,"time":"2022-05-17T10:56:00.000Z","is_complete":true},{"open":248.08,"high":248.09,"low":248,"close":248.01,"volume":1697,"time":"2022-05-17T10:57:00.000Z","is_complete":true},{"open":248,"high":248.01,"low":248,"close":248.01,"volume":1440,"time":"2022-05-17T10:58:00.000Z","is_complete":true},{"open":248.01,"high":248.15,"low":248,"close":248.01,"volume":1965,"time":"2022-05-17T10:59:00.000Z","is_complete":true},{"open":248.05,"high":248.11,"low":248,"close":248.01,"volume":2970,"time":"2022-05-17T11:00:00.000Z","is_complete":true},{"open":248.01,"high":248.08,"low":248.01,"close":248.07,"volume":770,"time":"2022-05-17T11:01:00.000Z","is_complete":true},{"open":248.06,"high":248.08,"low":248.04,"close":248.04,"volume":354,"time":"2022-05-17T11:02:00.000Z","is_complete":true},{"open":248.04,"high":248.18,"low":248.01,"close":248.08,"volume":1513,"time":"2022-05-17T11:03:00.000Z","is_complete":true},{"open":248.09,"high":248.16,"low":248.03,"close":248.03,"volume":692,"time":"2022-05-17T11:04:00.000Z","is_complete":true},{"open":248.04,"high":248.05,"low":248.01,"close":248.03,"volume":2258,"time":"2022-05-17T11:05:00.000Z","is_complete":true},{"open":248.05,"high":248.18,"low":248.05,"close":248.1,"volume":883,"time":"2022-05-17T11:06:00.000Z","is_complete":true},{"open":248.1,"high":248.19,"low":248.1,"close":248.19,"volume":918,"time":"2022-05-17T11:07:00.000Z","is_complete":true},{"open":248.19,"high":248.5,"low":248.19,"close":248.42,"volume":3599,"time":"2022-05-17T11:08:00.000Z","is_complete":true},{"open":248.42,"high":248.5,"low":248.42,"close":248.5,"volume":1038,"time":"2022-05-17T11:09:00.000Z","is_complete":true},{"open":248.49,"high":248.65,"low":248.49,"close":248.65,"volume":2472,"time":"2022-05-17T11:10:00.000Z","is_complete":true},{"open":248.64,"high":248.67,"low":248.5,"close":248.55,"volume":1672,"time":"2022-05-17T11:11:00.000Z","is_complete":true},{"open":248.55,"high":248.65,"low":248.4,"close":248.51,"volume":2185,"time":"2022-05-17T11:12:00.000Z","is_complete":true},{"open":248.51,"high":248.65,"low":248.51,"close":248.58,"volume":572,"time":"2022-05-17T11:13:00.000Z","is_complete":true},{"open":248.58,"high":248.6,"low":248.43,"close":248.55,"volume":1169,"time":"2022-05-17T11:14:00.000Z","is_complete":true},{"open":248.45,"high":248.55,"low":248.19,"close":248.35,"volume":2690,"time":"2022-05-17T11:15:00.000Z","is_complete":true},{"open":248.23,"high":248.36,"low":248.2,"close":248.24,"volume":295,"time":"2022-05-17T11:16:00.000Z","is_complete":true},{"open":248.34,"high":248.34,"low":248.2,"close":248.24,"volume":335,"time":"2022-05-17T11:17:00.000Z","is_complete":true},{"open":248.21,"high":248.35,"low":248.15,"close":248.27,"volume":1143,"time":"2022-05-17T11:18:00.000Z","is_complete":true},{"open":248.16,"high":248.45,"low":248.16,"close":248.42,"volume":721,"time":"2022-05-17T11:19:00.000Z","is_complete":true},{"open":248.42,"high":248.45,"low":248.3,"close":248.41,"volume":198,"time":"2022-05-17T11:20:00.000Z","is_complete":true},{"open":248.4,"high":248.4,"low":248.18,"close":248.31,"volume":1142,"time":"2022-05-17T11:21:00.000Z","is_complete":true},{"open":248.3,"high":248.37,"low":248.2,"close":248.2,"volume":1445,"time":"2022-05-17T11:22:00.000Z","is_complete":true},{"open":248.21,"high":248.21,"low":248,"close":248,"volume":9117,"time":"2022-05-17T11:23:00.000Z","is_complete":true},{"open":248,"high":248.08,"low":247.8,"close":247.85,"volume":4398,"time":"2022-05-17T11:24:00.000Z","is_complete":true},{"open":247.81,"high":247.96,"low":247.8,"close":247.95,"volume":1353,"time":"2022-05-17T11:25:00.000Z","is_complete":true},{"open":247.96,"high":248.08,"low":247.95,"close":248.05,"volume":2438,"time":"2022-05-17T11:26:00.000Z","is_complete":true},{"open":248.02,"high":248.23,"low":248.02,"close":248.11,"volume":1742,"time":"2022-05-17T11:27:00.000Z","is_complete":true},{"open":248.11,"high":248.18,"low":248,"close":248.1,"volume":1236,"time":"2022-05-17T11:28:00.000Z","is_complete":true},{"open":248.04,"high":248.26,"low":248,"close":248.1,"volume":1726,"time":"2022-05-17T11:29:00.000Z","is_complete":true},{"open":248.03,"high":248.17,"low":248.01,"close":248.17,"volume":343,"time":"2022-05-17T11:30:00.000Z","is_complete":true},{"open":248.17,"high":248.17,"low":248.05,"close":248.06,"volume":301,"time":"2022-05-17T11:31:00.000Z","is_complete":true},{"open":248.08,"high":248.22,"low":248.05,"close":248.15,"volume":1213,"time":"2022-05-17T11:32:00.000Z","is_complete":true},{"open":248.15,"high":248.22,"low":248.04,"close":248.04,"volume":2335,"time":"2022-05-17T11:33:00.000Z","is_complete":true},{"open":248.04,"high":248.18,"low":248.04,"close":248.08,"volume":588,"time":"2022-05-17T11:34:00.000Z","is_complete":true},{"open":248.08,"high":248.12,"low":248.03,"close":248.03,"volume":1812,"time":"2022-05-17T11:35:00.000Z","is_complete":true},{"open":248.03,"high":248.15,"low":248.03,"close":248.08,"volume":601,"time":"2022-05-17T11:36:00.000Z","is_complete":true},{"open":248.08,"high":248.08,"low":248.03,"close":248.03,"volume":474,"time":"2022-05-17T11:37:00.000Z","is_complete":true},{"open":248.03,"high":248.07,"low":248.01,"close":248.01,"volume":297,"time":"2022-05-17T11:38:00.000Z","is_complete":true},{"open":248.03,"high":248.06,"low":248.01,"close":248.02,"volume":1388,"time":"2022-05-17T11:39:00.000Z","is_complete":true},{"open":248.01,"high":248.02,"low":247.9,"close":247.9,"volume":2716,"time":"2022-05-17T11:40:00.000Z","is_complete":true},{"open":248,"high":248,"low":247.89,"close":247.92,"volume":2237,"time":"2022-05-17T11:41:00.000Z","is_complete":true},{"open":247.92,"high":247.97,"low":247.92,"close":247.93,"volume":775,"time":"2022-05-17T11:42:00.000Z","is_complete":true},{"open":247.96,"high":247.97,"low":247.89,"close":247.96,"volume":3147,"time":"2022-05-17T11:43:00.000Z","is_complete":true},{"open":247.9,"high":248,"low":247.9,"close":247.96,"volume":2611,"time":"2022-05-17T11:44:00.000Z","is_complete":true},{"open":247.9,"high":248,"low":247.7,"close":247.7,"volume":6148,"time":"2022-05-17T11:45:00.000Z","is_complete":true},{"open":247.7,"high":247.89,"low":247.7,"close":247.7,"volume":1251,"time":"2022-05-17T11:46:00.000Z","is_complete":true},{"open":247.72,"high":247.97,"low":247.7,"close":247.96,"volume":711,"time":"2022-05-17T11:47:00.000Z","is_complete":true},{"open":247.96,"high":247.96,"low":247.8,"close":247.85,"volume":542,"time":"2022-05-17T11:48:00.000Z","is_complete":true},{"open":247.85,"high":247.94,"low":247.82,"close":247.93,"volume":263,"time":"2022-05-17T11:49:00.000Z","is_complete":true},{"open":247.93,"high":247.93,"low":247.71,"close":247.71,"volume":1707,"time":"2022-05-17T11:50:00.000Z","is_complete":true},{"open":247.81,"high":247.93,"low":247.8,"close":247.84,"volume":1060,"time":"2022-05-17T11:51:00.000Z","is_complete":true},{"open":247.82,"high":247.93,"low":247.8,"close":247.89,"volume":423,"time":"2022-05-17T11:52:00.000Z","is_complete":true},{"open":247.9,"high":248.02,"low":247.89,"close":247.92,"volume":1184,"time":"2022-05-17T11:53:00.000Z","is_complete":true},{"open":247.92,"high":248.06,"low":247.92,"close":248,"volume":1694,"time":"2022-05-17T11:54:00.000Z","is_complete":true},{"open":248,"high":248,"low":247.82,"close":247.82,"volume":788,"time":"2022-05-17T11:55:00.000Z","is_complete":true},{"open":247.9,"high":247.91,"low":247.74,"close":247.75,"volume":960,"time":"2022-05-17T11:56:00.000Z","is_complete":true},{"open":247.87,"high":247.9,"low":247.74,"close":247.83,"volume":388,"time":"2022-05-17T11:57:00.000Z","is_complete":true},{"open":247.84,"high":247.97,"low":247.74,"close":247.96,"volume":1179,"time":"2022-05-17T11:58:00.000Z","is_complete":true},{"open":247.9,"high":247.94,"low":247.74,"close":247.8,"volume":641,"time":"2022-05-17T11:59:00.000Z","is_complete":true},{"open":247.75,"high":247.78,"low":247.61,"close":247.66,"volume":4015,"time":"2022-05-17T12:00:00.000Z","is_complete":true},{"open":247.66,"high":247.68,"low":247.15,"close":247.33,"volume":24386,"time":"2022-05-17T12:01:00.000Z","is_complete":true},{"open":247.33,"high":247.43,"low":247.15,"close":247.2,"volume":24353,"time":"2022-05-17T12:02:00.000Z","is_complete":true},{"open":247.15,"high":247.49,"low":247.15,"close":247.16,"volume":24519,"time":"2022-05-17T12:03:00.000Z","is_complete":true},{"open":247.16,"high":247.28,"low":247.15,"close":247.16,"volume":11611,"time":"2022-05-17T12:04:00.000Z","is_complete":true},{"open":247.19,"high":247.45,"low":247.15,"close":247.39,"volume":12567,"time":"2022-05-17T12:05:00.000Z","is_complete":true},{"open":247.39,"high":247.7,"low":247.37,"close":247.64,"volume":3880,"time":"2022-05-17T12:06:00.000Z","is_complete":true},{"open":247.64,"high":247.72,"low":247.45,"close":247.62,"volume":1860,"time":"2022-05-17T12:07:00.000Z","is_complete":true},{"open":247.56,"high":247.87,"low":247.45,"close":247.87,"volume":4576,"time":"2022-05-17T12:08:00.000Z","is_complete":true},{"open":247.85,"high":247.9,"low":247.7,"close":247.8,"volume":3509,"time":"2022-05-17T12:09:00.000Z","is_complete":true},{"open":247.7,"high":247.93,"low":247.7,"close":247.9,"volume":1935,"time":"2022-05-17T12:10:00.000Z","is_complete":true},{"open":247.9,"high":248.38,"low":247.9,"close":248.13,"volume":19702,"time":"2022-05-17T12:11:00.000Z","is_complete":true},{"open":248.03,"high":248.25,"low":247.89,"close":248,"volume":4983,"time":"2022-05-17T12:12:00.000Z","is_complete":true},{"open":247.9,"high":247.98,"low":247.54,"close":247.54,"volume":5560,"time":"2022-05-17T12:13:00.000Z","is_complete":true},{"open":247.54,"high":247.64,"low":247.45,"close":247.48,"volume":3884,"time":"2022-05-17T12:14:00.000Z","is_complete":true},{"open":247.47,"high":247.58,"low":247.35,"close":247.36,"volume":3424,"time":"2022-05-17T12:15:00.000Z","is_complete":true},{"open":247.36,"high":247.5,"low":247.26,"close":247.5,"volume":5197,"time":"2022-05-17T12:16:00.000Z","is_complete":true},{"open":247.41,"high":247.5,"low":247.25,"close":247.29,"volume":3086,"time":"2022-05-17T12:17:00.000Z","is_complete":true},{"open":247.25,"high":247.42,"low":247.15,"close":247.25,"volume":17374,"time":"2022-05-17T12:18:00.000Z","is_complete":true},{"open":247.19,"high":247.3,"low":247.15,"close":247.2,"volume":2760,"time":"2022-05-17T12:19:00.000Z","is_complete":true},{"open":247.18,"high":247.44,"low":247.15,"close":247.22,"volume":45173,"time":"2022-05-17T12:20:00.000Z","is_complete":true},{"open":247.3,"high":247.38,"low":247.22,"close":247.25,"volume":1122,"time":"2022-05-17T12:21:00.000Z","is_complete":true},{"open":247.25,"high":247.3,"low":247.18,"close":247.24,"volume":2268,"time":"2022-05-17T12:22:00.000Z","is_complete":true},{"open":247.24,"high":247.37,"low":247.18,"close":247.36,"volume":3870,"time":"2022-05-17T12:23:00.000Z","is_complete":true},{"open":247.36,"high":247.37,"low":247.17,"close":247.17,"volume":3011,"time":"2022-05-17T12:24:00.000Z","is_complete":true},{"open":247.18,"high":247.24,"low":247.16,"close":247.2,"volume":3168,"time":"2022-05-17T12:25:00.000Z","is_complete":true},{"open":247.22,"high":247.32,"low":247.15,"close":247.17,"volume":6223,"time":"2022-05-17T12:26:00.000Z","is_complete":true},{"open":247.19,"high":247.2,"low":247.15,"close":247.18,"volume":1288,"time":"2022-05-17T12:27:00.000Z","is_complete":true},{"open":247.18,"high":247.25,"low":247.16,"close":247.16,"volume":1355,"time":"2022-05-17T12:28:00.000Z","is_complete":true},{"open":247.16,"high":247.19,"low":247.15,"close":247.17,"volume":6783,"time":"2022-05-17T12:29:00.000Z","is_complete":true},{"open":247.16,"high":247.17,"low":247.15,"close":247.16,"volume":2282,"time":"2022-05-17T12:30:00.000Z","is_complete":true},{"open":247.16,"high":247.2,"low":247.15,"close":247.19,"volume":6104,"time":"2022-05-17T12:31:00.000Z","is_complete":true},{"open":247.19,"high":247.41,"low":247.15,"close":247.4,"volume":7475,"time":"2022-05-17T12:32:00.000Z","is_complete":true},{"open":247.4,"high":247.41,"low":247.27,"close":247.33,"volume":2549,"time":"2022-05-17T12:33:00.000Z","is_complete":true},{"open":247.31,"high":247.37,"low":247.21,"close":247.32,"volume":422,"time":"2022-05-17T12:34:00.000Z","is_complete":true},{"open":247.28,"high":247.28,"low":247.19,"close":247.19,"volume":1257,"time":"2022-05-17T12:35:00.000Z","is_complete":true},{"open":247.19,"high":247.39,"low":247.15,"close":247.16,"volume":5064,"time":"2022-05-17T12:36:00.000Z","is_complete":true},{"open":247.15,"high":247.41,"low":247.15,"close":247.4,"volume":3137,"time":"2022-05-17T12:37:00.000Z","is_complete":true},{"open":247.4,"high":247.45,"low":247.33,"close":247.37,"volume":715,"time":"2022-05-17T12:38:00.000Z","is_complete":true},{"open":247.33,"high":247.39,"low":247.32,"close":247.32,"volume":1178,"time":"2022-05-17T12:39:00.000Z","is_complete":true},{"open":247.32,"high":247.4,"low":247.2,"close":247.28,"volume":5783,"time":"2022-05-17T12:40:00.000Z","is_complete":true},{"open":247.21,"high":247.29,"low":247.2,"close":247.29,"volume":518,"time":"2022-05-17T12:41:00.000Z","is_complete":true},{"open":247.29,"high":247.29,"low":247.21,"close":247.27,"volume":1718,"time":"2022-05-17T12:42:00.000Z","is_complete":true},{"open":247.25,"high":247.29,"low":247.15,"close":247.2,"volume":1348,"time":"2022-05-17T12:43:00.000Z","is_complete":true},{"open":247.2,"high":247.43,"low":247.19,"close":247.21,"volume":3746,"time":"2022-05-17T12:44:00.000Z","is_complete":true},{"open":247.21,"high":247.38,"low":247.2,"close":247.32,"volume":861,"time":"2022-05-17T12:45:00.000Z","is_complete":true},{"open":247.24,"high":247.38,"low":247.2,"close":247.21,"volume":1485,"time":"2022-05-17T12:46:00.000Z","is_complete":true},{"open":247.2,"high":247.21,"low":247.19,"close":247.2,"volume":1387,"time":"2022-05-17T12:47:00.000Z","is_complete":true},{"open":247.2,"high":247.2,"low":247.15,"close":247.15,"volume":4955,"time":"2022-05-17T12:48:00.000Z","is_complete":true},{"open":247.17,"high":247.42,"low":247.17,"close":247.37,"volume":5010,"time":"2022-05-17T12:49:00.000Z","is_complete":true},{"open":247.32,"high":247.4,"low":247.3,"close":247.34,"volume":1688,"time":"2022-05-17T12:50:00.000Z","is_complete":true},{"open":247.38,"high":247.38,"low":247.23,"close":247.24,"volume":1294,"time":"2022-05-17T12:51:00.000Z","is_complete":true},{"open":247.32,"high":247.48,"low":247.24,"close":247.4,"volume":3790,"time":"2022-05-17T12:52:00.000Z","is_complete":true},{"open":247.4,"high":247.6,"low":247.4,"close":247.41,"volume":6780,"time":"2022-05-17T12:53:00.000Z","is_complete":true},{"open":247.41,"high":247.7,"low":247.41,"close":247.65,"volume":4245,"time":"2022-05-17T12:54:00.000Z","is_complete":true},{"open":247.65,"high":247.65,"low":247.45,"close":247.52,"volume":1297,"time":"2022-05-17T12:55:00.000Z","is_complete":true},{"open":247.53,"high":247.64,"low":247.5,"close":247.54,"volume":1248,"time":"2022-05-17T12:56:00.000Z","is_complete":true},{"open":247.55,"high":247.65,"low":247.5,"close":247.55,"volume":1290,"time":"2022-05-17T12:57:00.000Z","is_complete":true},{"open":247.55,"high":247.65,"low":247.5,"close":247.51,"volume":1070,"time":"2022-05-17T12:58:00.000Z","is_complete":true},{"open":247.57,"high":247.63,"low":247.5,"close":247.58,"volume":666,"time":"2022-05-17T12:59:00.000Z","is_complete":true},{"open":247.58,"high":247.65,"low":247.54,"close":247.57,"volume":982,"time":"2022-05-17T13:00:00.000Z","is_complete":true},{"open":247.63,"high":247.64,"low":247.56,"close":247.6,"volume":475,"time":"2022-05-17T13:01:00.000Z","is_complete":true},{"open":247.6,"high":247.6,"low":247.5,"close":247.58,"volume":2561,"time":"2022-05-17T13:02:00.000Z","is_complete":true},{"open":247.57,"high":247.57,"low":247.22,"close":247.22,"volume":4993,"time":"2022-05-17T13:03:00.000Z","is_complete":true},{"open":247.22,"high":247.29,"low":247.16,"close":247.29,"volume":5752,"time":"2022-05-17T13:04:00.000Z","is_complete":true},{"open":247.29,"high":248,"low":247.24,"close":247.98,"volume":33285,"time":"2022-05-17T13:05:00.000Z","is_complete":true},{"open":248,"high":248.28,"low":247.65,"close":248.16,"volume":19001,"time":"2022-05-17T13:06:00.000Z","is_complete":true},{"open":248.18,"high":249.57,"low":248.03,"close":249.39,"volume":126226,"time":"2022-05-17T13:07:00.000Z","is_complete":true},{"open":249.31,"high":249.9,"low":248.85,"close":249.79,"volume":122144,"time":"2022-05-17T13:08:00.000Z","is_complete":true},{"open":249.79,"high":250.78,"low":249,"close":249.75,"volume":151138,"time":"2022-05-17T13:09:00.000Z","is_complete":true},{"open":249.75,"high":250.9,"low":249.26,"close":250.89,"volume":75113,"time":"2022-05-17T13:10:00.000Z","is_complete":true},{"open":250.71,"high":252,"low":250.67,"close":251.9,"volume":55262,"time":"2022-05-17T13:11:00.000Z","is_complete":true},{"open":251.9,"high":252.26,"low":251.01,"close":251.8,"volume":89296,"time":"2022-05-17T13:12:00.000Z","is_complete":true},{"open":251.84,"high":253.45,"low":251.78,"close":252.99,"volume":90989,"time":"2022-05-17T13:13:00.000Z","is_complete":true},{"open":252.72,"high":253.29,"low":251.73,"close":252.9,"volume":47556,"time":"2022-05-17T13:14:00.000Z","is_complete":true},{"open":252.83,"high":254.87,"low":252.78,"close":254.69,"volume":97643,"time":"2022-05-17T13:15:00.000Z","is_complete":true},{"open":254.69,"high":255.84,"low":254.25,"close":254.5,"volume":192928,"time":"2022-05-17T13:16:00.000Z","is_complete":true},{"open":254.66,"high":255.5,"low":253.59,"close":253.9,"volume":75716,"time":"2022-05-17T13:17:00.000Z","is_complete":true},{"open":253.91,"high":254.16,"low":252.77,"close":253.31,"volume":55022,"time":"2022-05-17T13:18:00.000Z","is_complete":true},{"open":253.44,"high":254.5,"low":253.27,"close":253.61,"volume":51448,"time":"2022-05-17T13:19:00.000Z","is_complete":true},{"open":253.61,"high":253.95,"low":253.15,"close":253.21,"volume":23128,"time":"2022-05-17T13:20:00.000Z","is_complete":true},{"open":253.41,"high":254.16,"low":253.25,"close":253.76,"volume":25414,"time":"2022-05-17T13:21:00.000Z","is_complete":true},{"open":253.73,"high":253.99,"low":253.32,"close":253.99,"volume":20530,"time":"2022-05-17T13:22:00.000Z","is_complete":true},{"open":253.97,"high":254.86,"low":253.88,"close":254.72,"volume":58870,"time":"2022-05-17T13:23:00.000Z","is_complete":true},{"open":254.65,"high":254.86,"low":254.55,"close":254.7,"volume":20067,"time":"2022-05-17T13:24:00.000Z","is_complete":true},{"open":254.79,"high":254.79,"low":253.61,"close":253.87,"volume":38610,"time":"2022-05-17T13:25:00.000Z","is_complete":true},{"open":253.87,"high":254.32,"low":253.74,"close":253.74,"volume":11929,"time":"2022-05-17T13:26:00.000Z","is_complete":true},{"open":253.84,"high":253.94,"low":253.14,"close":253.61,"volume":22012,"time":"2022-05-17T13:27:00.000Z","is_complete":true},{"open":253.62,"high":253.85,"low":253.1,"close":253.3,"volume":18671,"time":"2022-05-17T13:28:00.000Z","is_complete":true},{"open":253.49,"high":253.55,"low":253.21,"close":253.55,"volume":11429,"time":"2022-05-17T13:29:00.000Z","is_complete":true},{"open":253.55,"high":253.82,"low":253.41,"close":253.82,"volume":20816,"time":"2022-05-17T13:30:00.000Z","is_complete":true},{"open":253.82,"high":254,"low":253.66,"close":253.9,"volume":10264,"time":"2022-05-17T13:31:00.000Z","is_complete":true},{"open":253.9,"high":253.92,"low":253.42,"close":253.56,"volume":11632,"time":"2022-05-17T13:32:00.000Z","is_complete":true},{"open":253.6,"high":253.95,"low":253.5,"close":253.95,"volume":7418,"time":"2022-05-17T13:33:00.000Z","is_complete":true},{"open":253.69,"high":253.87,"low":253.5,"close":253.75,"volume":5664,"time":"2022-05-17T13:34:00.000Z","is_complete":true},{"open":253.62,"high":254.2,"low":253.6,"close":254,"volume":23737,"time":"2022-05-17T13:35:00.000Z","is_complete":true},{"open":254.2,"high":254.43,"low":253.96,"close":254.43,"volume":20213,"time":"2022-05-17T13:36:00.000Z","is_complete":true},{"open":254.42,"high":254.7,"low":254.32,"close":254.58,"volume":17538,"time":"2022-05-17T13:37:00.000Z","is_complete":true},{"open":254.58,"high":254.6,"low":254.05,"close":254.22,"volume":16637,"time":"2022-05-17T13:38:00.000Z","is_complete":true},{"open":254.39,"high":254.73,"low":254.21,"close":254.69,"volume":15930,"time":"2022-05-17T13:39:00.000Z","is_complete":true},{"open":254.67,"high":255.11,"low":254.67,"close":255.09,"volume":62088,"time":"2022-05-17T13:40:00.000Z","is_complete":true},{"open":255.11,"high":255.31,"low":254.64,"close":255.2,"volume":32010,"time":"2022-05-17T13:41:00.000Z","is_complete":true},{"open":255.2,"high":255.35,"low":254.66,"close":254.97,"volume":29199,"time":"2022-05-17T13:42:00.000Z","is_complete":true},{"open":254.97,"high":255.19,"low":254.77,"close":255.01,"volume":10124,"time":"2022-05-17T13:43:00.000Z","is_complete":true},{"open":255.1,"high":255.35,"low":255,"close":255.22,"volume":12545,"time":"2022-05-17T13:44:00.000Z","is_complete":true},{"open":255.12,"high":256.44,"low":255.11,"close":256.01,"volume":68288,"time":"2022-05-17T13:45:00.000Z","is_complete":true},{"open":256.11,"high":256.4,"low":255.61,"close":256.4,"volume":41202,"time":"2022-05-17T13:46:00.000Z","is_complete":true},{"open":256.4,"high":257,"low":256,"close":257,"volume":41413,"time":"2022-05-17T13:47:00.000Z","is_complete":true},{"open":257,"high":258.7,"low":256.63,"close":258,"volume":121966,"time":"2022-05-17T13:48:00.000Z","is_complete":true},{"open":257.97,"high":258.2,"low":257.03,"close":258.1,"volume":31151,"time":"2022-05-17T13:49:00.000Z","is_complete":true},{"open":258,"high":258.12,"low":257.01,"close":257.05,"volume":29608,"time":"2022-05-17T13:50:00.000Z","is_complete":true},{"open":257.05,"high":258.2,"low":256.56,"close":258.2,"volume":31360,"time":"2022-05-17T13:51:00.000Z","is_complete":true},{"open":258.18,"high":258.28,"low":257.8,"close":257.9,"volume":24669,"time":"2022-05-17T13:52:00.000Z","is_complete":true},{"open":257.93,"high":258.18,"low":257.3,"close":257.3,"volume":19782,"time":"2022-05-17T13:53:00.000Z","is_complete":true},{"open":257.3,"high":258,"low":257.1,"close":257.51,"volume":17369,"time":"2022-05-17T13:54:00.000Z","is_complete":true},{"open":257.5,"high":258.8,"low":257.35,"close":258.25,"volume":42929,"time":"2022-05-17T13:55:00.000Z","is_complete":true},{"open":258.25,"high":258.73,"low":258.2,"close":258.4,"volume":23956,"time":"2022-05-17T13:56:00.000Z","is_complete":true},{"open":258.49,"high":259,"low":258.12,"close":259,"volume":34209,"time":"2022-05-17T13:57:00.000Z","is_complete":true},{"open":259,"high":259.3,"low":258.75,"close":259.11,"volume":45759,"time":"2022-05-17T13:58:00.000Z","is_complete":true},{"open":259.13,"high":259.34,"low":258.7,"close":258.99,"volume":26951,"time":"2022-05-17T13:59:00.000Z","is_complete":true},{"open":258.99,"high":259.59,"low":258.82,"close":259.49,"volume":31650,"time":"2022-05-17T14:00:00.000Z","is_complete":true},{"open":259.47,"high":259.89,"low":259.44,"close":259.89,"volume":30615,"time":"2022-05-17T14:01:00.000Z","is_complete":true},{"open":259.89,"high":260,"low":259.62,"close":260,"volume":55437,"time":"2022-05-17T14:02:00.000Z","is_complete":true},{"open":260,"high":260,"low":258.51,"close":258.55,"volume":79288,"time":"2022-05-17T14:03:00.000Z","is_complete":true},{"open":258.55,"high":258.98,"low":257.51,"close":258.2,"volume":47725,"time":"2022-05-17T14:04:00.000Z","is_complete":true},{"open":258.2,"high":258.4,"low":257.5,"close":257.6,"volume":31210,"time":"2022-05-17T14:05:00.000Z","is_complete":true},{"open":257.6,"high":258.6,"low":257.58,"close":257.85,"volume":21498,"time":"2022-05-17T14:06:00.000Z","is_complete":true},{"open":257.88,"high":258.4,"low":257.86,"close":258.16,"volume":10517,"time":"2022-05-17T14:07:00.000Z","is_complete":true},{"open":258.2,"high":258.5,"low":257.7,"close":257.94,"volume":16514,"time":"2022-05-17T14:08:00.000Z","is_complete":true},{"open":258,"high":258.27,"low":257.86,"close":258.2,"volume":10503,"time":"2022-05-17T14:09:00.000Z","is_complete":true},{"open":258.1,"high":258.1,"low":257.2,"close":257.2,"volume":28551,"time":"2022-05-17T14:10:00.000Z","is_complete":true},{"open":257.21,"high":257.49,"low":256.51,"close":256.75,"volume":43471,"time":"2022-05-17T14:11:00.000Z","is_complete":true},{"open":256.72,"high":257.2,"low":256.25,"close":257.06,"volume":27340,"time":"2022-05-17T14:12:00.000Z","is_complete":true},{"open":257.14,"high":257.21,"low":256.5,"close":256.52,"volume":15113,"time":"2022-05-17T14:13:00.000Z","is_complete":true},{"open":256.53,"high":256.99,"low":256.46,"close":256.87,"volume":14611,"time":"2022-05-17T14:14:00.000Z","is_complete":true},{"open":256.79,"high":257.4,"low":256.6,"close":257.1,"volume":17758,"time":"2022-05-17T14:15:00.000Z","is_complete":true},{"open":257.1,"high":257.49,"low":256.57,"close":256.57,"volume":23553,"time":"2022-05-17T14:16:00.000Z","is_complete":true},{"open":256.57,"high":257.36,"low":256.57,"close":257.18,"volume":11386,"time":"2022-05-17T14:17:00.000Z","is_complete":true},{"open":257.19,"high":257.72,"low":257.18,"close":257.66,"volume":11041,"time":"2022-05-17T14:18:00.000Z","is_complete":true},{"open":257.6,"high":257.7,"low":257.35,"close":257.35,"volume":7613,"time":"2022-05-17T14:19:00.000Z","is_complete":true},{"open":257.39,"high":257.39,"low":256.3,"close":256.38,"volume":17164,"time":"2022-05-17T14:20:00.000Z","is_complete":true},{"open":256.5,"high":256.71,"low":256.2,"close":256.33,"volume":10862,"time":"2022-05-17T14:21:00.000Z","is_complete":true},{"open":256.34,"high":256.78,"low":256.21,"close":256.68,"volume":10748,"time":"2022-05-17T14:22:00.000Z","is_complete":true},{"open":256.67,"high":256.84,"low":256.5,"close":256.68,"volume":6819,"time":"2022-05-17T14:23:00.000Z","is_complete":true},{"open":256.63,"high":256.63,"low":256.32,"close":256.4,"volume":6018,"time":"2022-05-17T14:24:00.000Z","is_complete":true},{"open":256.46,"high":256.75,"low":256.4,"close":256.55,"volume":10356,"time":"2022-05-17T14:25:00.000Z","is_complete":true},{"open":256.63,"high":257,"low":256.63,"close":256.81,"volume":12704,"time":"2022-05-17T14:26:00.000Z","is_complete":true},{"open":256.95,"high":257.2,"low":256.8,"close":257.12,"volume":10190,"time":"2022-05-17T14:27:00.000Z","is_complete":true},{"open":256.93,"high":257.19,"low":256.83,"close":257,"volume":7047,"time":"2022-05-17T14:28:00.000Z","is_complete":true},{"open":257.05,"high":257.49,"low":256.95,"close":257.49,"volume":10280,"time":"2022-05-17T14:29:00.000Z","is_complete":true},{"open":257.36,"high":257.9,"low":257.31,"close":257.9,"volume":13355,"time":"2022-05-17T14:30:00.000Z","is_complete":true},{"open":257.9,"high":258,"low":257.08,"close":257.54,"volume":16866,"time":"2022-05-17T14:31:00.000Z","is_complete":true},{"open":257.54,"high":257.62,"low":257.29,"close":257.44,"volume":4727,"time":"2022-05-17T14:32:00.000Z","is_complete":true},{"open":257.44,"high":257.45,"low":257.1,"close":257.3,"volume":2932,"time":"2022-05-17T14:33:00.000Z","is_complete":true},{"open":257.14,"high":257.22,"low":257,"close":257,"volume":3994,"time":"2022-05-17T14:34:00.000Z","is_complete":true},{"open":257.01,"high":257.01,"low":256.5,"close":256.54,"volume":14380,"time":"2022-05-17T14:35:00.000Z","is_complete":true},{"open":256.54,"high":256.8,"low":256.5,"close":256.68,"volume":4338,"time":"2022-05-17T14:36:00.000Z","is_complete":true},{"open":256.69,"high":256.75,"low":256.12,"close":256.31,"volume":21738,"time":"2022-05-17T14:37:00.000Z","is_complete":true},{"open":256.31,"high":256.5,"low":256.16,"close":256.17,"volume":6179,"time":"2022-05-17T14:38:00.000Z","is_complete":true},{"open":256.2,"high":256.22,"low":255.83,"close":255.95,"volume":22330,"time":"2022-05-17T14:39:00.000Z","is_complete":true},{"open":255.95,"high":256,"low":255.64,"close":255.77,"volume":9238,"time":"2022-05-17T14:40:00.000Z","is_complete":true},{"open":255.79,"high":255.94,"low":255.54,"close":255.55,"volume":8296,"time":"2022-05-17T14:41:00.000Z","is_complete":true},{"open":255.65,"high":255.74,"low":255.33,"close":255.69,"volume":20338,"time":"2022-05-17T14:42:00.000Z","is_complete":true},{"open":255.69,"high":256.5,"low":255.5,"close":256.49,"volume":16733,"time":"2022-05-17T14:43:00.000Z","is_complete":true},{"open":256.49,"high":256.87,"low":256.31,"close":256.86,"volume":11518,"time":"2022-05-17T14:44:00.000Z","is_complete":true},{"open":256.86,"high":256.87,"low":256.5,"close":256.6,"volume":3195,"time":"2022-05-17T14:45:00.000Z","is_complete":true},{"open":256.57,"high":256.65,"low":256.16,"close":256.16,"volume":8465,"time":"2022-05-17T14:46:00.000Z","is_complete":true},{"open":256.33,"high":256.35,"low":256,"close":256,"volume":2918,"time":"2022-05-17T14:47:00.000Z","is_complete":true},{"open":256.02,"high":256.12,"low":255.51,"close":256,"volume":7250,"time":"2022-05-17T14:48:00.000Z","is_complete":true},{"open":256,"high":256.4,"low":255.9,"close":255.9,"volume":8051,"time":"2022-05-17T14:49:00.000Z","is_complete":true},{"open":255.95,"high":256.25,"low":255.81,"close":255.92,"volume":2766,"time":"2022-05-17T14:50:00.000Z","is_complete":true},{"open":255.99,"high":256.25,"low":255.84,"close":255.9,"volume":9207,"time":"2022-05-17T14:51:00.000Z","is_complete":true},{"open":255.84,"high":255.98,"low":255.81,"close":255.97,"volume":3444,"time":"2022-05-17T14:52:00.000Z","is_complete":true},{"open":255.9,"high":255.99,"low":255.7,"close":255.86,"volume":4924,"time":"2022-05-17T14:53:00.000Z","is_complete":true},{"open":255.98,"high":256.46,"low":255.9,"close":256.23,"volume":14771,"time":"2022-05-17T14:54:00.000Z","is_complete":true},{"open":256.22,"high":256.5,"low":256.05,"close":256.5,"volume":7343,"time":"2022-05-17T14:55:00.000Z","is_complete":true},{"open":256.5,"high":256.77,"low":256.4,"close":256.53,"volume":5763,"time":"2022-05-17T14:56:00.000Z","is_complete":true},{"open":256.68,"high":256.87,"low":256.53,"close":256.69,"volume":12718,"time":"2022-05-17T14:57:00.000Z","is_complete":true},{"open":256.7,"high":256.96,"low":256.69,"close":256.85,"volume":4706,"time":"2022-05-17T14:58:00.000Z","is_complete":true},{"open":256.86,"high":256.95,"low":256.7,"close":256.87,"volume":5335,"time":"2022-05-17T14:59:00.000Z","is_complete":true},{"open":256.87,"high":257.12,"low":256.8,"close":257.1,"volume":12471,"time":"2022-05-17T15:00:00.000Z","is_complete":true},{"open":257.1,"high":257.12,"low":256.29,"close":256.36,"volume":8817,"time":"2022-05-17T15:01:00.000Z","is_complete":true},{"open":256.5,"high":256.97,"low":256.39,"close":256.9,"volume":3470,"time":"2022-05-17T15:02:00.000Z","is_complete":true},{"open":256.8,"high":256.95,"low":256.53,"close":256.71,"volume":2210,"time":"2022-05-17T15:03:00.000Z","is_complete":true},{"open":256.79,"high":256.94,"low":256.5,"close":256.66,"volume":3189,"time":"2022-05-17T15:04:00.000Z","is_complete":true},{"open":256.67,"high":256.73,"low":256.26,"close":256.61,"volume":6459,"time":"2022-05-17T15:05:00.000Z","is_complete":true},{"open":256.5,"high":256.64,"low":256.24,"close":256.38,"volume":3086,"time":"2022-05-17T15:06:00.000Z","is_complete":true},{"open":256.28,"high":256.73,"low":256.15,"close":256.73,"volume":6749,"time":"2022-05-17T15:07:00.000Z","is_complete":true},{"open":256.73,"high":256.99,"low":256.64,"close":256.92,"volume":8232,"time":"2022-05-17T15:08:00.000Z","is_complete":true},{"open":256.79,"high":256.99,"low":256.69,"close":256.85,"volume":2610,"time":"2022-05-17T15:09:00.000Z","is_complete":true},{"open":256.84,"high":256.99,"low":256.7,"close":256.83,"volume":2640,"time":"2022-05-17T15:10:00.000Z","is_complete":true},{"open":256.74,"high":257.15,"low":256.6,"close":257.14,"volume":12212,"time":"2022-05-17T15:11:00.000Z","is_complete":true},{"open":257.14,"high":257.17,"low":257,"close":257,"volume":6998,"time":"2022-05-17T15:12:00.000Z","is_complete":true},{"open":257,"high":257.6,"low":257,"close":257.6,"volume":11812,"time":"2022-05-17T15:13:00.000Z","is_complete":true},{"open":257.58,"high":257.84,"low":257.5,"close":257.59,"volume":8423,"time":"2022-05-17T15:14:00.000Z","is_complete":true},{"open":257.59,"high":257.61,"low":256.68,"close":256.73,"volume":9967,"time":"2022-05-17T15:15:00.000Z","is_complete":true},{"open":256.77,"high":257,"low":256.75,"close":257,"volume":4110,"time":"2022-05-17T15:16:00.000Z","is_complete":true},{"open":257,"high":257.3,"low":256.88,"close":257.18,"volume":2785,"time":"2022-05-17T15:17:00.000Z","is_complete":true},{"open":257.18,"high":257.22,"low":256.82,"close":256.86,"volume":9576,"time":"2022-05-17T15:18:00.000Z","is_complete":true},{"open":256.9,"high":257.06,"low":256.82,"close":256.98,"volume":2226,"time":"2022-05-17T15:19:00.000Z","is_complete":true},{"open":256.98,"high":257.18,"low":256.83,"close":257.15,"volume":3008,"time":"2022-05-17T15:20:00.000Z","is_complete":true},{"open":257.18,"high":257.49,"low":257.15,"close":257.49,"volume":4239,"time":"2022-05-17T15:21:00.000Z","is_complete":true},{"open":257.48,"high":257.69,"low":257.43,"close":257.43,"volume":5251,"time":"2022-05-17T15:22:00.000Z","is_complete":true},{"open":257.43,"high":257.64,"low":257.14,"close":257.58,"volume":5969,"time":"2022-05-17T15:23:00.000Z","is_complete":true},{"open":257.58,"high":257.76,"low":257.49,"close":257.76,"volume":6923,"time":"2022-05-17T15:24:00.000Z","is_complete":true},{"open":257.76,"high":257.86,"low":257.64,"close":257.7,"volume":6415,"time":"2022-05-17T15:25:00.000Z","is_complete":true},{"open":257.7,"high":257.85,"low":257.6,"close":257.75,"volume":7060,"time":"2022-05-17T15:26:00.000Z","is_complete":true},{"open":257.65,"high":257.88,"low":257.2,"close":257.8,"volume":15445,"time":"2022-05-17T15:27:00.000Z","is_complete":true},{"open":257.79,"high":257.88,"low":257.52,"close":257.77,"volume":4566,"time":"2022-05-17T15:28:00.000Z","is_complete":true},{"open":257.77,"high":258.25,"low":257.73,"close":258.15,"volume":24741,"time":"2022-05-17T15:29:00.000Z","is_complete":true},{"open":258.15,"high":258.3,"low":257.9,"close":258.12,"volume":10359,"time":"2022-05-17T15:30:00.000Z","is_complete":true},{"open":258.14,"high":258.4,"low":258.06,"close":258.39,"volume":12351,"time":"2022-05-17T15:31:00.000Z","is_complete":true},{"open":258.37,"high":258.65,"low":258.16,"close":258.63,"volume":16617,"time":"2022-05-17T15:32:00.000Z","is_complete":true},{"open":258.63,"high":258.8,"low":258.42,"close":258.75,"volume":8452,"time":"2022-05-17T15:33:00.000Z","is_complete":true},{"open":258.75,"high":259,"low":258.65,"close":259,"volume":30070,"time":"2022-05-17T15:34:00.000Z","is_complete":true},{"open":259,"high":259.16,"low":258.13,"close":258.49,"volume":62377,"time":"2022-05-17T15:35:00.000Z","is_complete":true},{"open":258.33,"high":258.81,"low":258.32,"close":258.6,"volume":9822,"time":"2022-05-17T15:36:00.000Z","is_complete":true},{"open":258.6,"high":258.65,"low":258.46,"close":258.51,"volume":16115,"time":"2022-05-17T15:37:00.000Z","is_complete":true},{"open":258.64,"high":259.1,"low":258.01,"close":258.1,"volume":38713,"time":"2022-05-17T15:38:00.000Z","is_complete":true},{"open":258.4,"high":258.99,"low":258.06,"close":258.8,"volume":11802,"time":"2022-05-17T15:39:00.000Z","is_complete":true},{"open":258.8,"high":258.8,"low":258.8,"close":258.8,"volume":25895,"time":"2022-05-17T15:45:00.000Z","is_complete":true},{"open":258.8,"high":258.8,"low":258.8,"close":258.8,"volume":2609,"time":"2022-05-17T15:46:00.000Z","is_complete":true},{"open":258.8,"high":258.8,"low":258.8,"close":258.8,"volume":603,"time":"2022-05-17T15:47:00.000Z","is_complete":true},{"open":258.8,"high":258.8,"low":258.8,"close":258.8,"volume":844,"time":"2022-05-17T15:48:00.000Z","is_complete":true},{"open":258.8,"high":258.8,"low":258.8,"close":258.8,"volume":1924,"time":"2022-05-17T15:49:00.000Z","is_complete":true}]}