{"candles":[{"open":141,"high":141.18,"low":139.85,"close":140.9,"volume":31271,"time":"2022-05-18T07:00:00.000Z","is_complete":true},{"open":140.7,"high":140.9,"low":140.11,"close":140.41,"volume":19544,"time":"2022-05-18T07:01:00.000Z","is_complete":true},{"open":140.39,"high":140.45,"low":140.24,"close":140.3,"volume":4795,"time":"2022-05-18T07:02:00.000Z","is_complete":true},{"open":140.39,"high":140.54,"low":140.38,"close":140.54,"volume":7954,"time":"2022-05-18T07:03:00.000Z","is_complete":true},{"open":140.42,"high":140.7,"low":140.42,"close":140.69,"volume":2842,"time":"2022-05-18T07:04:00.000Z","is_complete":true},{"open":140.69,"high":141.05,"low":140.61,"close":141,"volume":14241,"time":"2022-05-18T07:05:00.000Z","is_complete":true},{"open":141.03,"high":141.37,"low":141.01,"close":141.14,"volume":6160,"time":"2022-05-18T07:06:00.000Z","is_complete":true},{"open":141.2,"high":141.59,"low":141.2,"close":141.59,"volume":14181,"time":"2022-05-18T07:07:00.000Z","is_complete":true},{"open":141.51,"high":142.02,"low":141.51,"close":142,"volume":29073,"time":"2022-05-18T07:08:00.000Z","is_complete":true},{"open":142.05,"high":142.78,"low":142.01,"close":142.53,"volume":33966,"time":"2022-05-18T07:09:00.000Z","is_complete":true},{"open":142.61,"high":142.9,"low":142.6,"close":142.85,"volume":13005,"time":"2022-05-18T07:10:00.000Z","is_complete":true},{"open":142.68,"high":142.9,"low":142.5,"close":142.51,"volume":22658,"time":"2022-05-18T07:11:00.000Z","is_complete":true},{"open":142.5,"high":142.68,"low":141.29,"close":141.75,"volume":19093,"time":"2022-05-18T07:12:00.000Z","is_complete":true},{"open":141.83,"high":142.37,"low":141.75,"close":142,"volume":15073,"time":"2022-05-18T07:13:00.000Z","is_complete":true},{"open":141.9,"high":142,"low":141.75,"close":142,"volume":8712,"time":"2022-05-18T07:14:00.000Z","is_complete":true},{"open":141.98,"high":142,"low":141.81,"close":141.81,"volume":5094,"time":"2022-05-18T07:15:00.000Z","is_complete":true},{"open":141.99,"high":142.77,"low":141.97,"close":142.38,"volume":18032,"time":"2022-05-18T07:16:00.000Z","is_complete":true},{"open":142.36,"high":142.58,"low":142.23,"close":142.38,"volume":6605,"time":"2022-05-18T07:17:00.000Z","is_complete":true},{"open":142.49,"high":142.5,"low":142.02,"close":142.22,"volume":7460,"time":"2022-05-18T07:18:00.000Z","is_complete":true},{"open":142.24,"high":142.34,"low":142,"close":142.15,"volume":8240,"time":"2022-05-18T07:19:00.000Z","is_complete":true},{"open":142.15,"high":142.89,"low":142.15,"close":142.48,"volume":25819,"time":"2022-05-18T07:20:00.000Z","is_complete":true},{"open":142.6,"high":142.6,"low":142.48,"close":142.52,"volume":280,"time":"2022-05-18T07:21:00.000Z","is_complete":true},{"open":142.5,"high":142.6,"low":142.42,"close":142.6,"volume":2817,"time":"2022-05-18T07:22:00.000Z","is_complete":true},{"open":142.6,"high":142.7,"low":142.52,"close":142.61,"volume":3116,"time":"2022-05-18T07:23:00.000Z","is_complete":true},{"open":142.6,"high":142.65,"low":142.42,"close":142.6,"volume":3839,"time":"2022-05-18T07:24:00.000Z","is_complete":true},{"open":142.42,"high":142.89,"low":142.42,"close":142.59,"volume":5606,"time":"2022-05-18T07:25:00.000Z","is_complete":true},{"open":142.59,"high":142.59,"low":142.1,"close":142.1,"volume":9372,"time":"2022-05-18T07:26:00.000Z","is_complete":true},{"open":142.15,"high":142.5,"low":141.84,"close":141.9,"volume":19214,"time":"2022-05-18T07:27:00.000Z","is_complete":true},{"open":142.02,"high":142.02,"low":141.74,"close":141.75,"volume":19353,"time":"2022-05-18T07:28:00.000Z","is_complete":true},{"open":141.75,"high":141.82,"low":141.55,"close":141.58,"volume":2818,"time":"2022-05-18T07:29:00.000Z","is_complete":true},{"open":141.58,"high":142,"low":141.51,"close":141.97,"volume":15205,"time":"2022-05-18T07:30:00.000Z","is_complete":true},{"open":141.82,"high":142,"low":141.78,"close":141.99,"volume":3059,"time":"2022-05-18T07:31:00.000Z","is_complete":true},{"open":141.99,"high":141.99,"low":141.82,"close":141.9,"volume":2193,"time":"2022-05-18T07:32:00.000Z","is_complete":true},{"open":141.9,"high":141.96,"low":141.8,"close":141.9,"volume":1588,"time":"2022-05-18T07:33:00.000Z","is_complete":true},{"open":141.89,"high":142.04,"low":141.8,"close":141.83,"volume":615,"time":"2022-05-18T07:34:00.000Z","is_complete":true},{"open":141.83,"high":141.99,"low":141.81,"close":141.85,"volume":1421,"time":"2022-05-18T07:35:00.000Z","is_complete":true},{"open":141.84,"high":142.05,"low":141.84,"close":142.05,"volume":11335,"time":"2022-05-18T07:36:00.000Z","is_complete":true},{"open":142.04,"high":142.05,"low":141.84,"close":142.05,"volume":23342,"time":"2022-05-18T07:37:00.000Z","is_complete":true},{"open":142.1,"high":142.24,"low":142.04,"close":142.16,"volume":7932,"time":"2022-05-18T07:38:00.000Z","is_complete":true},{"open":142.16,"high":142.2,"low":142.07,"close":142.2,"volume":14912,"time":"2022-05-18T07:39:00.000Z","is_complete":true},{"open":142.2,"high":142.2,"low":142.07,"close":142.2,"volume":12053,"time":"2022-05-18T07:40:00.000Z","is_complete":true},{"open":142.2,"high":142.2,"low":142.11,"close":142.2,"volume":1255,"time":"2022-05-18T07:41:00.000Z","is_complete":true},{"open":142.19,"high":142.19,"low":142.1,"close":142.1,"volume":10331,"time":"2022-05-18T07:42:00.000Z","is_complete":true},{"open":142.18,"high":142.19,"low":142.1,"close":142.1,"volume":318,"time":"2022-05-18T07:43:00.000Z","is_complete":true},{"open":142.12,"high":142.19,"low":142.1,"close":142.19,"volume":698,"time":"2022-05-18T07:44:00.000Z","is_complete":true},{"open":142.19,"high":142.29,"low":142.1,"close":142.29,"volume":4132,"time":"2022-05-18T07:45:00.000Z","is_complete":true},{"open":142.18,"high":142.3,"low":142.16,"close":142.2,"volume":1663,"time":"2022-05-18T07:46:00.000Z","is_complete":true},{"open":142.2,"high":142.2,"low":142.13,"close":142.13,"volume":1866,"time":"2022-05-18T07:47:00.000Z","is_complete":true},{"open":142.19,"high":142.25,"low":142.13,"close":142.16,"volume":1986,"time":"2022-05-18T07:48:00.000Z","is_complete":true},{"open":142.2,"high":142.25,"low":142.16,"close":142.16,"volume":1665,"time":"2022-05-18T07:49:00.000Z","is_complete":true},{"open":142.22,"high":142.23,"low":142.22,"close":142.23,"volume":1634,"time":"2022-05-18T07:50:00.000Z","is_complete":true},{"open":142.23,"high":142.23,"low":142.16,"close":142.17,"volume":1418,"time":"2022-05-18T07:51:00.000Z","is_complete":true},{"open":142.17,"high":142.2,"low":142.17,"close":142.2,"volume":175,"time":"2022-05-18T07:52:00.000Z","is_complete":true},{"open":142.2,"high":142.2,"low":142.17,"close":142.17,"volume":916,"time":"2022-05-18T07:53:00.000Z","is_complete":true},{"open":142.17,"high":142.2,"low":141.71,"close":141.83,"volume":23140,"time":"2022-05-18T07:54:00.000Z","is_complete":true},{"open":141.99,"high":141.99,"low":141.03,"close":141.06,"volume":43562,"time":"2022-05-18T07:55:00.000Z","is_complete":true},{"open":141.32,"high":141.5,"low":141.22,"close":141.5,"volume":12538,"time":"2022-05-18T07:56:00.000Z","is_complete":true},{"open":141.56,"high":141.82,"low":141.26,"close":141.27,"volume":4519,"time":"2022-05-18T07:57:00.000Z","is_complete":true},{"open":141.5,"high":141.58,"low":141.09,"close":141.09,"volume":7943,"time":"2022-05-18T07:58:00.000Z","is_complete":true},{"open":141.3,"high":141.43,"low":141.13,"close":141.37,"volume":959,"time":"2022-05-18T07:59:00.000Z","is_complete":true},{"open":141.37,"high":141.37,"low":141.3,"close":141.3,"volume":1149,"time":"2022-05-18T08:00:00.000Z","is_complete":true},{"open":141.35,"high":141.36,"low":141.01,"close":141.3,"volume":21834,"time":"2022-05-18T08:01:00.000Z","is_complete":true},{"open":141.2,"high":141.28,"low":141.06,"close":141.15,"volume":1086,"time":"2022-05-18T08:02:00.000Z","is_complete":true},{"open":141.19,"high":141.34,"low":141.04,"close":141.17,"volume":2587,"time":"2022-05-18T08:03:00.000Z","is_complete":true},{"open":141.11,"high":141.17,"low":141,"close":141,"volume":15001,"time":"2022-05-18T08:04:00.000Z","is_complete":true},{"open":141.03,"high":141.1,"low":140.9,"close":141,"volume":16989,"time":"2022-05-18T08:05:00.000Z","is_complete":true},{"open":141,"high":141.2,"low":140.9,"close":141.2,"volume":8718,"time":"2022-05-18T08:06:00.000Z","is_complete":true},{"open":141.19,"high":141.34,"low":141.1,"close":141.3,"volume":5505,"time":"2022-05-18T08:07:00.000Z","is_complete":true},{"open":141.29,"high":141.29,"low":141,"close":141.05,"volume":5109,"time":"2022-05-18T08:08:00.000Z","is_complete":true},{"open":141.15,"high":141.2,"low":140.87,"close":140.87,"volume":4663,"time":"2022-05-18T08:09:00.000Z","is_complete":true},{"open":140.89,"high":141.06,"low":140.87,"close":141,"volume":4151,"time":"2022-05-18T08:10:00.000Z","is_complete":true},{"open":140.98,"high":141,"low":140.88,"close":141,"volume":745,"time":"2022-05-18T08:11:00.000Z","is_complete":true},{"open":141,"high":141.82,"low":140.95,"close":141.4,"volume":22407,"time":"2022-05-18T08:12:00.000Z","is_complete":true},{"open":141.5,"high":142,"low":141.37,"close":141.67,"volume":9852,"time":"2022-05-18T08:13:00.000Z","is_complete":true},{"open":141.85,"high":141.85,"low":141.18,"close":141.18,"volume":3737,"time":"2022-05-18T08:14:00.000Z","is_complete":true},{"open":141.32,"high":141.46,"low":141.13,"close":141.22,"volume":1317,"time":"2022-05-18T08:15:00.000Z","is_complete":true},{"open":141.24,"high":141.5,"low":141.07,"close":141.49,"volume":8701,"time":"2022-05-18T08:16:00.000Z","is_complete":true},{"open":141.48,"high":141.5,"low":141.21,"close":141.49,"volume":6013,"time":"2022-05-18T08:17:00.000Z","is_complete":true},{"open":141.49,"high":141.49,"low":141.4,"close":141.4,"volume":250,"time":"2022-05-18T08:18:00.000Z","is_complete":true},{"open":141.4,"high":141.4,"low":141.23,"close":141.4,"volume":264,"time":"2022-05-18T08:19:00.000Z","is_complete":true},{"open":141.4,"high":141.48,"low":141.23,"close":141.48,"volume":3907,"time":"2022-05-18T08:20:00.000Z","is_complete":true},{"open":141.47,"high":141.47,"low":141.21,"close":141.29,"volume":2596,"time":"2022-05-18T08:21:00.000Z","is_complete":true},{"open":141.3,"high":141.48,"low":141.21,"close":141.29,"volume":2741,"time":"2022-05-18T08:22:00.000Z","is_complete":true},{"open":141.29,"high":141.29,"low":141.13,"close":141.2,"volume":5406,"time":"2022-05-18T08:23:00.000Z","is_complete":true},{"open":141.13,"high":141.13,"low":140.9,"close":140.91,"volume":10707,"time":"2022-05-18T08:24:00.000Z","is_complete":true},{"open":141,"high":141.04,"low":140.91,"close":140.98,"volume":217,"time":"2022-05-18T08:25:00.000Z","is_complete":true},{"open":140.93,"high":140.93,"low":140.7,"close":140.7,"volume":17020,"time":"2022-05-18T08:26:00.000Z","is_complete":true},{"open":140.9,"high":140.93,"low":140.61,"close":140.62,"volume":12844,"time":"2022-05-18T08:27:00.000Z","is_complete":true},{"open":140.7,"high":140.87,"low":140.63,"close":140.84,"volume":1536,"time":"2022-05-18T08:28:00.000Z","is_complete":true},{"open":140.84,"high":140.96,"low":140.62,"close":140.7,"volume":15869,"time":"2022-05-18T08:29:00.000Z","is_complete":true},{"open":140.82,"high":140.85,"low":140.8,"close":140.8,"volume":1016,"time":"2022-05-18T08:30:00.000Z","is_complete":true},{"open":140.8,"high":140.89,"low":140.7,"close":140.7,"volume":4182,"time":"2022-05-18T08:31:00.000Z","is_complete":true},{"open":140.71,"high":140.8,"low":140.68,"close":140.8,"volume":2427,"time":"2022-05-18T08:32:00.000Z","is_complete":true},{"open":140.8,"high":140.8,"low":140.71,"close":140.8,"volume":134,"time":"2022-05-18T08:33:00.000Z","is_complete":true},{"open":140.71,"high":140.79,"low":140.63,"close":140.7,"volume":863,"time":"2022-05-18T08:34:00.000Z","is_complete":true},{"open":140.7,"high":140.8,"low":140.69,"close":140.8,"volume":2386,"time":"2022-05-18T08:35:00.000Z","is_complete":true},{"open":140.8,"high":140.81,"low":140.77,"close":140.8,"volume":7219,"time":"2022-05-18T08:36:00.000Z","is_complete":true},{"open":140.78,"high":140.9,"low":140.71,"close":140.81,"volume":5475,"time":"2022-05-18T08:37:00.000Z","is_complete":true},{"open":140.8,"high":140.9,"low":140.7,"close":140.9,"volume":14282,"time":"2022-05-18T08:38:00.000Z","is_complete":true},{"open":140.94,"high":141.48,"low":140.94,"close":141.47,"volume":18273,"time":"2022-05-18T08:39:00.000Z","is_complete":true},{"open":141.47,"high":141.48,"low":141.31,"close":141.47,"volume":1434,"time":"2022-05-18T08:40:00.000Z","is_complete":true},{"open":141.4,"high":141.45,"low":141.13,"close":141.13,"volume":4877,"time":"2022-05-18T08:41:00.000Z","is_complete":true},{"open":141.31,"high":141.4,"low":141.23,"close":141.23,"volume":2480,"time":"2022-05-18T08:42:00.000Z","is_complete":true},{"open":141.3,"high":141.39,"low":141.1,"close":141.34,"volume":6094,"time":"2022-05-18T08:43:00.000Z","is_complete":true},{"open":141.2,"high":141.33,"low":140.99,"close":140.99,"volume":7903,"time":"2022-05-18T08:44:00.000Z","is_complete":true},{"open":140.99,"high":141,"low":140.95,"close":141,"volume":2018,"time":"2022-05-18T08:45:00.000Z","is_complete":true},{"open":140.93,"high":141,"low":140.93,"close":141,"volume":1008,"time":"2022-05-18T08:46:00.000Z","is_complete":true},{"open":141,"high":141,"low":140.81,"close":140.98,"volume":2452,"time":"2022-05-18T08:47:00.000Z","is_complete":true},{"open":140.98,"high":141.11,"low":140.98,"close":141.11,"volume":3072,"time":"2022-05-18T08:48:00.000Z","is_complete":true},{"open":141,"high":141.12,"low":141,"close":141.12,"volume":69,"time":"2022-05-18T08:49:00.000Z","is_complete":true},{"open":141.2,"high":141.25,"low":141.12,"close":141.24,"volume":1115,"time":"2022-05-18T08:50:00.000Z","is_complete":true},{"open":141.23,"high":141.29,"low":141.03,"close":141.29,"volume":1586,"time":"2022-05-18T08:51:00.000Z","is_complete":true},{"open":141.05,"high":141.05,"low":140.91,"close":141.05,"volume":251,"time":"2022-05-18T08:52:00.000Z","is_complete":true},{"open":141,"high":141.05,"low":140.85,"close":140.9,"volume":1093,"time":"2022-05-18T08:53:00.000Z","is_complete":true},{"open":140.83,"high":141.15,"low":140.83,"close":140.91,"volume":2048,"time":"2022-05-18T08:54:00.000Z","is_complete":true},{"open":141.03,"high":141.04,"low":140.9,"close":140.98,"volume":21,"time":"2022-05-18T08:55:00.000Z","is_complete":true},{"open":140.98,"high":140.98,"low":140.92,"close":140.93,"volume":269,"time":"2022-05-18T08:56:00.000Z","is_complete":true},{"open":140.93,"high":141.11,"low":140.88,"close":141.11,"volume":1465,"time":"2022-05-18T08:57:00.000Z","is_complete":true},{"open":140.91,"high":140.91,"low":140.84,"close":140.86,"volume":327,"time":"2022-05-18T08:58:00.000Z","is_complete":true},{"open":140.86,"high":141.01,"low":140.77,"close":140.81,"volume":8375,"time":"2022-05-18T08:59:00.000Z","is_complete":true},{"open":140.88,"high":140.92,"low":140.8,"close":140.92,"volume":263,"time":"2022-05-18T09:00:00.000Z","is_complete":true},{"open":140.93,"high":141.1,"low":140.93,"close":141,"volume":1843,"time":"2022-05-18T09:01:00.000Z","is_complete":true},{"open":141.02,"high":141.09,"low":140.83,"close":140.83,"volume":10274,"time":"2022-05-18T09:02:00.000Z","is_complete":true},{"open":140.86,"high":140.95,"low":140.81,"close":140.94,"volume":232,"time":"2022-05-18T09:03:00.000Z","is_complete":true},{"open":140.91,"high":140.95,"low":140.7,"close":140.8,"volume":14800,"time":"2022-05-18T09:04:00.000Z","is_complete":true},{"open":140.78,"high":140.8,"low":140.4,"close":140.41,"volume":24650,"time":"2022-05-18T09:05:00.000Z","is_complete":true},{"open":140.41,"high":140.53,"low":140.41,"close":140.5,"volume":4053,"time":"2022-05-18T09:06:00.000Z","is_complete":true},{"open":140.54,"high":140.6,"low":140.08,"close":140.32,"volume":13658,"time":"2022-05-18T09:07:00.000Z","is_complete":true},{"open":140.33,"high":140.37,"low":140.1,"close":140.12,"volume":2475,"time":"2022-05-18T09:08:00.000Z","is_complete":true},{"open":140.25,"high":140.26,"low":140.07,"close":140.11,"volume":8605,"time":"2022-05-18T09:09:00.000Z","is_complete":true},{"open":140.12,"high":140.21,"low":140,"close":140.14,"volume":20191,"time":"2022-05-18T09:10:00.000Z","is_complete":true},{"open":140.04,"high":140.12,"low":139.67,"close":139.67,"volume":28387,"time":"2022-05-18T09:11:00.000Z","is_complete":true},{"open":139.72,"high":140.08,"low":139.69,"close":140.07,"volume":24642,"time":"2022-05-18T09:12:00.000Z","is_complete":true},{"open":140.04,"high":140.14,"low":140.04,"close":140.14,"volume":102,"time":"2022-05-18T09:13:00.000Z","is_complete":true},{"open":140.14,"high":140.17,"low":140.1,"close":140.17,"volume":226,"time":"2022-05-18T09:14:00.000Z","is_complete":true},{"open":140.17,"high":140.36,"low":140.17,"close":140.19,"volume":1548,"time":"2022-05-18T09:15:00.000Z","is_complete":true},{"open":140.28,"high":140.75,"low":140.19,"close":140.4,"volume":4968,"time":"2022-05-18T09:16:00.000Z","is_complete":true},{"open":140.52,"high":140.57,"low":140.3,"close":140.44,"volume":1544,"time":"2022-05-18T09:17:00.000Z","is_complete":true},{"open":140.44,"high":140.45,"low":140.2,"close":140.21,"volume":2771,"time":"2022-05-18T09:18:00.000Z","is_complete":true},{"open":140.39,"high":140.39,"low":140.23,"close":140.35,"volume":1083,"time":"2022-05-18T09:19:00.000Z","is_complete":true},{"open":140.27,"high":140.35,"low":140.23,"close":140.25,"volume":889,"time":"2022-05-18T09:20:00.000Z","is_complete":true},{"open":140.24,"high":140.37,"low":140.01,"close":140.1,"volume":10846,"time":"2022-05-18T09:21:00.000Z","is_complete":true},{"open":140.2,"high":140.2,"low":140.03,"close":140.03,"volume":863,"time":"2022-05-18T09:22:00.000Z","is_complete":true},{"open":140.17,"high":140.17,"low":139.68,"close":139.68,"volume":14307,"time":"2022-05-18T09:23:00.000Z","is_complete":true},{"open":139.68,"high":139.87,"low":139.68,"close":139.7,"volume":7961,"time":"2022-05-18T09:24:00.000Z","is_complete":true},{"open":139.79,"high":139.99,"low":139.5,"close":139.99,"volume":25615,"time":"2022-05-18T09:25:00.000Z","is_complete":true},{"open":139.76,"high":139.8,"low":139.51,"close":139.51,"volume":3769,"time":"2022-05-18T09:26:00.000Z","is_complete":true},{"open":139.51,"high":139.63,"low":139.5,"close":139.6,"volume":4028,"time":"2022-05-18T09:27:00.000Z","is_complete":true},{"open":139.52,"high":139.77,"low":139.5,"close":139.76,"volume":2910,"time":"2022-05-18T09:28:00.000Z","is_complete":true},{"open":139.59,"high":139.76,"low":139.54,"close":139.54,"volume":1456,"time":"2022-05-18T09:29:00.000Z","is_complete":true},{"open":139.72,"high":139.79,"low":139.54,"close":139.7,"volume":1938,"time":"2022-05-18T09:30:00.000Z","is_complete":true},{"open":139.7,"high":140,"low":139.7,"close":139.8,"volume":16846,"time":"2022-05-18T09:31:00.000Z","is_complete":true},{"open":140,"high":140,"low":139.85,"close":140,"volume":21160,"time":"2022-05-18T09:32:00.000Z","is_complete":true},{"open":140,"high":140.48,"low":139.85,"close":140,"volume":32170,"time":"2022-05-18T09:33:00.000Z","is_complete":true},{"open":139.95,"high":140.36,"low":139.86,"close":140.1,"volume":26697,"time":"2022-05-18T09:34:00.000Z","is_complete":true},{"open":140.29,"high":140.44,"low":139.94,"close":140.07,"volume":5824,"time":"2022-05-18T09:35:00.000Z","is_complete":true},{"open":140.07,"high":140.08,"low":139.05,"close":139.53,"volume":43100,"time":"2022-05-18T09:36:00.000Z","is_complete":true},{"open":139.53,"high":139.69,"low":139,"close":139.2,"volume":30972,"time":"2022-05-18T09:37:00.000Z","is_complete":true},{"open":139.4,"high":139.54,"low":139.23,"close":139.5,"volume":3491,"time":"2022-05-18T09:38:00.000Z","is_complete":true},{"open":139.49,"high":139.5,"low":139.1,"close":139.39,"volume":10269,"time":"2022-05-18T09:39:00.000Z","is_complete":true},{"open":139.27,"high":139.5,"low":139.02,"close":139.02,"volume":20923,"time":"2022-05-18T09:40:00.000Z","is_complete":true},{"open":139.2,"high":139.43,"low":139,"close":139.31,"volume":15500,"time":"2022-05-18T09:41:00.000Z","is_complete":true},{"open":139.33,"high":139.37,"low":139.14,"close":139.15,"volume":7393,"time":"2022-05-18T09:42:00.000Z","is_complete":true},{"open":139.28,"high":139.3,"low":139.14,"close":139.16,"volume":3281,"time":"2022-05-18T09:43:00.000Z","is_complete":true},{"open":139.16,"high":139.23,"low":139.14,"close":139.2,"volume":3802,"time":"2022-05-18T09:44:00.000Z","is_complete":true},{"open":139.26,"high":139.37,"low":139.14,"close":139.37,"volume":3158,"time":"2022-05-18T09:45:00.000Z","is_complete":true},{"open":139.22,"high":139.3,"low":139.17,"close":139.3,"volume":660,"time":"2022-05-18T09:46:00.000Z","is_complete":true},{"open":139.21,"high":139.4,"low":139.2,"close":139.4,"volume":4531,"time":"2022-05-18T09:47:00.000Z","is_complete":true},{"open":139.32,"high":139.39,"low":139.3,"close":139.31,"volume":3188,"time":"2022-05-18T09:48:00.000Z","is_complete":true},{"open":139.31,"high":139.32,"low":139.3,"close":139.3,"volume":555,"time":"2022-05-18T09:49:00.000Z","is_complete":true},{"open":139.37,"high":139.39,"low":139.37,"close":139.39,"volume":1062,"time":"2022-05-18T09:50:00.000Z","is_complete":true},{"open":139.39,"high":139.6,"low":139.36,"close":139.6,"volume":8968,"time":"2022-05-18T09:51:00.000Z","is_complete":true},{"open":139.6,"high":139.68,"low":139.41,"close":139.67,"volume":2902,"time":"2022-05-18T09:52:00.000Z","is_complete":true},{"open":139.51,"high":139.79,"low":139.03,"close":139.68,"volume":24368,"time":"2022-05-18T09:53:00.000Z","is_complete":true},{"open":139.27,"high":139.44,"low":139.22,"close":139.39,"volume":654,"time":"2022-05-18T09:54:00.000Z","is_complete":true},{"open":139.39,"high":139.79,"low":139.39,"close":139.5,"volume":7260,"time":"2022-05-18T09:55:00.000Z","is_complete":true},{"open":139.65,"high":139.94,"low":139.45,"close":139.63,"volume":6580,"time":"2022-05-18T09:56:00.000Z","is_complete":true},{"open":139.7,"high":139.7,"low":139.51,"close":139.7,"volume":1182,"time":"2022-05-18T09:57:00.000Z","is_complete":true},{"open":139.68,"high":139.68,"low":139.68,"close":139.68,"volume":1,"time":"2022-05-18T09:58:00.000Z","is_complete":true},{"open":139.65,"high":139.68,"low":139.57,"close":139.68,"volume":602,"time":"2022-05-18T09:59:00.000Z","is_complete":true},{"open":139.67,"high":139.68,"low":139.52,"close":139.68,"volume":1709,"time":"2022-05-18T10:00:00.000Z","is_complete":true},{"open":139.66,"high":139.66,"low":139.66,"close":139.66,"volume":300,"time":"2022-05-18T10:01:00.000Z","is_complete":true},{"open":139.64,"high":139.64,"low":139.3,"close":139.51,"volume":5219,"time":"2022-05-18T10:02:00.000Z","is_complete":true},{"open":139.32,"high":139.5,"low":139.28,"close":139.5,"volume":1758,"time":"2022-05-18T10:03:00.000Z","is_complete":true},{"open":139.34,"high":139.34,"low":139.31,"close":139.33,"volume":407,"time":"2022-05-18T10:04:00.000Z","is_complete":true},{"open":139.43,"high":139.7,"low":139.35,"close":139.5,"volume":5417,"time":"2022-05-18T10:05:00.000Z","is_complete":true},{"open":139.45,"high":139.49,"low":139.2,"close":139.2,"volume":7595,"time":"2022-05-18T10:06:00.000Z","is_complete":true},{"open":139.33,"high":139.36,"low":139.3,"close":139.36,"volume":203,"time":"2022-05-18T10:07:00.000Z","is_complete":true},{"open":139.36,"high":139.5,"low":139.32,"close":139.39,"volume":6392,"time":"2022-05-18T10:08:00.000Z","is_complete":true},{"open":139.49,"high":139.49,"low":139.3,"close":139.3,"volume":7100,"time":"2022-05-18T10:09:00.000Z","is_complete":true},{"open":139.29,"high":139.36,"low":139.29,"close":139.29,"volume":2018,"time":"2022-05-18T10:10:00.000Z","is_complete":true},{"open":139.29,"high":139.3,"low":139.04,"close":139.2,"volume":5528,"time":"2022-05-18T10:11:00.000Z","is_complete":true},{"open":139.19,"high":139.22,"low":139.11,"close":139.11,"volume":1596,"time":"2022-05-18T10:12:00.000Z","is_complete":true},{"open":139.08,"high":139.12,"low":139,"close":139.04,"volume":46435,"time":"2022-05-18T10:13:00.000Z","is_complete":true},{"open":139.02,"high":139.05,"low":139,"close":139.05,"volume":3723,"time":"2022-05-18T10:14:00.000Z","is_complete":true},{"open":139,"high":139.24,"low":139,"close":139.24,"volume":11165,"time":"2022-05-18T10:15:00.000Z","is_complete":true},{"open":139.19,"high":139.31,"low":139.19,"close":139.31,"volume":152,"time":"2022-05-18T10:16:00.000Z","is_complete":true},{"open":139.31,"high":139.4,"low":139.31,"close":139.38,"volume":1489,"time":"2022-05-18T10:17:00.000Z","is_complete":true},{"open":139.38,"high":139.67,"low":139.37,"close":139.67,"volume":17498,"time":"2022-05-18T10:18:00.000Z","is_complete":true},{"open":139.67,"high":139.8,"low":139.55,"close":139.55,"volume":4215,"time":"2022-05-18T10:19:00.000Z","is_complete":true},{"open":139.54,"high":139.6,"low":139.5,"close":139.53,"volume":7348,"time":"2022-05-18T10:20:00.000Z","is_complete":true},{"open":139.58,"high":139.9,"low":139.54,"close":139.8,"volume":15197,"time":"2022-05-18T10:21:00.000Z","is_complete":true},{"open":139.71,"high":139.78,"low":139.51,"close":139.76,"volume":7193,"time":"2022-05-18T10:22:00.000Z","is_complete":true},{"open":139.76,"high":139.9,"low":139.76,"close":139.8,"volume":8274,"time":"2022-05-18T10:23:00.000Z","is_complete":true},{"open":139.89,"high":139.99,"low":139.81,"close":139.93,"volume":5367,"time":"2022-05-18T10:24:00.000Z","is_complete":true},{"open":139.89,"high":139.89,"low":139.77,"close":139.78,"volume":2514,"time":"2022-05-18T10:25:00.000Z","is_complete":true},{"open":139.68,"high":139.68,"low":139.52,"close":139.61,"volume":2807,"time":"2022-05-18T10:26:00.000Z","is_complete":true},{"open":139.66,"high":139.76,"low":139.54,"close":139.56,"volume":528,"time":"2022-05-18T10:27:00.000Z","is_complete":true},{"open":139.58,"high":139.6,"low":139.56,"close":139.6,"volume":106,"time":"2022-05-18T10:28:00.000Z","is_complete":true},{"open":139.68,"high":139.76,"low":139.68,"close":139.71,"volume":1015,"time":"2022-05-18T10:29:00.000Z","is_complete":true},{"open":139.7,"high":139.76,"low":139.57,"close":139.58,"volume":3758,"time":"2022-05-18T10:30:00.000Z","is_complete":true},{"open":139.75,"high":139.79,"low":139.58,"close":139.79,"volume":1263,"time":"2022-05-18T10:31:00.000Z","is_complete":true},{"open":139.74,"high":139.79,"low":139.53,"close":139.53,"volume":6527,"time":"2022-05-18T10:32:00.000Z","is_complete":true},{"open":139.58,"high":139.77,"low":139.5,"close":139.55,"volume":4088,"time":"2022-05-18T10:33:00.000Z","is_complete":true},{"open":139.56,"high":139.57,"low":139.51,"close":139.51,"volume":510,"time":"2022-05-18T10:34:00.000Z","is_complete":true},{"open":139.69,"high":139.72,"low":139.56,"close":139.7,"volume":154,"time":"2022-05-18T10:35:00.000Z","is_complete":true},{"open":139.7,"high":139.71,"low":139.36,"close":139.45,"volume":4109,"time":"2022-05-18T10:36:00.000Z","is_complete":true},{"open":139.45,"high":139.45,"low":139.16,"close":139.43,"volume":8148,"time":"2022-05-18T10:37:00.000Z","is_complete":true},{"open":139.43,"high":139.45,"low":139.26,"close":139.29,"volume":31,"time":"2022-05-18T10:38:00.000Z","is_complete":true},{"open":139.29,"high":139.29,"low":139.2,"close":139.29,"volume":737,"time":"2022-05-18T10:39:00.000Z","is_complete":true},{"open":139.25,"high":139.3,"low":139.25,"close":139.3,"volume":254,"time":"2022-05-18T10:40:00.000Z","is_complete":true},{"open":139.3,"high":139.45,"low":139.16,"close":139.45,"volume":6887,"time":"2022-05-18T10:41:00.000Z","is_complete":true},{"open":139.45,"high":139.49,"low":139.45,"close":139.45,"volume":666,"time":"2022-05-18T10:42:00.000Z","is_complete":true},{"open":139.46,"high":139.47,"low":139.24,"close":139.44,"volume":253,"time":"2022-05-18T10:43:00.000Z","is_complete":true},{"open":139.42,"high":139.46,"low":139.23,"close":139.42,"volume":109,"time":"2022-05-18T10:44:00.000Z","is_complete":true},{"open":139.35,"high":139.4,"low":139.35,"close":139.39,"volume":104,"time":"2022-05-18T10:45:00.000Z","is_complete":true},{"open":139.4,"high":139.4,"low":139.23,"close":139.23,"volume":239,"time":"2022-05-18T10:46:00.000Z","is_complete":true},{"open":139.37,"high":139.39,"low":139.21,"close":139.21,"volume":1043,"time":"2022-05-18T10:47:00.000Z","is_complete":true},{"open":139.34,"high":139.34,"low":139.2,"close":139.33,"volume":805,"time":"2022-05-18T10:48:00.000Z","is_complete":true},{"open":139.36,"high":139.4,"low":139.33,"close":139.33,"volume":1001,"time":"2022-05-18T10:49:00.000Z","is_complete":true},{"open":139.33,"high":139.49,"low":139.31,"close":139.49,"volume":1517,"time":"2022-05-18T10:50:00.000Z","is_complete":true},{"open":139.49,"high":139.5,"low":139.36,"close":139.49,"volume":1227,"time":"2022-05-18T10:51:00.000Z","is_complete":true},{"open":139.4,"high":139.5,"low":139.37,"close":139.37,"volume":94,"time":"2022-05-18T10:52:00.000Z","is_complete":true},{"open":139.48,"high":139.49,"low":139.48,"close":139.49,"volume":45,"time":"2022-05-18T10:53:00.000Z","is_complete":true},{"open":139.48,"high":139.5,"low":139.35,"close":139.5,"volume":1579,"time":"2022-05-18T10:54:00.000Z","is_complete":true},{"open":139.48,"high":139.49,"low":139.4,"close":139.4,"volume":318,"time":"2022-05-18T10:55:00.000Z","is_complete":true},{"open":139.39,"high":139.49,"low":139.39,"close":139.49,"volume":503,"time":"2022-05-18T10:56:00.000Z","is_complete":true},{"open":139.4,"high":139.49,"low":139.4,"close":139.42,"volume":2093,"time":"2022-05-18T10:57:00.000Z","is_complete":true},{"open":139.48,"high":139.48,"low":139.4,"close":139.4,"volume":42,"time":"2022-05-18T10:58:00.000Z","is_complete":true},{"open":139.46,"high":139.49,"low":139.4,"close":139.49,"volume":206,"time":"2022-05-18T10:59:00.000Z","is_complete":true},{"open":139.49,"high":139.5,"low":139.49,"close":139.5,"volume":4644,"time":"2022-05-18T11:00:00.000Z","is_complete":true},{"open":139.54,"high":139.59,"low":139.54,"close":139.59,"volume":13,"time":"2022-05-18T11:01:00.000Z","is_complete":true},{"open":139.58,"high":139.58,"low":139.5,"close":139.5,"volume":360,"time":"2022-05-18T11:02:00.000Z","is_complete":true},{"open":139.56,"high":139.71,"low":139.56,"close":139.6,"volume":2159,"time":"2022-05-18T11:03:00.000Z","is_complete":true},{"open":139.64,"high":139.69,"low":139.5,"close":139.51,"volume":321,"time":"2022-05-18T11:04:00.000Z","is_complete":true},{"open":139.62,"high":139.63,"low":139.45,"close":139.45,"volume":1153,"time":"2022-05-18T11:05:00.000Z","is_complete":true},{"open":139.5,"high":139.6,"low":139.5,"close":139.6,"volume":149,"time":"2022-05-18T11:06:00.000Z","is_complete":true},{"open":139.44,"high":139.6,"low":139.44,"close":139.55,"volume":35,"time":"2022-05-18T11:07:00.000Z","is_complete":true},{"open":139.44,"high":139.6,"low":139.44,"close":139.55,"volume":48,"time":"2022-05-18T11:08:00.000Z","is_complete":true},{"open":139.6,"high":139.7,"low":139.6,"close":139.7,"volume":15924,"time":"2022-05-18T11:09:00.000Z","is_complete":true},{"open":139.68,"high":139.68,"low":139.46,"close":139.46,"volume":130,"time":"2022-05-18T11:10:00.000Z","is_complete":true},{"open":139.57,"high":139.58,"low":139.57,"close":139.58,"volume":22,"time":"2022-05-18T11:11:00.000Z","is_complete":true},{"open":139.6,"high":139.6,"low":139.49,"close":139.52,"volume":321,"time":"2022-05-18T11:12:00.000Z","is_complete":true},{"open":139.58,"high":139.79,"low":139.57,"close":139.78,"volume":10075,"time":"2022-05-18T11:13:00.000Z","is_complete":true},{"open":139.7,"high":139.78,"low":139.7,"close":139.78,"volume":123,"time":"2022-05-18T11:14:00.000Z","is_complete":true},{"open":139.77,"high":139.78,"low":139.77,"close":139.77,"volume":47,"time":"2022-05-18T11:15:00.000Z","is_complete":true},{"open":139.77,"high":139.78,"low":139.46,"close":139.46,"volume":1484,"time":"2022-05-18T11:16:00.000Z","is_complete":true},{"open":139.6,"high":139.73,"low":139.3,"close":139.31,"volume":7014,"time":"2022-05-18T11:17:00.000Z","is_complete":true},{"open":139.56,"high":139.58,"low":139.34,"close":139.53,"volume":112,"time":"2022-05-18T11:18:00.000Z","is_complete":true},{"open":139.53,"high":139.53,"low":139.53,"close":139.53,"volume":51,"time":"2022-05-18T11:19:00.000Z","is_complete":true},{"open":139.39,"high":139.42,"low":139.3,"close":139.42,"volume":683,"time":"2022-05-18T11:20:00.000Z","is_complete":true},{"open":139.42,"high":139.47,"low":139.42,"close":139.42,"volume":7,"time":"2022-05-18T11:21:00.000Z","is_complete":true},{"open":139.44,"high":139.52,"low":139.44,"close":139.52,"volume":45,"time":"2022-05-18T11:22:00.000Z","is_complete":true},{"open":139.5,"high":139.51,"low":139.44,"close":139.5,"volume":1464,"time":"2022-05-18T11:23:00.000Z","is_complete":true},{"open":139.5,"high":139.55,"low":139.45,"close":139.55,"volume":45,"time":"2022-05-18T11:24:00.000Z","is_complete":true},{"open":139.54,"high":139.54,"low":139.54,"close":139.54,"volume":100,"time":"2022-05-18T11:25:00.000Z","is_complete":true},{"open":139.46,"high":139.53,"low":139.43,"close":139.52,"volume":329,"time":"2022-05-18T11:27:00.000Z","is_complete":true},{"open":139.34,"high":139.52,"low":139.01,"close":139.01,"volume":24690,"time":"2022-05-18T11:28:00.000Z","is_complete":true},{"open":139.29,"high":139.29,"low":139,"close":139.04,"volume":5344,"time":"2022-05-18T11:29:00.000Z","is_complete":true},{"open":139.05,"high":139.2,"low":139,"close":139.02,"volume":9574,"time":"2022-05-18T11:30:00.000Z","is_complete":true},{"open":139.02,"high":139.13,"low":139,"close":139.13,"volume":2084,"time":"2022-05-18T11:31:00.000Z","is_complete":true},{"open":139.13,"high":139.2,"low":139.13,"close":139.2,"volume":1060,"time":"2022-05-18T11:32:00.000Z","is_complete":true},{"open":139.2,"high":139.2,"low":139.13,"close":139.13,"volume":273,"time":"2022-05-18T11:33:00.000Z","is_complete":true},{"open":139.13,"high":139.2,"low":139.13,"close":139.2,"volume":499,"time":"2022-05-18T11:34:00.000Z","is_complete":true},{"open":139.19,"high":139.19,"low":139,"close":139.13,"volume":10911,"time":"2022-05-18T11:35:00.000Z","is_complete":true},{"open":139.1,"high":139.44,"low":139,"close":139.44,"volume":4249,"time":"2022-05-18T11:36:00.000Z","is_complete":true},{"open":139.3,"high":139.31,"low":139.3,"close":139.31,"volume":9,"time":"2022-05-18T11:37:00.000Z","is_complete":true},{"open":139.3,"high":139.3,"low":139.06,"close":139.09,"volume":1162,"time":"2022-05-18T11:38:00.000Z","is_complete":true},{"open":139.09,"high":139.1,"low":139.01,"close":139.01,"volume":1471,"time":"2022-05-18T11:39:00.000Z","is_complete":true},{"open":139.02,"high":139.09,"low":139.01,"close":139.09,"volume":1435,"time":"2022-05-18T11:40:00.000Z","is_complete":true},{"open":139.05,"high":139.1,"low":139.02,"close":139.1,"volume":2247,"time":"2022-05-18T11:41:00.000Z","is_complete":true},{"open":139.09,"high":139.1,"low":139.09,"close":139.09,"volume":1007,"time":"2022-05-18T11:42:00.000Z","is_complete":true},{"open":139.1,"high":139.1,"low":139.09,"close":139.1,"volume":1089,"time":"2022-05-18T11:43:00.000Z","is_complete":true},{"open":139.1,"high":139.1,"low":139.09,"close":139.09,"volume":1042,"time":"2022-05-18T11:44:00.000Z","is_complete":true},{"open":139.09,"high":139.09,"low":139.03,"close":139.09,"volume":2309,"time":"2022-05-18T11:45:00.000Z","is_complete":true},{"open":139.09,"high":139.09,"low":139.04,"close":139.04,"volume":289,"time":"2022-05-18T11:46:00.000Z","is_complete":true},{"open":139.07,"high":139.08,"low":139.02,"close":139.07,"volume":382,"time":"2022-05-18T11:47:00.000Z","is_complete":true},{"open":139.07,"high":139.08,"low":139.04,"close":139.04,"volume":862,"time":"2022-05-18T11:48:00.000Z","is_complete":true},{"open":139.06,"high":139.08,"low":139.04,"close":139.07,"volume":723,"time":"2022-05-18T11:49:00.000Z","is_complete":true},{"open":139.07,"high":139.09,"low":139.05,"close":139.06,"volume":6063,"time":"2022-05-18T11:50:00.000Z","is_complete":true},{"open":139.08,"high":139.08,"low":139,"close":139.06,"volume":7100,"time":"2022-05-18T11:51:00.000Z","is_complete":true},{"open":139,"high":139.07,"low":139,"close":139.07,"volume":733,"time":"2022-05-18T11:52:00.000Z","is_complete":true},{"open":139.06,"high":139.06,"low":139.02,"close":139.02,"volume":81,"time":"2022-05-18T11:53:00.000Z","is_complete":true},{"open":139.04,"high":139.1,"low":139.02,"close":139.1,"volume":3620,"time":"2022-05-18T11:54:00.000Z","is_complete":true},{"open":139.1,"high":139.1,"low":139.1,"close":139.1,"volume":660,"time":"2022-05-18T11:55:00.000Z","is_complete":true},{"open":139.1,"high":139.1,"low":139.05,"close":139.05,"volume":57,"time":"2022-05-18T11:56:00.000Z","is_complete":true},{"open":139.05,"high":139.08,"low":139.02,"close":139.08,"volume":1017,"time":"2022-05-18T11:57:00.000Z","is_complete":true},{"open":139.09,"high":139.18,"low":139.05,"close":139.18,"volume":4547,"time":"2022-05-18T11:58:00.000Z","is_complete":true},{"open":139.06,"high":139.2,"low":139.06,"close":139.2,"volume":2313,"time":"2022-05-18T11:59:00.000Z","is_complete":true},{"open":139.2,"high":139.2,"low":139.07,"close":139.15,"volume":5022,"time":"2022-05-18T12:00:00.000Z","is_complete":true},{"open":139.19,"high":139.19,"low":139.05,"close":139.09,"volume":115,"time":"2022-05-18T12:01:00.000Z","is_complete":true},{"open":139.18,"high":139.18,"low":139.18,"close":139.18,"volume":1,"time":"2022-05-18T12:02:00.000Z","is_complete":true},{"open":139.18,"high":139.29,"low":139.18,"close":139.22,"volume":4997,"time":"2022-05-18T12:03:00.000Z","is_complete":true},{"open":139.29,"high":139.29,"low":139.28,"close":139.29,"volume":316,"time":"2022-05-18T12:04:00.000Z","is_complete":true},{"open":139.3,"high":139.33,"low":139.29,"close":139.3,"volume":1742,"time":"2022-05-18T12:05:00.000Z","is_complete":true},{"open":139.2,"high":139.2,"low":139.05,"close":139.05,"volume":2998,"time":"2022-05-18T12:06:00.000Z","is_complete":true},{"open":139.05,"high":139.09,"low":139.02,"close":139.09,"volume":1400,"time":"2022-05-18T12:07:00.000Z","is_complete":true},{"open":139.09,"high":139.09,"low":139.09,"close":139.09,"volume":1116,"time":"2022-05-18T12:08:00.000Z","is_complete":true},{"open":139.09,"high":139.09,"low":139.09,"close":139.09,"volume":742,"time":"2022-05-18T12:09:00.000Z","is_complete":true},{"open":139.09,"high":139.09,"low":139.06,"close":139.06,"volume":1333,"time":"2022-05-18T12:10:00.000Z","is_complete":true},{"open":139.06,"high":139.08,"low":139.06,"close":139.06,"volume":467,"time":"2022-05-18T12:11:00.000Z","is_complete":true},{"open":139.06,"high":139.08,"low":139.06,"close":139.06,"volume":585,"time":"2022-05-18T12:12:00.000Z","is_complete":true},{"open":139.06,"high":139.08,"low":139.01,"close":139.03,"volume":2754,"time":"2022-05-18T12:13:00.000Z","is_complete":true},{"open":139.07,"high":139.07,"low":139.01,"close":139.01,"volume":119,"time":"2022-05-18T12:14:00.000Z","is_complete":true},{"open":139.07,"high":139.08,"low":139.02,"close":139.02,"volume":13,"time":"2022-05-18T12:15:00.000Z","is_complete":true},{"open":139.07,"high":139.08,"low":139.02,"close":139.02,"volume":88,"time":"2022-05-18T12:16:00.000Z","is_complete":true},{"open":139.07,"high":139.07,"low":139.01,"close":139.02,"volume":3005,"time":"2022-05-18T12:17:00.000Z","is_complete":true},{"open":139.07,"high":139.07,"low":139.07,"close":139.07,"volume":1,"time":"2022-05-18T12:18:00.000Z","is_complete":true},{"open":139.02,"high":139.07,"low":139.02,"close":139.07,"volume":769,"time":"2022-05-18T12:19:00.000Z","is_complete":true},{"open":139.07,"high":139.07,"low":139.02,"close":139.02,"volume":1616,"time":"2022-05-18T12:20:00.000Z","is_complete":true},{"open":139.08,"high":139.08,"low":139.05,"close":139.05,"volume":82,"time":"2022-05-18T12:21:00.000Z","is_complete":true},{"open":139.05,"high":139.08,"low":139.02,"close":139.03,"volume":6444,"time":"2022-05-18T12:22:00.000Z","is_complete":true},{"open":139.03,"high":139.03,"low":139.02,"close":139.02,"volume":1074,"time":"2022-05-18T12:23:00.000Z","is_complete":true},{"open":139.02,"high":139.03,"low":138.5,"close":138.69,"volume":40856,"time":"2022-05-18T12:24:00.000Z","is_complete":true},{"open":138.64,"high":138.68,"low":138,"close":138,"volume":26497,"time":"2022-05-18T12:25:00.000Z","is_complete":true},{"open":138,"high":138.28,"low":137.96,"close":138.27,"volume":10857,"time":"2022-05-18T12:26:00.000Z","is_complete":true},{"open":138.27,"high":138.28,"low":138.12,"close":138.23,"volume":1827,"time":"2022-05-18T12:27:00.000Z","is_complete":true},{"open":138.26,"high":138.4,"low":138.24,"close":138.4,"volume":14143,"time":"2022-05-18T12:28:00.000Z","is_complete":true},{"open":138.4,"high":138.4,"low":138.05,"close":138.07,"volume":5510,"time":"2022-05-18T12:29:00.000Z","is_complete":true},{"open":138.09,"high":138.09,"low":137.98,"close":138,"volume":6692,"time":"2022-05-18T12:30:00.000Z","is_complete":true},{"open":138,"high":138.07,"low":137.99,"close":138.07,"volume":2693,"time":"2022-05-18T12:31:00.000Z","is_complete":true},{"open":138.06,"high":138.31,"low":138.06,"close":138.31,"volume":4296,"time":"2022-05-18T12:32:00.000Z","is_complete":true},{"open":138.27,"high":138.37,"low":138.26,"close":138.34,"volume":3555,"time":"2022-05-18T12:33:00.000Z","is_complete":true},{"open":138.34,"high":138.34,"low":138.28,"close":138.34,"volume":1074,"time":"2022-05-18T12:34:00.000Z","is_complete":true},{"open":138.29,"high":138.4,"low":138.26,"close":138.4,"volume":2856,"time":"2022-05-18T12:35:00.000Z","is_complete":true},{"open":138.4,"high":138.6,"low":138.34,"close":138.36,"volume":4195,"time":"2022-05-18T12:36:00.000Z","is_complete":true},{"open":138.53,"high":138.55,"low":138.36,"close":138.48,"volume":200,"time":"2022-05-18T12:37:00.000Z","is_complete":true},{"open":138.48,"high":138.5,"low":138,"close":138.27,"volume":5043,"time":"2022-05-18T12:38:00.000Z","is_complete":true},{"open":138.33,"high":138.43,"low":138.02,"close":138.12,"volume":297,"time":"2022-05-18T12:39:00.000Z","is_complete":true},{"open":138.12,"high":138.28,"low":137.98,"close":138.2,"volume":2699,"time":"2022-05-18T12:40:00.000Z","is_complete":true},{"open":138.2,"high":138.42,"low":138.05,"close":138.42,"volume":3174,"time":"2022-05-18T12:41:00.000Z","is_complete":true},{"open":138.4,"high":138.41,"low":138.22,"close":138.41,"volume":275,"time":"2022-05-18T12:42:00.000Z","is_complete":true},{"open":138.43,"high":138.5,"low":138.43,"close":138.5,"volume":2178,"time":"2022-05-18T12:43:00.000Z","is_complete":true},{"open":138.5,"high":138.5,"low":138.14,"close":138.4,"volume":981,"time":"2022-05-18T12:44:00.000Z","is_complete":true},{"open":138.48,"high":138.48,"low":138.48,"close":138.48,"volume":100,"time":"2022-05-18T12:45:00.000Z","is_complete":true},{"open":138.48,"high":138.67,"low":138.35,"close":138.65,"volume":2290,"time":"2022-05-18T12:46:00.000Z","is_complete":true},{"open":138.67,"high":138.67,"low":138.24,"close":138.54,"volume":10878,"time":"2022-05-18T12:47:00.000Z","is_complete":true},{"open":138.5,"high":138.53,"low":138.26,"close":138.26,"volume":2806,"time":"2022-05-18T12:48:00.000Z","is_complete":true},{"open":138.4,"high":138.41,"low":138.36,"close":138.38,"volume":39,"time":"2022-05-18T12:49:00.000Z","is_complete":true},{"open":138.38,"high":138.8,"low":138.37,"close":138.49,"volume":3795,"time":"2022-05-18T12:50:00.000Z","is_complete":true},{"open":138.69,"high":138.7,"low":138.38,"close":138.47,"volume":10073,"time":"2022-05-18T12:51:00.000Z","is_complete":true},{"open":138.47,"high":138.73,"low":138.05,"close":138.44,"volume":9628,"time":"2022-05-18T12:52:00.000Z","is_complete":true},{"open":138.44,"high":138.55,"low":138.21,"close":138.5,"volume":3182,"time":"2022-05-18T12:53:00.000Z","is_complete":true},{"open":138.42,"high":138.49,"low":138.42,"close":138.42,"volume":1001,"time":"2022-05-18T12:54:00.000Z","is_complete":true},{"open":138.26,"high":138.26,"low":138.26,"close":138.26,"volume":1,"time":"2022-05-18T12:55:00.000Z","is_complete":true},{"open":138.25,"high":138.25,"low":138.02,"close":138.02,"volume":2619,"time":"2022-05-18T12:56:00.000Z","is_complete":true},{"open":138.03,"high":138.1,"low":138,"close":138.08,"volume":8171,"time":"2022-05-18T12:57:00.000Z","is_complete":true},{"open":138.08,"high":138.19,"low":138.01,"close":138.03,"volume":1961,"time":"2022-05-18T12:58:00.000Z","is_complete":true},{"open":138.15,"high":138.19,"low":138.06,"close":138.19,"volume":843,"time":"2022-05-18T12:59:00.000Z","is_complete":true},{"open":138.18,"high":138.19,"low":138.04,"close":138.09,"volume":5216,"time":"2022-05-18T13:00:00.000Z","is_complete":true},{"open":138.16,"high":138.19,"low":138.06,"close":138.19,"volume":537,"time":"2022-05-18T13:01:00.000Z","is_complete":true},{"open":138.15,"high":138.2,"low":137.96,"close":137.96,"volume":13929,"time":"2022-05-18T13:02:00.000Z","is_complete":true},{"open":137.96,"high":137.96,"low":137.6,"close":137.6,"volume":10277,"time":"2022-05-18T13:03:00.000Z","is_complete":true},{"open":137.61,"high":137.95,"low":137.61,"close":137.92,"volume":8352,"time":"2022-05-18T13:04:00.000Z","is_complete":true},{"open":137.75,"high":137.9,"low":137.65,"close":137.83,"volume":2097,"time":"2022-05-18T13:05:00.000Z","is_complete":true},{"open":137.84,"high":138.14,"low":137.74,"close":138.08,"volume":5334,"time":"2022-05-18T13:06:00.000Z","is_complete":true},{"open":138.08,"high":138.15,"low":138.02,"close":138.03,"volume":927,"time":"2022-05-18T13:07:00.000Z","is_complete":true},{"open":138.04,"high":138.07,"low":137.92,"close":138,"volume":811,"time":"2022-05-18T13:08:00.000Z","is_complete":true},{"open":138,"high":138,"low":137.73,"close":137.97,"volume":16413,"time":"2022-05-18T13:09:00.000Z","is_complete":true},{"open":137.96,"high":137.97,"low":137.73,"close":137.93,"volume":205,"time":"2022-05-18T13:10:00.000Z","is_complete":true},{"open":137.8,"high":137.92,"low":137.73,"close":137.8,"volume":2349,"time":"2022-05-18T13:11:00.000Z","is_complete":true},{"open":137.78,"high":137.78,"low":137.2,"close":137.37,"volume":32529,"time":"2022-05-18T13:12:00.000Z","is_complete":true},{"open":137.27,"high":137.27,"low":137,"close":137.24,"volume":6354,"time":"2022-05-18T13:13:00.000Z","is_complete":true},{"open":137.25,"high":137.51,"low":137.23,"close":137.44,"volume":4137,"time":"2022-05-18T13:14:00.000Z","is_complete":true},{"open":137.42,"high":137.6,"low":137.36,"close":137.57,"volume":2129,"time":"2022-05-18T13:15:00.000Z","is_complete":true},{"open":137.59,"high":137.6,"low":137.56,"close":137.56,"volume":7712,"time":"2022-05-18T13:16:00.000Z","is_complete":true},{"open":137.58,"high":137.59,"low":137.37,"close":137.58,"volume":7247,"time":"2022-05-18T13:17:00.000Z","is_complete":true},{"open":137.57,"high":137.58,"low":137.4,"close":137.58,"volume":4064,"time":"2022-05-18T13:18:00.000Z","is_complete":true},{"open":137.59,"high":137.59,"low":137.4,"close":137.4,"volume":1106,"time":"2022-05-18T13:19:00.000Z","is_complete":true},{"open":137.38,"high":137.4,"low":137.38,"close":137.4,"volume":3817,"time":"2022-05-18T13:20:00.000Z","is_complete":true},{"open":137.39,"high":137.4,"low":137.05,"close":137.25,"volume":28140,"time":"2022-05-18T13:21:00.000Z","is_complete":true},{"open":137.25,"high":137.25,"low":137.03,"close":137.21,"volume":7516,"time":"2022-05-18T13:22:00.000Z","is_complete":true},{"open":137.2,"high":137.21,"low":136.37,"close":136.75,"volume":33530,"time":"2022-05-18T13:23:00.000Z","is_complete":true},{"open":136.73,"high":136.8,"low":136,"close":136.29,"volume":16332,"time":"2022-05-18T13:24:00.000Z","is_complete":true},{"open":136.45,"high":137.06,"low":136.44,"close":137.06,"volume":5905,"time":"2022-05-18T13:25:00.000Z","is_complete":true},{"open":137.03,"high":137.22,"low":136.87,"close":137.12,"volume":2820,"time":"2022-05-18T13:26:00.000Z","is_complete":true},{"open":137.12,"high":137.24,"low":137.06,"close":137.21,"volume":3650,"time":"2022-05-18T13:27:00.000Z","is_complete":true},{"open":137.23,"high":137.3,"low":137,"close":137,"volume":24130,"time":"2022-05-18T13:28:00.000Z","is_complete":true},{"open":137.24,"high":137.3,"low":137.05,"close":137.29,"volume":2537,"time":"2022-05-18T13:29:00.000Z","is_complete":true},{"open":137.29,"high":137.29,"low":137.15,"close":137.15,"volume":180,"time":"2022-05-18T13:30:00.000Z","is_complete":true},{"open":137.1,"high":137.15,"low":137.05,"close":137.1,"volume":163,"time":"2022-05-18T13:31:00.000Z","is_complete":true},{"open":137.05,"high":137.18,"low":136.91,"close":136.91,"volume":5408,"time":"2022-05-18T13:32:00.000Z","is_complete":true},{"open":137,"high":137.08,"low":136.82,"close":136.82,"volume":2006,"time":"2022-05-18T13:33:00.000Z","is_complete":true},{"open":136.87,"high":136.99,"low":136.82,"close":136.9,"volume":844,"time":"2022-05-18T13:34:00.000Z","is_complete":true},{"open":136.9,"high":137,"low":136.83,"close":136.9,"volume":3726,"time":"2022-05-18T13:35:00.000Z","is_complete":true},{"open":137.01,"high":137.12,"low":137.01,"close":137.12,"volume":489,"time":"2022-05-18T13:36:00.000Z","is_complete":true},{"open":137.13,"high":137.27,"low":137.07,"close":137.27,"volume":2030,"time":"2022-05-18T13:37:00.000Z","is_complete":true},{"open":137.16,"high":137.21,"low":137.15,"close":137.2,"volume":79,"time":"2022-05-18T13:38:00.000Z","is_complete":true},{"open":137.24,"high":137.3,"low":137.24,"close":137.3,"volume":32512,"time":"2022-05-18T13:39:00.000Z","is_complete":true},{"open":137.3,"high":137.3,"low":137.24,"close":137.29,"volume":3424,"time":"2022-05-18T13:40:00.000Z","is_complete":true},{"open":137.29,"high":137.3,"low":137.07,"close":137.07,"volume":7661,"time":"2022-05-18T13:41:00.000Z","is_complete":true},{"open":137.1,"high":137.1,"low":136.9,"close":136.92,"volume":4587,"time":"2022-05-18T13:42:00.000Z","is_complete":true},{"open":137.09,"high":137.1,"low":136.01,"close":136.4,"volume":29388,"time":"2022-05-18T13:43:00.000Z","is_complete":true},{"open":136.38,"high":136.45,"low":136.24,"close":136.4,"volume":4412,"time":"2022-05-18T13:44:00.000Z","is_complete":true},{"open":136.4,"high":136.4,"low":136,"close":136.03,"volume":14130,"time":"2022-05-18T13:45:00.000Z","is_complete":true},{"open":136.1,"high":136.22,"low":136.04,"close":136.1,"volume":167,"time":"2022-05-18T13:46:00.000Z","is_complete":true},{"open":136.2,"high":136.2,"low":136.1,"close":136.2,"volume":315,"time":"2022-05-18T13:47:00.000Z","is_complete":true},{"open":136.2,"high":136.35,"low":136.13,"close":136.13,"volume":5370,"time":"2022-05-18T13:48:00.000Z","is_complete":true},{"open":136.15,"high":136.33,"low":136.15,"close":136.3,"volume":2684,"time":"2022-05-18T13:49:00.000Z","is_complete":true},{"open":136.28,"high":136.28,"low":136.12,"close":136.12,"volume":62,"time":"2022-05-18T13:50:00.000Z","is_complete":true},{"open":136.17,"high":136.24,"low":135.9,"close":136.1,"volume":13459,"time":"2022-05-18T13:51:00.000Z","is_complete":true},{"open":136,"high":136.13,"low":135.75,"close":135.99,"volume":29245,"time":"2022-05-18T13:52:00.000Z","is_complete":true},{"open":135.98,"high":135.99,"low":135.74,"close":135.83,"volume":4671,"time":"2022-05-18T13:53:00.000Z","is_complete":true},{"open":135.8,"high":136.07,"low":135.8,"close":136.07,"volume":19722,"time":"2022-05-18T13:54:00.000Z","is_complete":true},{"open":136.06,"high":136.24,"low":135.82,"close":136.15,"volume":2173,"time":"2022-05-18T13:55:00.000Z","is_complete":true},{"open":136.15,"high":136.15,"low":135.87,"close":135.87,"volume":322,"time":"2022-05-18T13:56:00.000Z","is_complete":true},{"open":135.87,"high":135.9,"low":135.6,"close":135.83,"volume":17510,"time":"2022-05-18T13:57:00.000Z","is_complete":true},{"open":135.73,"high":135.83,"low":135.25,"close":135.61,"volume":30544,"time":"2022-05-18T13:58:00.000Z","is_complete":true},{"open":135.44,"high":135.5,"low":135.23,"close":135.23,"volume":8464,"time":"2022-05-18T13:59:00.000Z","is_complete":true},{"open":135.48,"high":135.49,"low":135.15,"close":135.31,"volume":8019,"time":"2022-05-18T14:00:00.000Z","is_complete":true},{"open":135.33,"high":135.48,"low":135.21,"close":135.47,"volume":2372,"time":"2022-05-18T14:01:00.000Z","is_complete":true},{"open":135.33,"high":135.79,"low":135.05,"close":135.79,"volume":36254,"time":"2022-05-18T14:02:00.000Z","is_complete":true},{"open":135.68,"high":135.7,"low":135.56,"close":135.7,"volume":6683,"time":"2022-05-18T14:03:00.000Z","is_complete":true},{"open":135.7,"high":136,"low":135.7,"close":135.87,"volume":13563,"time":"2022-05-18T14:04:00.000Z","is_complete":true},{"open":135.84,"high":136,"low":135.8,"close":136,"volume":5873,"time":"2022-05-18T14:05:00.000Z","is_complete":true},{"open":136,"high":136.11,"low":135.98,"close":136,"volume":6496,"time":"2022-05-18T14:06:00.000Z","is_complete":true},{"open":136.11,"high":136.45,"low":136.1,"close":136.29,"volume":8389,"time":"2022-05-18T14:07:00.000Z","is_complete":true},{"open":136.39,"high":136.4,"low":136.17,"close":136.17,"volume":2866,"time":"2022-05-18T14:08:00.000Z","is_complete":true},{"open":136.16,"high":136.2,"low":135.97,"close":136.18,"volume":12937,"time":"2022-05-18T14:09:00.000Z","is_complete":true},{"open":136.18,"high":136.19,"low":136.01,"close":136.19,"volume":944,"time":"2022-05-18T14:10:00.000Z","is_complete":true},{"open":136.19,"high":136.39,"low":136.19,"close":136.22,"volume":2842,"time":"2022-05-18T14:11:00.000Z","is_complete":true},{"open":136.32,"high":136.35,"low":135.82,"close":135.82,"volume":5060,"time":"2022-05-18T14:12:00.000Z","is_complete":true},{"open":135.84,"high":135.97,"low":135.7,"close":135.7,"volume":3763,"time":"2022-05-18T14:13:00.000Z","is_complete":true},{"open":135.76,"high":135.78,"low":135.65,"close":135.78,"volume":965,"time":"2022-05-18T14:14:00.000Z","is_complete":true},{"open":135.78,"high":135.99,"low":135.78,"close":135.99,"volume":2048,"time":"2022-05-18T14:15:00.000Z","is_complete":true},{"open":135.98,"high":136,"low":135.8,"close":135.95,"volume":3078,"time":"2022-05-18T14:16:00.000Z","is_complete":true},{"open":135.95,"high":136.12,"low":135.78,"close":136,"volume":6955,"time":"2022-05-18T14:17:00.000Z","is_complete":true},{"open":136.2,"high":136.36,"low":136.13,"close":136.36,"volume":740,"time":"2022-05-18T14:18:00.000Z","is_complete":true},{"open":136.17,"high":136.4,"low":135.91,"close":136.38,"volume":12364,"time":"2022-05-18T14:19:00.000Z","is_complete":true},{"open":136.29,"high":136.38,"low":135.9,"close":136.05,"volume":25893,"time":"2022-05-18T14:20:00.000Z","is_complete":true},{"open":136.04,"high":136.17,"low":135.96,"close":136.17,"volume":261,"time":"2022-05-18T14:21:00.000Z","is_complete":true},{"open":136.16,"high":136.16,"low":135.93,"close":136,"volume":176,"time":"2022-05-18T14:22:00.000Z","is_complete":true},{"open":136.1,"high":136.13,"low":135.93,"close":136.09,"volume":546,"time":"2022-05-18T14:23:00.000Z","is_complete":true},{"open":135.94,"high":136.15,"low":135.93,"close":136.12,"volume":314,"time":"2022-05-18T14:24:00.000Z","is_complete":true},{"open":135.96,"high":136.1,"low":135.63,"close":135.63,"volume":4003,"time":"2022-05-18T14:25:00.000Z","is_complete":true},{"open":135.87,"high":135.92,"low":135.4,"close":135.5,"volume":6053,"time":"2022-05-18T14:26:00.000Z","is_complete":true},{"open":135.5,"high":135.69,"low":135.4,"close":135.48,"volume":1439,"time":"2022-05-18T14:27:00.000Z","is_complete":true},{"open":135.48,"high":135.57,"low":135.02,"close":135.02,"volume":17211,"time":"2022-05-18T14:28:00.000Z","is_complete":true},{"open":135.03,"high":135.28,"low":135.02,"close":135.02,"volume":5198,"time":"2022-05-18T14:29:00.000Z","is_complete":true},{"open":135.03,"high":135.05,"low":134.7,"close":134.95,"volume":25220,"time":"2022-05-18T14:30:00.000Z","is_complete":true},{"open":134.93,"high":135,"low":134.81,"close":135,"volume":14922,"time":"2022-05-18T14:31:00.000Z","is_complete":true},{"open":135,"high":135,"low":134.6,"close":134.6,"volume":6991,"time":"2022-05-18T14:32:00.000Z","is_complete":true},{"open":134.62,"high":134.8,"low":134.54,"close":134.8,"volume":12225,"time":"2022-05-18T14:33:00.000Z","is_complete":true},{"open":134.97,"high":135.49,"low":134.97,"close":135.31,"volume":40817,"time":"2022-05-18T14:34:00.000Z","is_complete":true},{"open":135.29,"high":135.39,"low":134.97,"close":135.17,"volume":22455,"time":"2022-05-18T14:35:00.000Z","is_complete":true},{"open":135.17,"high":135.46,"low":135.17,"close":135.39,"volume":1533,"time":"2022-05-18T14:36:00.000Z","is_complete":true},{"open":135.38,"high":135.4,"low":135.22,"close":135.4,"volume":2836,"time":"2022-05-18T14:37:00.000Z","is_complete":true},{"open":135.26,"high":135.4,"low":135.24,"close":135.35,"volume":142,"time":"2022-05-18T14:38:00.000Z","is_complete":true},{"open":135.25,"high":135.48,"low":135.25,"close":135.36,"volume":608,"time":"2022-05-18T14:39:00.000Z","is_complete":true},{"open":135.36,"high":135.43,"low":135.15,"close":135.2,"volume":16382,"time":"2022-05-18T14:40:00.000Z","is_complete":true},{"open":135.36,"high":135.47,"low":135.16,"close":135.3,"volume":927,"time":"2022-05-18T14:41:00.000Z","is_complete":true},{"open":135.3,"high":135.44,"low":135.18,"close":135.44,"volume":1613,"time":"2022-05-18T14:42:00.000Z","is_complete":true},{"open":135.5,"high":135.74,"low":135.5,"close":135.72,"volume":2070,"time":"2022-05-18T14:43:00.000Z","is_complete":true},{"open":135.71,"high":135.99,"low":135.56,"close":135.69,"volume":9449,"time":"2022-05-18T14:44:00.000Z","is_complete":true},{"open":135.81,"high":135.98,"low":135.57,"close":135.95,"volume":1377,"time":"2022-05-18T14:45:00.000Z","is_complete":true},{"open":135.96,"high":135.98,"low":135.68,"close":135.95,"volume":1376,"time":"2022-05-18T14:46:00.000Z","is_complete":true},{"open":135.95,"high":136,"low":135.74,"close":135.98,"volume":7148,"time":"2022-05-18T14:47:00.000Z","is_complete":true},{"open":135.98,"high":136.38,"low":135.98,"close":136.35,"volume":10221,"time":"2022-05-18T14:48:00.000Z","is_complete":true},{"open":136.35,"high":136.76,"low":136.21,"close":136.76,"volume":9110,"time":"2022-05-18T14:49:00.000Z","is_complete":true},{"open":136.76,"high":136.79,"low":136.5,"close":136.55,"volume":5990,"time":"2022-05-18T14:50:00.000Z","is_complete":true},{"open":136.55,"high":136.75,"low":136.49,"close":136.51,"volume":3460,"time":"2022-05-18T14:51:00.000Z","is_complete":true},{"open":136.51,"high":136.51,"low":136.2,"close":136.35,"volume":18677,"time":"2022-05-18T14:52:00.000Z","is_complete":true},{"open":136.4,"high":136.65,"low":136.17,"close":136.2,"volume":10466,"time":"2022-05-18T14:53:00.000Z","is_complete":true},{"open":136.2,"high":136.2,"low":136.17,"close":136.2,"volume":770,"time":"2022-05-18T14:54:00.000Z","is_complete":true},{"open":136.2,"high":136.2,"low":136.18,"close":136.18,"volume":240,"time":"2022-05-18T14:55:00.000Z","is_complete":true},{"open":136.19,"high":136.19,"low":136.15,"close":136.17,"volume":600,"time":"2022-05-18T14:56:00.000Z","is_complete":true},{"open":136.17,"high":136.17,"low":136.01,"close":136.15,"volume":6852,"time":"2022-05-18T14:57:00.000Z","is_complete":true},{"open":136.14,"high":136.15,"low":136.11,"close":136.12,"volume":268,"time":"2022-05-18T14:58:00.000Z","is_complete":true},{"open":136.12,"high":136.13,"low":136,"close":136.1,"volume":12285,"time":"2022-05-18T14:59:00.000Z","is_complete":true},{"open":136.01,"high":136.12,"low":136.01,"close":136.03,"volume":1339,"time":"2022-05-18T15:00:00.000Z","is_complete":true},{"open":136.17,"high":136.2,"low":136.07,"close":136.2,"volume":8744,"time":"2022-05-18T15:01:00.000Z","is_complete":true},{"open":136.2,"high":136.2,"low":136.2,"close":136.2,"volume":519,"time":"2022-05-18T15:02:00.000Z","is_complete":true},{"open":136.2,"high":136.2,"low":136.12,"close":136.12,"volume":424,"time":"2022-05-18T15:03:00.000Z","is_complete":true},{"open":136.2,"high":136.2,"low":136.12,"close":136.18,"volume":55,"time":"2022-05-18T15:04:00.000Z","is_complete":true},{"open":136.18,"high":136.18,"low":136.13,"close":136.18,"volume":60,"time":"2022-05-18T15:05:00.000Z","is_complete":true},{"open":136.17,"high":136.18,"low":136.11,"close":136.18,"volume":781,"time":"2022-05-18T15:06:00.000Z","is_complete":true},{"open":136.18,"high":136.2,"low":136.12,"close":136.19,"volume":3327,"time":"2022-05-18T15:07:00.000Z","is_complete":true},{"open":136.19,"high":136.45,"low":136.11,"close":136.45,"volume":6802,"time":"2022-05-18T15:08:00.000Z","is_complete":true},{"open":136.24,"high":136.44,"low":136.23,"close":136.26,"volume":629,"time":"2022-05-18T15:09:00.000Z","is_complete":true},{"open":136.26,"high":136.35,"low":136.12,"close":136.2,"volume":7222,"time":"2022-05-18T15:10:00.000Z","is_complete":true},{"open":136.23,"high":136.44,"low":136.23,"close":136.4,"volume":565,"time":"2022-05-18T15:11:00.000Z","is_complete":true},{"open":136.4,"high":136.43,"low":136.2,"close":136.22,"volume":10481,"time":"2022-05-18T15:12:00.000Z","is_complete":true},{"open":136.22,"high":136.42,"low":136.22,"close":136.42,"volume":280,"time":"2022-05-18T15:13:00.000Z","is_complete":true},{"open":136.41,"high":136.41,"low":136.36,"close":136.36,"volume":47,"time":"2022-05-18T15:14:00.000Z","is_complete":true},{"open":136.36,"high":136.59,"low":136.36,"close":136.59,"volume":3852,"time":"2022-05-18T15:15:00.000Z","is_complete":true},{"open":136.5,"high":136.64,"low":136.5,"close":136.64,"volume":2694,"time":"2022-05-18T15:16:00.000Z","is_complete":true},{"open":136.64,"high":137,"low":136.6,"close":137,"volume":18063,"time":"2022-05-18T15:17:00.000Z","is_complete":true},{"open":136.8,"high":137,"low":136.66,"close":136.99,"volume":8430,"time":"2022-05-18T15:18:00.000Z","is_complete":true},{"open":136.98,"high":137.02,"low":136.71,"close":136.97,"volume":7583,"time":"2022-05-18T15:19:00.000Z","is_complete":true},{"open":136.94,"high":136.95,"low":136.78,"close":136.94,"volume":1346,"time":"2022-05-18T15:20:00.000Z","is_complete":true},{"open":136.77,"high":136.94,"low":136.74,"close":136.74,"volume":2361,"time":"2022-05-18T15:21:00.000Z","is_complete":true},{"open":136.89,"high":136.89,"low":136.5,"close":136.71,"volume":13714,"time":"2022-05-18T15:22:00.000Z","is_complete":true},{"open":136.69,"high":136.82,"low":136.5,"close":136.6,"volume":1769,"time":"2022-05-18T15:23:00.000Z","is_complete":true},{"open":136.78,"high":136.78,"low":136.52,"close":136.52,"volume":487,"time":"2022-05-18T15:24:00.000Z","is_complete":true},{"open":136.52,"high":136.58,"low":136.52,"close":136.58,"volume":115,"time":"2022-05-18T15:25:00.000Z","is_complete":true},{"open":136.58,"high":136.58,"low":136.2,"close":136.2,"volume":6852,"time":"2022-05-18T15:26:00.000Z","is_complete":true},{"open":136.39,"high":136.4,"low":136.22,"close":136.4,"volume":108,"time":"2022-05-18T15:27:00.000Z","is_complete":true},{"open":136.4,"high":136.4,"low":136.24,"close":136.38,"volume":189,"time":"2022-05-18T15:28:00.000Z","is_complete":true},{"open":136.25,"high":136.4,"low":136.2,"close":136.38,"volume":1209,"time":"2022-05-18T15:29:00.000Z","is_complete":true},{"open":136.38,"high":136.38,"low":136.26,"close":136.38,"volume":154,"time":"2022-05-18T15:30:00.000Z","is_complete":true},{"open":136.38,"high":136.38,"low":136.2,"close":136.2,"volume":5493,"time":"2022-05-18T15:31:00.000Z","is_complete":true},{"open":136.19,"high":136.19,"low":136,"close":136.17,"volume":7403,"time":"2022-05-18T15:32:00.000Z","is_complete":true},{"open":136.17,"high":136.2,"low":136,"close":136.13,"volume":4386,"time":"2022-05-18T15:33:00.000Z","is_complete":true},{"open":136.13,"high":136.13,"low":136,"close":136.1,"volume":4092,"time":"2022-05-18T15:34:00.000Z","is_complete":true},{"open":136.01,"high":136.1,"low":136,"close":136.09,"volume":2190,"time":"2022-05-18T15:35:00.000Z","is_complete":true},{"open":136.02,"high":136.19,"low":136,"close":136.02,"volume":8743,"time":"2022-05-18T15:36:00.000Z","is_complete":true},{"open":136.02,"high":136.2,"low":136.01,"close":136.18,"volume":6610,"time":"2022-05-18T15:37:00.000Z","is_complete":true},{"open":136.18,"high":136.18,"low":136.01,"close":136.1,"volume":2915,"time":"2022-05-18T15:38:00.000Z","is_complete":true},{"open":136.04,"high":136.2,"low":136.01,"close":136.2,"volume":11732,"time":"2022-05-18T15:39:00.000Z","is_complete":true},{"open":136,"high":136,"low":136,"close":136,"volume":21239,"time":"2022-05-18T15:45:00.000Z","is_complete":true},{"open":136,"high":136,"low":136,"close":136,"volume":1196,"time":"2022-05-18T15:46:00.000Z","is_complete":true},{"open":136,"high":136,"low":136,"close":136,"volume":22,"time":"2022-05-18T15:47:00.000Z","is_complete":true},{"open":136,"high":136,"low":136,"close":136,"volume":187,"time":"2022-05-18T15:48:00.000Z","is_complete":true},{"open":136,"high":136,"low":136,"close":136,"volume":142,"time":"2022-05-18T15:49:00.000Z","is_complete":true}]}