{"candles":[{"open":232.12,"high":233.75,"low":232.04,"close":232.46,"volume":22944,"time":"2022-05-13T07:00:00.000Z","is_complete":true},{"open":232.4,"high":233.89,"low":232.14,"close":233.67,"volume":21074,"time":"2022-05-13T07:01:00.000Z","is_complete":true},{"open":233.67,"high":233.88,"low":233.33,"close":233.5,"volume":16260,"time":"2022-05-13T07:02:00.000Z","is_complete":true},{"open":233.5,"high":233.6,"low":232.7,"close":233.19,"volume":18842,"time":"2022-05-13T07:03:00.000Z","is_complete":true},{"open":233.18,"high":233.18,"low":232.4,"close":232.53,"volume":13420,"time":"2022-05-13T07:04:00.000Z","is_complete":true},{"open":232.47,"high":232.88,"low":232.4,"close":232.4,"volume":7488,"time":"2022-05-13T07:05:00.000Z","is_complete":true},{"open":232.42,"high":233,"low":232.4,"close":232.82,"volume":8619,"time":"2022-05-13T07:06:00.000Z","is_complete":true},{"open":232.9,"high":233.5,"low":232.81,"close":233.01,"volume":7159,"time":"2022-05-13T07:07:00.000Z","is_complete":true},{"open":233.01,"high":233.5,"low":233,"close":233.23,"volume":6210,"time":"2022-05-13T07:08:00.000Z","is_complete":true},{"open":233.29,"high":233.46,"low":233.01,"close":233.24,"volume":4912,"time":"2022-05-13T07:09:00.000Z","is_complete":true},{"open":233.38,"high":233.45,"low":233.14,"close":233.42,"volume":5780,"time":"2022-05-13T07:10:00.000Z","is_complete":true},{"open":233.4,"high":233.45,"low":233,"close":233.06,"volume":17376,"time":"2022-05-13T07:11:00.000Z","is_complete":true},{"open":233.02,"high":233.07,"low":232.5,"close":232.57,"volume":8786,"time":"2022-05-13T07:12:00.000Z","is_complete":true},{"open":232.5,"high":232.84,"low":232,"close":232,"volume":7781,"time":"2022-05-13T07:13:00.000Z","is_complete":true},{"open":232.14,"high":232.3,"low":231.18,"close":231.4,"volume":11204,"time":"2022-05-13T07:14:00.000Z","is_complete":true},{"open":231.35,"high":231.5,"low":230.56,"close":230.75,"volume":14189,"time":"2022-05-13T07:15:00.000Z","is_complete":true},{"open":230.58,"high":230.9,"low":230,"close":230.86,"volume":19122,"time":"2022-05-13T07:16:00.000Z","is_complete":true},{"open":230.9,"high":230.93,"low":229.46,"close":230.59,"volume":18250,"time":"2022-05-13T07:17:00.000Z","is_complete":true},{"open":230.49,"high":230.59,"low":229.48,"close":229.54,"volume":3506,"time":"2022-05-13T07:18:00.000Z","is_complete":true},{"open":229.54,"high":230,"low":229.53,"close":229.9,"volume":5217,"time":"2022-05-13T07:19:00.000Z","is_complete":true},{"open":229.9,"high":230.48,"low":229.77,"close":230.28,"volume":9485,"time":"2022-05-13T07:20:00.000Z","is_complete":true},{"open":230.21,"high":230.33,"low":229.22,"close":229.22,"volume":8286,"time":"2022-05-13T07:21:00.000Z","is_complete":true},{"open":229.4,"high":229.4,"low":229.02,"close":229.1,"volume":9117,"time":"2022-05-13T07:22:00.000Z","is_complete":true},{"open":229.1,"high":229.74,"low":229.02,"close":229.53,"volume":6963,"time":"2022-05-13T07:23:00.000Z","is_complete":true},{"open":229.53,"high":229.94,"low":229.53,"close":229.93,"volume":4968,"time":"2022-05-13T07:24:00.000Z","is_complete":true},{"open":229.93,"high":229.99,"low":229.89,"close":229.95,"volume":7584,"time":"2022-05-13T07:25:00.000Z","is_complete":true},{"open":229.97,"high":230.38,"low":229.96,"close":230.38,"volume":6392,"time":"2022-05-13T07:26:00.000Z","is_complete":true},{"open":230.34,"high":230.9,"low":230.34,"close":230.68,"volume":7761,"time":"2022-05-13T07:27:00.000Z","is_complete":true},{"open":230.6,"high":230.69,"low":230.49,"close":230.61,"volume":2257,"time":"2022-05-13T07:28:00.000Z","is_complete":true},{"open":230.62,"high":231,"low":230.62,"close":230.89,"volume":3736,"time":"2022-05-13T07:29:00.000Z","is_complete":true},{"open":230.93,"high":230.95,"low":230.74,"close":230.8,"volume":2944,"time":"2022-05-13T07:30:00.000Z","is_complete":true},{"open":230.8,"high":231.15,"low":230.8,"close":231.15,"volume":5693,"time":"2022-05-13T07:31:00.000Z","is_complete":true},{"open":231.15,"high":231.48,"low":231,"close":231.43,"volume":4857,"time":"2022-05-13T07:32:00.000Z","is_complete":true},{"open":231.46,"high":231.96,"low":231.4,"close":231.92,"volume":10258,"time":"2022-05-13T07:33:00.000Z","is_complete":true},{"open":231.92,"high":232.29,"low":231.76,"close":232,"volume":8933,"time":"2022-05-13T07:34:00.000Z","is_complete":true},{"open":232,"high":233.5,"low":231.8,"close":232.61,"volume":36052,"time":"2022-05-13T07:35:00.000Z","is_complete":true},{"open":232.62,"high":232.78,"low":231.9,"close":231.9,"volume":6611,"time":"2022-05-13T07:36:00.000Z","is_complete":true},{"open":231.95,"high":232.4,"low":231.88,"close":232.39,"volume":1891,"time":"2022-05-13T07:37:00.000Z","is_complete":true},{"open":232.4,"high":232.85,"low":232.39,"close":232.77,"volume":3355,"time":"2022-05-13T07:38:00.000Z","is_complete":true},{"open":232.77,"high":232.77,"low":232.55,"close":232.77,"volume":1858,"time":"2022-05-13T07:39:00.000Z","is_complete":true},{"open":232.74,"high":232.98,"low":232.74,"close":232.86,"volume":5130,"time":"2022-05-13T07:40:00.000Z","is_complete":true},{"open":232.98,"high":232.98,"low":232.74,"close":232.8,"volume":5281,"time":"2022-05-13T07:41:00.000Z","is_complete":true},{"open":232.74,"high":232.81,"low":232.5,"close":232.5,"volume":2994,"time":"2022-05-13T07:42:00.000Z","is_complete":true},{"open":232.5,"high":232.5,"low":231.96,"close":232,"volume":3023,"time":"2022-05-13T07:43:00.000Z","is_complete":true},{"open":231.96,"high":232.48,"low":231.91,"close":232.48,"volume":2978,"time":"2022-05-13T07:44:00.000Z","is_complete":true},{"open":232.34,"high":232.5,"low":232.07,"close":232.36,"volume":1485,"time":"2022-05-13T07:45:00.000Z","is_complete":true},{"open":232.22,"high":232.45,"low":232.2,"close":232.29,"volume":916,"time":"2022-05-13T07:46:00.000Z","is_complete":true},{"open":232.28,"high":232.41,"low":232.12,"close":232.41,"volume":1077,"time":"2022-05-13T07:47:00.000Z","is_complete":true},{"open":232.31,"high":232.47,"low":232.3,"close":232.4,"volume":819,"time":"2022-05-13T07:48:00.000Z","is_complete":true},{"open":232.35,"high":232.65,"low":232.35,"close":232.65,"volume":2526,"time":"2022-05-13T07:49:00.000Z","is_complete":true},{"open":232.65,"high":232.79,"low":232.56,"close":232.7,"volume":997,"time":"2022-05-13T07:50:00.000Z","is_complete":true},{"open":232.6,"high":232.7,"low":232,"close":232.21,"volume":7674,"time":"2022-05-13T07:51:00.000Z","is_complete":true},{"open":232.15,"high":232.44,"low":231.81,"close":231.83,"volume":3901,"time":"2022-05-13T07:52:00.000Z","is_complete":true},{"open":231.84,"high":231.94,"low":231.35,"close":231.39,"volume":7788,"time":"2022-05-13T07:53:00.000Z","is_complete":true},{"open":231.39,"high":231.98,"low":231.35,"close":231.98,"volume":1819,"time":"2022-05-13T07:54:00.000Z","is_complete":true},{"open":231.84,"high":232.29,"low":231.84,"close":232,"volume":1176,"time":"2022-05-13T07:55:00.000Z","is_complete":true},{"open":232.11,"high":232.11,"low":231.62,"close":231.62,"volume":1921,"time":"2022-05-13T07:56:00.000Z","is_complete":true},{"open":231.68,"high":231.79,"low":231.46,"close":231.79,"volume":401,"time":"2022-05-13T07:57:00.000Z","is_complete":true},{"open":231.7,"high":231.95,"low":231.59,"close":231.79,"volume":1141,"time":"2022-05-13T07:58:00.000Z","is_complete":true},{"open":231.79,"high":232.5,"low":231.5,"close":231.8,"volume":5921,"time":"2022-05-13T07:59:00.000Z","is_complete":true},{"open":231.86,"high":232.4,"low":231.6,"close":231.61,"volume":2207,"time":"2022-05-13T08:00:00.000Z","is_complete":true},{"open":231.73,"high":231.84,"low":231.01,"close":231.19,"volume":7056,"time":"2022-05-13T08:01:00.000Z","is_complete":true},{"open":231.04,"high":231.72,"low":231.04,"close":231.06,"volume":5201,"time":"2022-05-13T08:02:00.000Z","is_complete":true},{"open":231.09,"high":231.21,"low":231.06,"close":231.08,"volume":1555,"time":"2022-05-13T08:03:00.000Z","is_complete":true},{"open":231.18,"high":231.39,"low":230.71,"close":231.39,"volume":5720,"time":"2022-05-13T08:04:00.000Z","is_complete":true},{"open":231.34,"high":231.34,"low":231,"close":231.01,"volume":1492,"time":"2022-05-13T08:05:00.000Z","is_complete":true},{"open":231.08,"high":231.08,"low":230.72,"close":230.78,"volume":2076,"time":"2022-05-13T08:06:00.000Z","is_complete":true},{"open":230.78,"high":231.41,"low":230.7,"close":231.09,"volume":5956,"time":"2022-05-13T08:07:00.000Z","is_complete":true},{"open":231.09,"high":231.14,"low":230.25,"close":230.25,"volume":5420,"time":"2022-05-13T08:08:00.000Z","is_complete":true},{"open":230.31,"high":230.55,"low":230.19,"close":230.52,"volume":1553,"time":"2022-05-13T08:09:00.000Z","is_complete":true},{"open":230.49,"high":231.47,"low":230.45,"close":231.01,"volume":3254,"time":"2022-05-13T08:10:00.000Z","is_complete":true},{"open":231.09,"high":231.21,"low":231,"close":231.15,"volume":666,"time":"2022-05-13T08:11:00.000Z","is_complete":true},{"open":231.04,"high":231.18,"low":230.48,"close":230.74,"volume":5860,"time":"2022-05-13T08:12:00.000Z","is_complete":true},{"open":230.6,"high":230.99,"low":230.6,"close":230.9,"volume":709,"time":"2022-05-13T08:13:00.000Z","is_complete":true},{"open":230.97,"high":231.02,"low":230.9,"close":231,"volume":992,"time":"2022-05-13T08:14:00.000Z","is_complete":true},{"open":231.02,"high":231.5,"low":231,"close":231.17,"volume":2381,"time":"2022-05-13T08:15:00.000Z","is_complete":true},{"open":231.17,"high":231.25,"low":231.12,"close":231.17,"volume":301,"time":"2022-05-13T08:16:00.000Z","is_complete":true},{"open":231.25,"high":231.26,"low":231.12,"close":231.18,"volume":432,"time":"2022-05-13T08:17:00.000Z","is_complete":true},{"open":231.18,"high":231.25,"low":231.12,"close":231.23,"volume":596,"time":"2022-05-13T08:18:00.000Z","is_complete":true},{"open":231.23,"high":231.23,"low":231.07,"close":231.1,"volume":299,"time":"2022-05-13T08:19:00.000Z","is_complete":true},{"open":231.2,"high":231.29,"low":231.1,"close":231.21,"volume":1020,"time":"2022-05-13T08:20:00.000Z","is_complete":true},{"open":231.15,"high":231.3,"low":231.1,"close":231.3,"volume":661,"time":"2022-05-13T08:21:00.000Z","is_complete":true},{"open":231.3,"high":231.87,"low":231.26,"close":231.84,"volume":2508,"time":"2022-05-13T08:22:00.000Z","is_complete":true},{"open":231.82,"high":231.96,"low":231.61,"close":231.68,"volume":2410,"time":"2022-05-13T08:23:00.000Z","is_complete":true},{"open":231.83,"high":231.84,"low":231.55,"close":231.73,"volume":656,"time":"2022-05-13T08:24:00.000Z","is_complete":true},{"open":231.6,"high":232.22,"low":231.6,"close":232.09,"volume":3970,"time":"2022-05-13T08:25:00.000Z","is_complete":true},{"open":232.07,"high":232.5,"low":231.89,"close":232.08,"volume":9260,"time":"2022-05-13T08:26:00.000Z","is_complete":true},{"open":232.08,"high":232.37,"low":232,"close":232.14,"volume":964,"time":"2022-05-13T08:27:00.000Z","is_complete":true},{"open":232.14,"high":232.4,"low":232.06,"close":232.3,"volume":1708,"time":"2022-05-13T08:28:00.000Z","is_complete":true},{"open":232.3,"high":232.3,"low":232.16,"close":232.3,"volume":1363,"time":"2022-05-13T08:29:00.000Z","is_complete":true},{"open":232.3,"high":232.3,"low":232.06,"close":232.06,"volume":3172,"time":"2022-05-13T08:30:00.000Z","is_complete":true},{"open":232.17,"high":232.2,"low":231.89,"close":232,"volume":1375,"time":"2022-05-13T08:31:00.000Z","is_complete":true},{"open":231.99,"high":232,"low":231.6,"close":231.77,"volume":1530,"time":"2022-05-13T08:32:00.000Z","is_complete":true},{"open":231.77,"high":231.87,"low":231.49,"close":231.87,"volume":1101,"time":"2022-05-13T08:33:00.000Z","is_complete":true},{"open":231.71,"high":232.28,"low":231.71,"close":232.2,"volume":5505,"time":"2022-05-13T08:34:00.000Z","is_complete":true},{"open":232.21,"high":232.21,"low":231.73,"close":231.97,"volume":493,"time":"2022-05-13T08:35:00.000Z","is_complete":true},{"open":231.87,"high":231.98,"low":231.75,"close":231.92,"volume":240,"time":"2022-05-13T08:36:00.000Z","is_complete":true},{"open":231.91,"high":231.92,"low":231.77,"close":231.87,"volume":368,"time":"2022-05-13T08:37:00.000Z","is_complete":true},{"open":231.81,"high":231.91,"low":231.68,"close":231.78,"volume":599,"time":"2022-05-13T08:38:00.000Z","is_complete":true},{"open":231.68,"high":231.95,"low":231.5,"close":231.95,"volume":2041,"time":"2022-05-13T08:39:00.000Z","is_complete":true},{"open":231.85,"high":231.86,"low":231.66,"close":231.72,"volume":203,"time":"2022-05-13T08:40:00.000Z","is_complete":true},{"open":231.82,"high":231.85,"low":231.72,"close":231.79,"volume":278,"time":"2022-05-13T08:41:00.000Z","is_complete":true},{"open":231.78,"high":231.79,"low":231.2,"close":231.3,"volume":1522,"time":"2022-05-13T08:42:00.000Z","is_complete":true},{"open":231.3,"high":231.68,"low":231.21,"close":231.68,"volume":1029,"time":"2022-05-13T08:43:00.000Z","is_complete":true},{"open":231.68,"high":231.72,"low":231.53,"close":231.72,"volume":192,"time":"2022-05-13T08:44:00.000Z","is_complete":true},{"open":231.78,"high":231.83,"low":231.42,"close":231.58,"volume":744,"time":"2022-05-13T08:45:00.000Z","is_complete":true},{"open":231.6,"high":231.62,"low":231.42,"close":231.55,"volume":446,"time":"2022-05-13T08:46:00.000Z","is_complete":true},{"open":231.45,"high":231.55,"low":231.31,"close":231.41,"volume":778,"time":"2022-05-13T08:47:00.000Z","is_complete":true},{"open":231.4,"high":231.75,"low":231.33,"close":231.75,"volume":2570,"time":"2022-05-13T08:48:00.000Z","is_complete":true},{"open":231.57,"high":231.8,"low":231.51,"close":231.8,"volume":784,"time":"2022-05-13T08:49:00.000Z","is_complete":true},{"open":231.8,"high":232,"low":231.76,"close":231.98,"volume":1925,"time":"2022-05-13T08:50:00.000Z","is_complete":true},{"open":231.92,"high":232.23,"low":231.92,"close":232.22,"volume":2771,"time":"2022-05-13T08:51:00.000Z","is_complete":true},{"open":232.2,"high":232.2,"low":232.03,"close":232.04,"volume":865,"time":"2022-05-13T08:52:00.000Z","is_complete":true},{"open":232.03,"high":232.18,"low":232.03,"close":232.04,"volume":438,"time":"2022-05-13T08:53:00.000Z","is_complete":true},{"open":232.04,"high":232.18,"low":232.03,"close":232.04,"volume":458,"time":"2022-05-13T08:54:00.000Z","is_complete":true},{"open":232.04,"high":232.19,"low":232.04,"close":232.05,"volume":741,"time":"2022-05-13T08:55:00.000Z","is_complete":true},{"open":232.07,"high":232.11,"low":231.81,"close":231.81,"volume":1040,"time":"2022-05-13T08:56:00.000Z","is_complete":true},{"open":231.81,"high":232.11,"low":231.76,"close":231.92,"volume":1023,"time":"2022-05-13T08:57:00.000Z","is_complete":true},{"open":232,"high":232.11,"low":231.8,"close":231.85,"volume":1147,"time":"2022-05-13T08:58:00.000Z","is_complete":true},{"open":231.88,"high":232.11,"low":231.63,"close":231.87,"volume":1228,"time":"2022-05-13T08:59:00.000Z","is_complete":true},{"open":231.87,"high":232.1,"low":231.8,"close":231.84,"volume":1039,"time":"2022-05-13T09:00:00.000Z","is_complete":true},{"open":231.81,"high":231.91,"low":231.67,"close":231.67,"volume":540,"time":"2022-05-13T09:01:00.000Z","is_complete":true},{"open":231.69,"high":231.84,"low":231.65,"close":231.75,"volume":1681,"time":"2022-05-13T09:02:00.000Z","is_complete":true},{"open":231.75,"high":231.98,"low":231.68,"close":231.98,"volume":769,"time":"2022-05-13T09:03:00.000Z","is_complete":true},{"open":231.98,"high":232.08,"low":231.82,"close":231.9,"volume":998,"time":"2022-05-13T09:04:00.000Z","is_complete":true},{"open":232,"high":232.1,"low":232,"close":232.09,"volume":378,"time":"2022-05-13T09:05:00.000Z","is_complete":true},{"open":232.09,"high":232.1,"low":231.9,"close":232,"volume":1163,"time":"2022-05-13T09:06:00.000Z","is_complete":true},{"open":232.06,"high":232.07,"low":231.94,"close":232.05,"volume":342,"time":"2022-05-13T09:07:00.000Z","is_complete":true},{"open":232.05,"high":232.07,"low":231.86,"close":231.86,"volume":403,"time":"2022-05-13T09:08:00.000Z","is_complete":true},{"open":231.86,"high":231.86,"low":231.72,"close":231.86,"volume":383,"time":"2022-05-13T09:09:00.000Z","is_complete":true},{"open":231.73,"high":231.9,"low":231.73,"close":231.79,"volume":321,"time":"2022-05-13T09:10:00.000Z","is_complete":true},{"open":231.89,"high":232.06,"low":231.79,"close":232.05,"volume":4062,"time":"2022-05-13T09:11:00.000Z","is_complete":true},{"open":232.05,"high":232.25,"low":232.01,"close":232.24,"volume":6403,"time":"2022-05-13T09:12:00.000Z","is_complete":true},{"open":232.24,"high":232.46,"low":232.11,"close":232.24,"volume":5821,"time":"2022-05-13T09:13:00.000Z","is_complete":true},{"open":232.14,"high":232.3,"low":232.01,"close":232.3,"volume":1371,"time":"2022-05-13T09:14:00.000Z","is_complete":true},{"open":232.3,"high":232.3,"low":232.08,"close":232.3,"volume":993,"time":"2022-05-13T09:15:00.000Z","is_complete":true},{"open":232.29,"high":232.47,"low":232.16,"close":232.45,"volume":3828,"time":"2022-05-13T09:16:00.000Z","is_complete":true},{"open":232.47,"high":232.83,"low":232.4,"close":232.4,"volume":7115,"time":"2022-05-13T09:17:00.000Z","is_complete":true},{"open":232.46,"high":232.7,"low":232.36,"close":232.57,"volume":850,"time":"2022-05-13T09:18:00.000Z","is_complete":true},{"open":232.66,"high":232.86,"low":232.32,"close":232.86,"volume":6584,"time":"2022-05-13T09:19:00.000Z","is_complete":true},{"open":232.86,"high":232.9,"low":232.72,"close":232.89,"volume":5886,"time":"2022-05-13T09:20:00.000Z","is_complete":true},{"open":232.84,"high":232.9,"low":232.7,"close":232.88,"volume":3439,"time":"2022-05-13T09:21:00.000Z","is_complete":true},{"open":232.89,"high":233,"low":232.79,"close":233,"volume":20634,"time":"2022-05-13T09:22:00.000Z","is_complete":true},{"open":232.87,"high":233.77,"low":232.87,"close":233.76,"volume":45019,"time":"2022-05-13T09:23:00.000Z","is_complete":true},{"open":233.75,"high":234,"low":233.13,"close":233.39,"volume":34595,"time":"2022-05-13T09:24:00.000Z","is_complete":true},{"open":233.39,"high":233.88,"low":233.29,"close":233.46,"volume":13720,"time":"2022-05-13T09:25:00.000Z","is_complete":true},{"open":233.29,"high":233.57,"low":233.29,"close":233.45,"volume":2222,"time":"2022-05-13T09:26:00.000Z","is_complete":true},{"open":233.48,"high":233.48,"low":232.52,"close":232.9,"volume":6514,"time":"2022-05-13T09:27:00.000Z","is_complete":true},{"open":232.9,"high":233,"low":232.71,"close":232.72,"volume":1592,"time":"2022-05-13T09:28:00.000Z","is_complete":true},{"open":232.8,"high":233.1,"low":232.69,"close":233,"volume":7219,"time":"2022-05-13T09:29:00.000Z","is_complete":true},{"open":233,"high":233.1,"low":233,"close":233.1,"volume":1498,"time":"2022-05-13T09:30:00.000Z","is_complete":true},{"open":233.1,"high":233.39,"low":233.03,"close":233.19,"volume":1487,"time":"2022-05-13T09:31:00.000Z","is_complete":true},{"open":233.22,"high":233.36,"low":233.13,"close":233.13,"volume":965,"time":"2022-05-13T09:32:00.000Z","is_complete":true},{"open":233.25,"high":233.4,"low":233.11,"close":233.3,"volume":1129,"time":"2022-05-13T09:33:00.000Z","is_complete":true},{"open":233.4,"high":233.85,"low":233.4,"close":233.58,"volume":3529,"time":"2022-05-13T09:34:00.000Z","is_complete":true},{"open":233.74,"high":233.95,"low":233.56,"close":233.95,"volume":6212,"time":"2022-05-13T09:35:00.000Z","is_complete":true},{"open":233.94,"high":234.57,"low":233.9,"close":234.57,"volume":26375,"time":"2022-05-13T09:36:00.000Z","is_complete":true},{"open":234.54,"high":234.57,"low":234.12,"close":234.51,"volume":6726,"time":"2022-05-13T09:37:00.000Z","is_complete":true},{"open":234.5,"high":234.57,"low":234,"close":234.12,"volume":7222,"time":"2022-05-13T09:38:00.000Z","is_complete":true},{"open":234.15,"high":234.57,"low":234.03,"close":234.56,"volume":10153,"time":"2022-05-13T09:39:00.000Z","is_complete":true},{"open":234.54,"high":235.05,"low":234.5,"close":235,"volume":49399,"time":"2022-05-13T09:40:00.000Z","is_complete":true},{"open":235,"high":235.05,"low":234.52,"close":234.9,"volume":10849,"time":"2022-05-13T09:41:00.000Z","is_complete":true},{"open":234.9,"high":235.35,"low":234.71,"close":235.21,"volume":8206,"time":"2022-05-13T09:42:00.000Z","is_complete":true},{"open":235.25,"high":235.48,"low":235.2,"close":235.41,"volume":9708,"time":"2022-05-13T09:43:00.000Z","is_complete":true},{"open":235.3,"high":235.45,"low":235,"close":235.19,"volume":9196,"time":"2022-05-13T09:44:00.000Z","is_complete":true},{"open":235.17,"high":235.25,"low":234.25,"close":234.31,"volume":23915,"time":"2022-05-13T09:45:00.000Z","is_complete":true},{"open":234.32,"high":234.82,"low":234.31,"close":234.64,"volume":1508,"time":"2022-05-13T09:46:00.000Z","is_complete":true},{"open":234.79,"high":234.88,"low":234.64,"close":234.82,"volume":716,"time":"2022-05-13T09:47:00.000Z","is_complete":true},{"open":234.82,"high":234.96,"low":234.82,"close":234.84,"volume":1292,"time":"2022-05-13T09:48:00.000Z","is_complete":true},{"open":234.84,"high":234.97,"low":234.5,"close":234.5,"volume":2871,"time":"2022-05-13T09:49:00.000Z","is_complete":true},{"open":234.5,"high":234.77,"low":234.01,"close":234.1,"volume":3442,"time":"2022-05-13T09:50:00.000Z","is_complete":true},{"open":234.1,"high":234.4,"low":234.01,"close":234.18,"volume":1010,"time":"2022-05-13T09:51:00.000Z","is_complete":true},{"open":234.18,"high":234.3,"low":234.09,"close":234.2,"volume":1031,"time":"2022-05-13T09:52:00.000Z","is_complete":true},{"open":234.12,"high":234.3,"low":234.11,"close":234.16,"volume":2949,"time":"2022-05-13T09:53:00.000Z","is_complete":true},{"open":234.26,"high":234.46,"low":234.1,"close":234.11,"volume":2542,"time":"2022-05-13T09:54:00.000Z","is_complete":true},{"open":234.2,"high":234.2,"low":233.74,"close":233.9,"volume":3307,"time":"2022-05-13T09:55:00.000Z","is_complete":true},{"open":233.88,"high":233.9,"low":233.6,"close":233.71,"volume":2619,"time":"2022-05-13T09:56:00.000Z","is_complete":true},{"open":233.84,"high":233.84,"low":233.41,"close":233.41,"volume":6426,"time":"2022-05-13T09:57:00.000Z","is_complete":true},{"open":233.53,"high":233.78,"low":233.41,"close":233.78,"volume":1151,"time":"2022-05-13T09:58:00.000Z","is_complete":true},{"open":233.8,"high":233.99,"low":233.64,"close":233.94,"volume":1089,"time":"2022-05-13T09:59:00.000Z","is_complete":true},{"open":233.99,"high":234.3,"low":233.99,"close":234.1,"volume":3064,"time":"2022-05-13T10:00:00.000Z","is_complete":true},{"open":234.1,"high":234.67,"low":234.08,"close":234.52,"volume":2976,"time":"2022-05-13T10:01:00.000Z","is_complete":true},{"open":234.58,"high":234.8,"low":234.53,"close":234.6,"volume":1515,"time":"2022-05-13T10:02:00.000Z","is_complete":true},{"open":234.7,"high":234.76,"low":234.29,"close":234.45,"volume":2533,"time":"2022-05-13T10:03:00.000Z","is_complete":true},{"open":234.4,"high":234.5,"low":234.05,"close":234.27,"volume":1159,"time":"2022-05-13T10:04:00.000Z","is_complete":true},{"open":234.3,"high":234.41,"low":234.27,"close":234.41,"volume":451,"time":"2022-05-13T10:05:00.000Z","is_complete":true},{"open":234.36,"high":234.49,"low":234.33,"close":234.35,"volume":407,"time":"2022-05-13T10:06:00.000Z","is_complete":true},{"open":234.35,"high":234.49,"low":234.33,"close":234.48,"volume":895,"time":"2022-05-13T10:07:00.000Z","is_complete":true},{"open":234.37,"high":234.53,"low":234.24,"close":234.5,"volume":2056,"time":"2022-05-13T10:08:00.000Z","is_complete":true},{"open":234.53,"high":235.12,"low":234.53,"close":235.12,"volume":5633,"time":"2022-05-13T10:09:00.000Z","is_complete":true},{"open":235.13,"high":235.19,"low":235.13,"close":235.18,"volume":2197,"time":"2022-05-13T10:10:00.000Z","is_complete":true},{"open":235.19,"high":235.24,"low":235.15,"close":235.23,"volume":1735,"time":"2022-05-13T10:11:00.000Z","is_complete":true},{"open":235.23,"high":235.4,"low":235.2,"close":235.26,"volume":3372,"time":"2022-05-13T10:12:00.000Z","is_complete":true},{"open":235.28,"high":235.4,"low":235.21,"close":235.28,"volume":4295,"time":"2022-05-13T10:13:00.000Z","is_complete":true},{"open":235.28,"high":235.32,"low":235.01,"close":235.16,"volume":6113,"time":"2022-05-13T10:14:00.000Z","is_complete":true},{"open":235.13,"high":235.16,"low":234.97,"close":235.1,"volume":1727,"time":"2022-05-13T10:15:00.000Z","is_complete":true},{"open":235.01,"high":235.16,"low":234.93,"close":234.99,"volume":1169,"time":"2022-05-13T10:16:00.000Z","is_complete":true},{"open":235.08,"high":235.09,"low":234.67,"close":234.67,"volume":2119,"time":"2022-05-13T10:17:00.000Z","is_complete":true},{"open":234.83,"high":235.78,"low":234.75,"close":235.69,"volume":16123,"time":"2022-05-13T10:18:00.000Z","is_complete":true},{"open":235.7,"high":235.86,"low":235.47,"close":235.62,"volume":4060,"time":"2022-05-13T10:19:00.000Z","is_complete":true},{"open":235.62,"high":235.77,"low":235.55,"close":235.77,"volume":926,"time":"2022-05-13T10:20:00.000Z","is_complete":true},{"open":235.77,"high":235.83,"low":235.62,"close":235.79,"volume":3787,"time":"2022-05-13T10:21:00.000Z","is_complete":true},{"open":235.77,"high":235.79,"low":235.44,"close":235.66,"volume":1658,"time":"2022-05-13T10:22:00.000Z","is_complete":true},{"open":235.66,"high":235.73,"low":235.4,"close":235.43,"volume":1816,"time":"2022-05-13T10:23:00.000Z","is_complete":true},{"open":235.43,"high":235.43,"low":234.82,"close":235,"volume":4529,"time":"2022-05-13T10:24:00.000Z","is_complete":true},{"open":234.97,"high":234.99,"low":234.52,"close":234.67,"volume":3437,"time":"2022-05-13T10:25:00.000Z","is_complete":true},{"open":234.68,"high":235.47,"low":234.68,"close":235.46,"volume":2241,"time":"2022-05-13T10:26:00.000Z","is_complete":true},{"open":235.26,"high":235.36,"low":235.13,"close":235.36,"volume":789,"time":"2022-05-13T10:27:00.000Z","is_complete":true},{"open":235.3,"high":235.4,"low":235.27,"close":235.38,"volume":800,"time":"2022-05-13T10:28:00.000Z","is_complete":true},{"open":235.38,"high":235.38,"low":234.8,"close":234.98,"volume":3228,"time":"2022-05-13T10:29:00.000Z","is_complete":true},{"open":234.91,"high":234.99,"low":234.75,"close":234.82,"volume":1477,"time":"2022-05-13T10:30:00.000Z","is_complete":true},{"open":234.84,"high":234.85,"low":234.8,"close":234.8,"volume":928,"time":"2022-05-13T10:31:00.000Z","is_complete":true},{"open":234.85,"high":234.85,"low":234.8,"close":234.81,"volume":1823,"time":"2022-05-13T10:32:00.000Z","is_complete":true},{"open":234.85,"high":234.85,"low":234.8,"close":234.85,"volume":568,"time":"2022-05-13T10:33:00.000Z","is_complete":true},{"open":234.82,"high":234.85,"low":234.8,"close":234.8,"volume":1262,"time":"2022-05-13T10:34:00.000Z","is_complete":true},{"open":234.81,"high":234.95,"low":234.8,"close":234.95,"volume":1561,"time":"2022-05-13T10:35:00.000Z","is_complete":true},{"open":234.86,"high":234.98,"low":234.51,"close":234.6,"volume":6690,"time":"2022-05-13T10:36:00.000Z","is_complete":true},{"open":234.51,"high":234.7,"low":234.32,"close":234.32,"volume":3253,"time":"2022-05-13T10:37:00.000Z","is_complete":true},{"open":234.44,"high":234.6,"low":234.32,"close":234.4,"volume":1720,"time":"2022-05-13T10:38:00.000Z","is_complete":true},{"open":234.47,"high":234.6,"low":234.36,"close":234.47,"volume":782,"time":"2022-05-13T10:39:00.000Z","is_complete":true},{"open":234.42,"high":234.8,"low":234.3,"close":234.59,"volume":3140,"time":"2022-05-13T10:40:00.000Z","is_complete":true},{"open":234.58,"high":234.98,"low":234.31,"close":234.97,"volume":1498,"time":"2022-05-13T10:41:00.000Z","is_complete":true},{"open":234.91,"high":234.98,"low":234.84,"close":234.9,"volume":513,"time":"2022-05-13T10:42:00.000Z","is_complete":true},{"open":234.97,"high":235.37,"low":234.9,"close":235.37,"volume":2769,"time":"2022-05-13T10:43:00.000Z","is_complete":true},{"open":235.27,"high":235.4,"low":235.04,"close":235.24,"volume":2458,"time":"2022-05-13T10:44:00.000Z","is_complete":true},{"open":235.23,"high":235.45,"low":235.11,"close":235.41,"volume":1361,"time":"2022-05-13T10:45:00.000Z","is_complete":true},{"open":235.4,"high":235.4,"low":235.23,"close":235.34,"volume":459,"time":"2022-05-13T10:46:00.000Z","is_complete":true},{"open":235.34,"high":235.41,"low":235.21,"close":235.21,"volume":751,"time":"2022-05-13T10:47:00.000Z","is_complete":true},{"open":235.33,"high":235.38,"low":235.21,"close":235.23,"volume":1080,"time":"2022-05-13T10:48:00.000Z","is_complete":true},{"open":235.21,"high":235.35,"low":234.98,"close":235,"volume":1610,"time":"2022-05-13T10:49:00.000Z","is_complete":true},{"open":235,"high":235.26,"low":235,"close":235.03,"volume":1067,"time":"2022-05-13T10:50:00.000Z","is_complete":true},{"open":235.03,"high":235.29,"low":234.86,"close":234.9,"volume":1095,"time":"2022-05-13T10:51:00.000Z","is_complete":true},{"open":234.97,"high":235.04,"low":234.82,"close":235,"volume":1419,"time":"2022-05-13T10:52:00.000Z","is_complete":true},{"open":235,"high":235.04,"low":234.83,"close":234.99,"volume":1047,"time":"2022-05-13T10:53:00.000Z","is_complete":true},{"open":234.99,"high":235,"low":234.9,"close":234.9,"volume":626,"time":"2022-05-13T10:54:00.000Z","is_complete":true},{"open":234.9,"high":235,"low":234.89,"close":234.98,"volume":553,"time":"2022-05-13T10:55:00.000Z","is_complete":true},{"open":234.98,"high":235,"low":234.8,"close":234.98,"volume":664,"time":"2022-05-13T10:56:00.000Z","is_complete":true},{"open":234.9,"high":235,"low":234.82,"close":234.98,"volume":441,"time":"2022-05-13T10:57:00.000Z","is_complete":true},{"open":235,"high":235,"low":234.88,"close":235,"volume":517,"time":"2022-05-13T10:58:00.000Z","is_complete":true},{"open":234.99,"high":235,"low":234.8,"close":234.88,"volume":1889,"time":"2022-05-13T10:59:00.000Z","is_complete":true},{"open":234.88,"high":234.88,"low":234.76,"close":234.8,"volume":2277,"time":"2022-05-13T11:00:00.000Z","is_complete":true},{"open":234.8,"high":234.81,"low":234.53,"close":234.79,"volume":1756,"time":"2022-05-13T11:01:00.000Z","is_complete":true},{"open":234.8,"high":234.8,"low":234.34,"close":234.53,"volume":4051,"time":"2022-05-13T11:02:00.000Z","is_complete":true},{"open":234.54,"high":234.54,"low":234.3,"close":234.49,"volume":3313,"time":"2022-05-13T11:03:00.000Z","is_complete":true},{"open":234.5,"high":234.69,"low":234.5,"close":234.52,"volume":704,"time":"2022-05-13T11:04:00.000Z","is_complete":true},{"open":234.52,"high":234.81,"low":234.48,"close":234.81,"volume":1586,"time":"2022-05-13T11:05:00.000Z","is_complete":true},{"open":234.76,"high":234.81,"low":234.48,"close":234.68,"volume":2456,"time":"2022-05-13T11:06:00.000Z","is_complete":true},{"open":234.67,"high":234.79,"low":234.57,"close":234.68,"volume":699,"time":"2022-05-13T11:07:00.000Z","is_complete":true},{"open":234.78,"high":234.81,"low":234.48,"close":234.6,"volume":937,"time":"2022-05-13T11:08:00.000Z","is_complete":true},{"open":234.6,"high":234.78,"low":234.48,"close":234.61,"volume":1218,"time":"2022-05-13T11:09:00.000Z","is_complete":true},{"open":234.49,"high":234.65,"low":234.48,"close":234.65,"volume":577,"time":"2022-05-13T11:10:00.000Z","is_complete":true},{"open":234.65,"high":234.8,"low":234.62,"close":234.7,"volume":358,"time":"2022-05-13T11:11:00.000Z","is_complete":true},{"open":234.64,"high":234.7,"low":234.48,"close":234.48,"volume":1647,"time":"2022-05-13T11:12:00.000Z","is_complete":true},{"open":234.48,"high":234.63,"low":234.35,"close":234.35,"volume":1261,"time":"2022-05-13T11:13:00.000Z","is_complete":true},{"open":234.35,"high":234.43,"low":234.3,"close":234.35,"volume":3915,"time":"2022-05-13T11:14:00.000Z","is_complete":true},{"open":234.43,"high":234.44,"low":234.3,"close":234.3,"volume":1457,"time":"2022-05-13T11:15:00.000Z","is_complete":true},{"open":234.41,"high":234.41,"low":234.3,"close":234.3,"volume":3135,"time":"2022-05-13T11:16:00.000Z","is_complete":true},{"open":234.33,"high":234.44,"low":234.3,"close":234.3,"volume":721,"time":"2022-05-13T11:17:00.000Z","is_complete":true},{"open":234.33,"high":234.44,"low":234.02,"close":234.02,"volume":6634,"time":"2022-05-13T11:18:00.000Z","is_complete":true},{"open":234.03,"high":234.17,"low":234.01,"close":234.02,"volume":8311,"time":"2022-05-13T11:19:00.000Z","is_complete":true},{"open":234.01,"high":234.02,"low":234.01,"close":234.01,"volume":3784,"time":"2022-05-13T11:20:00.000Z","is_complete":true},{"open":234.01,"high":234.15,"low":234.01,"close":234.1,"volume":6188,"time":"2022-05-13T11:21:00.000Z","is_complete":true},{"open":234.1,"high":234.28,"low":234.1,"close":234.26,"volume":3488,"time":"2022-05-13T11:22:00.000Z","is_complete":true},{"open":234.23,"high":234.28,"low":234.15,"close":234.18,"volume":466,"time":"2022-05-13T11:23:00.000Z","is_complete":true},{"open":234.15,"high":234.26,"low":234.15,"close":234.19,"volume":558,"time":"2022-05-13T11:24:00.000Z","is_complete":true},{"open":234.15,"high":234.19,"low":234.01,"close":234.04,"volume":2024,"time":"2022-05-13T11:25:00.000Z","is_complete":true},{"open":234.14,"high":234.2,"low":234.07,"close":234.15,"volume":1110,"time":"2022-05-13T11:26:00.000Z","is_complete":true},{"open":234.15,"high":234.19,"low":234.02,"close":234.1,"volume":723,"time":"2022-05-13T11:27:00.000Z","is_complete":true},{"open":234.1,"high":234.16,"low":234.04,"close":234.14,"volume":493,"time":"2022-05-13T11:28:00.000Z","is_complete":true},{"open":234.14,"high":234.19,"low":234.1,"close":234.18,"volume":348,"time":"2022-05-13T11:29:00.000Z","is_complete":true},{"open":234.18,"high":234.38,"low":234.1,"close":234.36,"volume":1825,"time":"2022-05-13T11:30:00.000Z","is_complete":true},{"open":234.35,"high":234.44,"low":234.27,"close":234.44,"volume":3968,"time":"2022-05-13T11:31:00.000Z","is_complete":true},{"open":234.43,"high":234.44,"low":234.42,"close":234.44,"volume":5268,"time":"2022-05-13T11:32:00.000Z","is_complete":true},{"open":234.44,"high":234.53,"low":234.25,"close":234.53,"volume":7677,"time":"2022-05-13T11:33:00.000Z","is_complete":true},{"open":234.53,"high":234.53,"low":234.37,"close":234.4,"volume":1376,"time":"2022-05-13T11:34:00.000Z","is_complete":true},{"open":234.49,"high":234.85,"low":234.42,"close":234.73,"volume":1741,"time":"2022-05-13T11:35:00.000Z","is_complete":true},{"open":234.83,"high":234.87,"low":234.66,"close":234.83,"volume":990,"time":"2022-05-13T11:36:00.000Z","is_complete":true},{"open":234.73,"high":234.88,"low":234.64,"close":234.65,"volume":1478,"time":"2022-05-13T11:37:00.000Z","is_complete":true},{"open":234.65,"high":234.94,"low":234.62,"close":234.86,"volume":3189,"time":"2022-05-13T11:38:00.000Z","is_complete":true},{"open":234.94,"high":234.95,"low":234.85,"close":234.86,"volume":1502,"time":"2022-05-13T11:39:00.000Z","is_complete":true},{"open":234.86,"high":235,"low":234.85,"close":234.99,"volume":3026,"time":"2022-05-13T11:40:00.000Z","is_complete":true},{"open":234.9,"high":234.99,"low":234.85,"close":234.85,"volume":1364,"time":"2022-05-13T11:41:00.000Z","is_complete":true},{"open":234.86,"high":234.97,"low":234.85,"close":234.86,"volume":437,"time":"2022-05-13T11:42:00.000Z","is_complete":true},{"open":234.86,"high":234.99,"low":234.86,"close":234.97,"volume":794,"time":"2022-05-13T11:43:00.000Z","is_complete":true},{"open":234.97,"high":234.97,"low":234.9,"close":234.96,"volume":743,"time":"2022-05-13T11:44:00.000Z","is_complete":true},{"open":234.91,"high":234.96,"low":234.9,"close":234.91,"volume":376,"time":"2022-05-13T11:45:00.000Z","is_complete":true},{"open":234.96,"high":234.97,"low":234.9,"close":234.96,"volume":764,"time":"2022-05-13T11:46:00.000Z","is_complete":true},{"open":234.96,"high":234.96,"low":234.87,"close":234.96,"volume":1103,"time":"2022-05-13T11:47:00.000Z","is_complete":true},{"open":234.96,"high":235,"low":234.94,"close":234.94,"volume":1381,"time":"2022-05-13T11:48:00.000Z","is_complete":true},{"open":234.94,"high":235,"low":234.94,"close":235,"volume":1188,"time":"2022-05-13T11:49:00.000Z","is_complete":true},{"open":235,"high":235,"low":234.97,"close":235,"volume":971,"time":"2022-05-13T11:50:00.000Z","is_complete":true},{"open":234.99,"high":235.17,"low":234.98,"close":235.1,"volume":10236,"time":"2022-05-13T11:51:00.000Z","is_complete":true},{"open":235.04,"high":235.4,"low":235,"close":235.04,"volume":4324,"time":"2022-05-13T11:52:00.000Z","is_complete":true},{"open":235.05,"high":235.19,"low":235.01,"close":235.02,"volume":1607,"time":"2022-05-13T11:53:00.000Z","is_complete":true},{"open":235.11,"high":235.17,"low":235,"close":235.01,"volume":1124,"time":"2022-05-13T11:54:00.000Z","is_complete":true},{"open":235.05,"high":235.16,"low":234.85,"close":234.86,"volume":3969,"time":"2022-05-13T11:55:00.000Z","is_complete":true},{"open":234.86,"high":235,"low":234.85,"close":234.99,"volume":372,"time":"2022-05-13T11:56:00.000Z","is_complete":true},{"open":234.89,"high":235,"low":234.85,"close":234.86,"volume":548,"time":"2022-05-13T11:57:00.000Z","is_complete":true},{"open":234.97,"high":234.98,"low":234.86,"close":234.86,"volume":344,"time":"2022-05-13T11:58:00.000Z","is_complete":true},{"open":234.96,"high":234.98,"low":234.86,"close":234.9,"volume":313,"time":"2022-05-13T11:59:00.000Z","is_complete":true},{"open":234.9,"high":234.98,"low":234.85,"close":234.85,"volume":845,"time":"2022-05-13T12:00:00.000Z","is_complete":true},{"open":234.89,"high":234.98,"low":234.74,"close":234.74,"volume":1362,"time":"2022-05-13T12:01:00.000Z","is_complete":true},{"open":234.83,"high":234.85,"low":234.4,"close":234.5,"volume":2318,"time":"2022-05-13T12:02:00.000Z","is_complete":true},{"open":234.43,"high":234.56,"low":234.04,"close":234.04,"volume":1178,"time":"2022-05-13T12:03:00.000Z","is_complete":true},{"open":234.19,"high":234.25,"low":234.01,"close":234.12,"volume":4682,"time":"2022-05-13T12:04:00.000Z","is_complete":true},{"open":234.13,"high":234.28,"low":234.1,"close":234.12,"volume":2754,"time":"2022-05-13T12:05:00.000Z","is_complete":true},{"open":234.11,"high":234.12,"low":234.02,"close":234.12,"volume":2113,"time":"2022-05-13T12:06:00.000Z","is_complete":true},{"open":234.12,"high":234.12,"low":234.03,"close":234.12,"volume":1083,"time":"2022-05-13T12:07:00.000Z","is_complete":true},{"open":234.12,"high":234.71,"low":234.12,"close":234.39,"volume":5774,"time":"2022-05-13T12:08:00.000Z","is_complete":true},{"open":234.39,"high":234.53,"low":234.03,"close":234.09,"volume":2697,"time":"2022-05-13T12:09:00.000Z","is_complete":true},{"open":234.06,"high":234.34,"low":234.02,"close":234.28,"volume":673,"time":"2022-05-13T12:10:00.000Z","is_complete":true},{"open":234.22,"high":234.3,"low":234.1,"close":234.27,"volume":1023,"time":"2022-05-13T12:11:00.000Z","is_complete":true},{"open":234.26,"high":234.5,"low":234.11,"close":234.22,"volume":1021,"time":"2022-05-13T12:12:00.000Z","is_complete":true},{"open":234.21,"high":234.27,"low":234.1,"close":234.23,"volume":1166,"time":"2022-05-13T12:13:00.000Z","is_complete":true},{"open":234.12,"high":234.26,"low":234.11,"close":234.23,"volume":587,"time":"2022-05-13T12:14:00.000Z","is_complete":true},{"open":234.15,"high":234.25,"low":234.08,"close":234.11,"volume":1686,"time":"2022-05-13T12:15:00.000Z","is_complete":true},{"open":234.16,"high":234.29,"low":234.1,"close":234.25,"volume":313,"time":"2022-05-13T12:16:00.000Z","is_complete":true},{"open":234.25,"high":234.49,"low":234.15,"close":234.3,"volume":1689,"time":"2022-05-13T12:17:00.000Z","is_complete":true},{"open":234.3,"high":234.3,"low":234.13,"close":234.13,"volume":1422,"time":"2022-05-13T12:18:00.000Z","is_complete":true},{"open":234.24,"high":234.25,"low":234.05,"close":234.07,"volume":973,"time":"2022-05-13T12:19:00.000Z","is_complete":true},{"open":234.1,"high":234.2,"low":234.01,"close":234.1,"volume":3160,"time":"2022-05-13T12:20:00.000Z","is_complete":true},{"open":234.18,"high":234.2,"low":234.01,"close":234.1,"volume":3542,"time":"2022-05-13T12:21:00.000Z","is_complete":true},{"open":234.1,"high":234.17,"low":234.02,"close":234.12,"volume":641,"time":"2022-05-13T12:22:00.000Z","is_complete":true},{"open":234.04,"high":234.12,"low":233.5,"close":233.5,"volume":12408,"time":"2022-05-13T12:23:00.000Z","is_complete":true},{"open":233.51,"high":233.65,"low":233.5,"close":233.53,"volume":1313,"time":"2022-05-13T12:24:00.000Z","is_complete":true},{"open":233.53,"high":233.65,"low":233.5,"close":233.51,"volume":1142,"time":"2022-05-13T12:25:00.000Z","is_complete":true},{"open":233.6,"high":233.65,"low":233.5,"close":233.6,"volume":1130,"time":"2022-05-13T12:26:00.000Z","is_complete":true},{"open":233.6,"high":233.9,"low":233.57,"close":233.66,"volume":1519,"time":"2022-05-13T12:27:00.000Z","is_complete":true},{"open":233.66,"high":233.82,"low":233.57,"close":233.74,"volume":856,"time":"2022-05-13T12:28:00.000Z","is_complete":true},{"open":233.72,"high":233.89,"low":233.6,"close":233.89,"volume":909,"time":"2022-05-13T12:29:00.000Z","is_complete":true},{"open":233.8,"high":233.97,"low":233.8,"close":233.92,"volume":631,"time":"2022-05-13T12:30:00.000Z","is_complete":true},{"open":233.92,"high":234,"low":233.9,"close":234,"volume":1864,"time":"2022-05-13T12:31:00.000Z","is_complete":true},{"open":234,"high":234.3,"low":234,"close":234.12,"volume":1774,"time":"2022-05-13T12:32:00.000Z","is_complete":true},{"open":234.05,"high":234.25,"low":234.04,"close":234.04,"volume":580,"time":"2022-05-13T12:33:00.000Z","is_complete":true},{"open":234.04,"high":234.21,"low":234.04,"close":234.1,"volume":862,"time":"2022-05-13T12:34:00.000Z","is_complete":true},{"open":234.1,"high":234.2,"low":234.02,"close":234.1,"volume":686,"time":"2022-05-13T12:35:00.000Z","is_complete":true},{"open":234.1,"high":234.2,"low":234.04,"close":234.1,"volume":833,"time":"2022-05-13T12:36:00.000Z","is_complete":true},{"open":234.1,"high":234.2,"low":234.02,"close":234.08,"volume":397,"time":"2022-05-13T12:37:00.000Z","is_complete":true},{"open":234.08,"high":234.15,"low":234.03,"close":234.11,"volume":241,"time":"2022-05-13T12:38:00.000Z","is_complete":true},{"open":234.05,"high":234.19,"low":234.02,"close":234.05,"volume":591,"time":"2022-05-13T12:39:00.000Z","is_complete":true},{"open":234.1,"high":234.1,"low":234.02,"close":234.03,"volume":488,"time":"2022-05-13T12:40:00.000Z","is_complete":true},{"open":234.1,"high":234.27,"low":234.07,"close":234.27,"volume":1107,"time":"2022-05-13T12:41:00.000Z","is_complete":true},{"open":234.28,"high":234.46,"low":234.19,"close":234.46,"volume":4418,"time":"2022-05-13T12:42:00.000Z","is_complete":true},{"open":234.45,"high":234.7,"low":234.39,"close":234.6,"volume":1427,"time":"2022-05-13T12:43:00.000Z","is_complete":true},{"open":234.66,"high":234.78,"low":234.59,"close":234.65,"volume":1255,"time":"2022-05-13T12:44:00.000Z","is_complete":true},{"open":234.75,"high":234.83,"low":234.62,"close":234.81,"volume":2097,"time":"2022-05-13T12:45:00.000Z","is_complete":true},{"open":234.81,"high":234.85,"low":234.44,"close":234.7,"volume":3871,"time":"2022-05-13T12:46:00.000Z","is_complete":true},{"open":234.51,"high":234.7,"low":234.4,"close":234.5,"volume":1006,"time":"2022-05-13T12:47:00.000Z","is_complete":true},{"open":234.5,"high":234.66,"low":234.42,"close":234.48,"volume":677,"time":"2022-05-13T12:48:00.000Z","is_complete":true},{"open":234.44,"high":234.7,"low":234.4,"close":234.59,"volume":646,"time":"2022-05-13T12:49:00.000Z","is_complete":true},{"open":234.66,"high":234.85,"low":234.33,"close":234.85,"volume":2633,"time":"2022-05-13T12:50:00.000Z","is_complete":true},{"open":234.85,"high":234.85,"low":234.59,"close":234.75,"volume":665,"time":"2022-05-13T12:51:00.000Z","is_complete":true},{"open":234.81,"high":234.85,"low":234.71,"close":234.85,"volume":1011,"time":"2022-05-13T12:52:00.000Z","is_complete":true},{"open":234.85,"high":234.85,"low":234.7,"close":234.84,"volume":696,"time":"2022-05-13T12:53:00.000Z","is_complete":true},{"open":234.71,"high":234.85,"low":234.49,"close":234.49,"volume":629,"time":"2022-05-13T12:54:00.000Z","is_complete":true},{"open":234.46,"high":234.6,"low":234.3,"close":234.44,"volume":663,"time":"2022-05-13T12:55:00.000Z","is_complete":true},{"open":234.44,"high":234.59,"low":234.43,"close":234.44,"volume":520,"time":"2022-05-13T12:56:00.000Z","is_complete":true},{"open":234.44,"high":234.6,"low":234.44,"close":234.59,"volume":485,"time":"2022-05-13T12:57:00.000Z","is_complete":true},{"open":234.46,"high":234.6,"low":234.45,"close":234.5,"volume":1086,"time":"2022-05-13T12:58:00.000Z","is_complete":true},{"open":234.59,"high":234.79,"low":234.5,"close":234.77,"volume":1525,"time":"2022-05-13T12:59:00.000Z","is_complete":true},{"open":234.68,"high":234.83,"low":234.44,"close":234.69,"volume":2624,"time":"2022-05-13T13:00:00.000Z","is_complete":true},{"open":234.63,"high":234.83,"low":234.5,"close":234.77,"volume":1467,"time":"2022-05-13T13:01:00.000Z","is_complete":true},{"open":234.64,"high":234.83,"low":234.55,"close":234.7,"volume":1001,"time":"2022-05-13T13:02:00.000Z","is_complete":true},{"open":234.69,"high":234.84,"low":234.61,"close":234.62,"volume":496,"time":"2022-05-13T13:03:00.000Z","is_complete":true},{"open":234.61,"high":234.62,"low":234.5,"close":234.5,"volume":1016,"time":"2022-05-13T13:04:00.000Z","is_complete":true},{"open":234.62,"high":234.62,"low":234.5,"close":234.56,"volume":348,"time":"2022-05-13T13:05:00.000Z","is_complete":true},{"open":234.62,"high":234.69,"low":234.44,"close":234.67,"volume":928,"time":"2022-05-13T13:06:00.000Z","is_complete":true},{"open":234.66,"high":234.68,"low":234.47,"close":234.49,"volume":923,"time":"2022-05-13T13:07:00.000Z","is_complete":true},{"open":234.48,"high":234.67,"low":234.46,"close":234.52,"volume":241,"time":"2022-05-13T13:08:00.000Z","is_complete":true},{"open":234.65,"high":234.7,"low":234.57,"close":234.69,"volume":251,"time":"2022-05-13T13:09:00.000Z","is_complete":true},{"open":234.69,"high":234.8,"low":234.59,"close":234.72,"volume":2361,"time":"2022-05-13T13:10:00.000Z","is_complete":true},{"open":234.8,"high":234.84,"low":234.7,"close":234.8,"volume":1782,"time":"2022-05-13T13:11:00.000Z","is_complete":true},{"open":234.71,"high":234.85,"low":234.71,"close":234.85,"volume":615,"time":"2022-05-13T13:12:00.000Z","is_complete":true},{"open":234.85,"high":235,"low":234.84,"close":235,"volume":6678,"time":"2022-05-13T13:13:00.000Z","is_complete":true},{"open":234.98,"high":235,"low":234.98,"close":234.98,"volume":5729,"time":"2022-05-13T13:14:00.000Z","is_complete":true},{"open":234.99,"high":235.1,"low":234.73,"close":234.84,"volume":3372,"time":"2022-05-13T13:15:00.000Z","is_complete":true},{"open":234.84,"high":234.99,"low":234.79,"close":234.97,"volume":735,"time":"2022-05-13T13:16:00.000Z","is_complete":true},{"open":234.98,"high":234.99,"low":234.97,"close":234.98,"volume":855,"time":"2022-05-13T13:17:00.000Z","is_complete":true},{"open":234.98,"high":234.99,"low":234.97,"close":234.98,"volume":982,"time":"2022-05-13T13:18:00.000Z","is_complete":true},{"open":234.98,"high":234.99,"low":234.71,"close":234.71,"volume":1904,"time":"2022-05-13T13:19:00.000Z","is_complete":true},{"open":234.75,"high":234.8,"low":234.7,"close":234.7,"volume":818,"time":"2022-05-13T13:20:00.000Z","is_complete":true},{"open":234.75,"high":234.95,"low":234.7,"close":234.7,"volume":4245,"time":"2022-05-13T13:21:00.000Z","is_complete":true},{"open":234.78,"high":234.79,"low":234.7,"close":234.75,"volume":457,"time":"2022-05-13T13:22:00.000Z","is_complete":true},{"open":234.75,"high":234.75,"low":234.44,"close":234.7,"volume":2736,"time":"2022-05-13T13:23:00.000Z","is_complete":true},{"open":234.61,"high":234.75,"low":234.31,"close":234.48,"volume":839,"time":"2022-05-13T13:24:00.000Z","is_complete":true},{"open":234.41,"high":234.6,"low":234.41,"close":234.5,"volume":458,"time":"2022-05-13T13:25:00.000Z","is_complete":true},{"open":234.51,"high":234.6,"low":234.49,"close":234.58,"volume":1183,"time":"2022-05-13T13:26:00.000Z","is_complete":true},{"open":234.58,"high":234.59,"low":234.44,"close":234.5,"volume":405,"time":"2022-05-13T13:27:00.000Z","is_complete":true},{"open":234.57,"high":234.59,"low":234.44,"close":234.58,"volume":230,"time":"2022-05-13T13:28:00.000Z","is_complete":true},{"open":234.46,"high":234.59,"low":234.45,"close":234.59,"volume":227,"time":"2022-05-13T13:29:00.000Z","is_complete":true},{"open":234.47,"high":234.6,"low":234.46,"close":234.49,"volume":1381,"time":"2022-05-13T13:30:00.000Z","is_complete":true},{"open":234.58,"high":234.76,"low":234.45,"close":234.74,"volume":539,"time":"2022-05-13T13:31:00.000Z","is_complete":true},{"open":234.65,"high":234.75,"low":234.58,"close":234.73,"volume":602,"time":"2022-05-13T13:32:00.000Z","is_complete":true},{"open":234.73,"high":234.79,"low":234.73,"close":234.79,"volume":1306,"time":"2022-05-13T13:33:00.000Z","is_complete":true},{"open":234.79,"high":234.79,"low":234.66,"close":234.73,"volume":410,"time":"2022-05-13T13:34:00.000Z","is_complete":true},{"open":234.76,"high":234.92,"low":234.72,"close":234.9,"volume":1891,"time":"2022-05-13T13:35:00.000Z","is_complete":true},{"open":234.9,"high":234.9,"low":234.75,"close":234.9,"volume":570,"time":"2022-05-13T13:36:00.000Z","is_complete":true},{"open":234.9,"high":234.9,"low":234.78,"close":234.9,"volume":1766,"time":"2022-05-13T13:37:00.000Z","is_complete":true},{"open":234.8,"high":234.98,"low":234.75,"close":234.86,"volume":1145,"time":"2022-05-13T13:38:00.000Z","is_complete":true},{"open":234.86,"high":234.98,"low":234.81,"close":234.85,"volume":1137,"time":"2022-05-13T13:39:00.000Z","is_complete":true},{"open":234.95,"high":234.98,"low":234.84,"close":234.9,"volume":2710,"time":"2022-05-13T13:40:00.000Z","is_complete":true},{"open":234.88,"high":234.9,"low":234.77,"close":234.77,"volume":421,"time":"2022-05-13T13:41:00.000Z","is_complete":true},{"open":234.9,"high":234.9,"low":234.75,"close":234.89,"volume":298,"time":"2022-05-13T13:42:00.000Z","is_complete":true},{"open":234.89,"high":234.98,"low":234.77,"close":234.86,"volume":1696,"time":"2022-05-13T13:43:00.000Z","is_complete":true},{"open":234.87,"high":234.97,"low":234.81,"close":234.83,"volume":335,"time":"2022-05-13T13:44:00.000Z","is_complete":true},{"open":234.86,"high":234.97,"low":234.81,"close":234.95,"volume":721,"time":"2022-05-13T13:45:00.000Z","is_complete":true},{"open":234.95,"high":234.98,"low":234.84,"close":234.97,"volume":1291,"time":"2022-05-13T13:46:00.000Z","is_complete":true},{"open":234.97,"high":234.98,"low":234.89,"close":234.89,"volume":759,"time":"2022-05-13T13:47:00.000Z","is_complete":true},{"open":234.9,"high":234.98,"low":234.85,"close":234.85,"volume":491,"time":"2022-05-13T13:48:00.000Z","is_complete":true},{"open":234.89,"high":234.96,"low":234.75,"close":234.94,"volume":418,"time":"2022-05-13T13:49:00.000Z","is_complete":true},{"open":234.96,"high":234.98,"low":234.85,"close":234.98,"volume":1268,"time":"2022-05-13T13:50:00.000Z","is_complete":true},{"open":234.91,"high":234.98,"low":234.88,"close":234.9,"volume":1870,"time":"2022-05-13T13:51:00.000Z","is_complete":true},{"open":234.96,"high":234.97,"low":234.75,"close":234.89,"volume":953,"time":"2022-05-13T13:52:00.000Z","is_complete":true},{"open":234.77,"high":234.86,"low":234.37,"close":234.62,"volume":3126,"time":"2022-05-13T13:53:00.000Z","is_complete":true},{"open":234.74,"high":234.83,"low":234.51,"close":234.52,"volume":922,"time":"2022-05-13T13:54:00.000Z","is_complete":true},{"open":234.62,"high":234.84,"low":234.52,"close":234.81,"volume":2050,"time":"2022-05-13T13:55:00.000Z","is_complete":true},{"open":234.66,"high":234.88,"low":234.66,"close":234.87,"volume":290,"time":"2022-05-13T13:56:00.000Z","is_complete":true},{"open":234.88,"high":234.97,"low":234.88,"close":234.97,"volume":1462,"time":"2022-05-13T13:57:00.000Z","is_complete":true},{"open":234.92,"high":234.98,"low":234.78,"close":234.97,"volume":1187,"time":"2022-05-13T13:58:00.000Z","is_complete":true},{"open":234.97,"high":234.98,"low":234.78,"close":234.91,"volume":433,"time":"2022-05-13T13:59:00.000Z","is_complete":true},{"open":234.92,"high":234.99,"low":234.92,"close":234.99,"volume":2136,"time":"2022-05-13T14:00:00.000Z","is_complete":true},{"open":234.98,"high":234.99,"low":234.91,"close":234.99,"volume":1623,"time":"2022-05-13T14:01:00.000Z","is_complete":true},{"open":234.98,"high":234.99,"low":234.79,"close":234.94,"volume":848,"time":"2022-05-13T14:02:00.000Z","is_complete":true},{"open":234.95,"high":234.99,"low":234.75,"close":234.98,"volume":574,"time":"2022-05-13T14:03:00.000Z","is_complete":true},{"open":234.98,"high":234.99,"low":234.88,"close":234.96,"volume":836,"time":"2022-05-13T14:04:00.000Z","is_complete":true},{"open":234.92,"high":234.99,"low":234.89,"close":234.89,"volume":490,"time":"2022-05-13T14:05:00.000Z","is_complete":true},{"open":234.88,"high":234.99,"low":234.82,"close":234.9,"volume":1215,"time":"2022-05-13T14:06:00.000Z","is_complete":true},{"open":234.84,"high":234.99,"low":234.84,"close":234.99,"volume":998,"time":"2022-05-13T14:07:00.000Z","is_complete":true},{"open":234.99,"high":234.99,"low":234.81,"close":234.81,"volume":915,"time":"2022-05-13T14:08:00.000Z","is_complete":true},{"open":234.81,"high":234.98,"low":234.73,"close":234.73,"volume":1187,"time":"2022-05-13T14:09:00.000Z","is_complete":true},{"open":234.91,"high":234.98,"low":234.73,"close":234.94,"volume":1495,"time":"2022-05-13T14:10:00.000Z","is_complete":true},{"open":234.94,"high":234.98,"low":234.84,"close":234.98,"volume":1117,"time":"2022-05-13T14:11:00.000Z","is_complete":true},{"open":234.98,"high":234.98,"low":234.97,"close":234.98,"volume":950,"time":"2022-05-13T14:12:00.000Z","is_complete":true},{"open":234.98,"high":234.99,"low":234.84,"close":234.99,"volume":1950,"time":"2022-05-13T14:13:00.000Z","is_complete":true},{"open":234.99,"high":234.99,"low":234.9,"close":234.9,"volume":892,"time":"2022-05-13T14:14:00.000Z","is_complete":true},{"open":234.9,"high":234.99,"low":234.9,"close":234.98,"volume":1260,"time":"2022-05-13T14:15:00.000Z","is_complete":true},{"open":234.98,"high":234.99,"low":234.88,"close":234.88,"volume":781,"time":"2022-05-13T14:16:00.000Z","is_complete":true},{"open":234.87,"high":234.98,"low":234.79,"close":234.97,"volume":771,"time":"2022-05-13T14:17:00.000Z","is_complete":true},{"open":234.97,"high":235,"low":234.86,"close":235,"volume":10884,"time":"2022-05-13T14:18:00.000Z","is_complete":true},{"open":235,"high":235.5,"low":235,"close":235.4,"volume":12493,"time":"2022-05-13T14:19:00.000Z","is_complete":true},{"open":235.31,"high":235.69,"low":235.27,"close":235.65,"volume":6119,"time":"2022-05-13T14:20:00.000Z","is_complete":true},{"open":235.65,"high":235.83,"low":235.58,"close":235.81,"volume":3066,"time":"2022-05-13T14:21:00.000Z","is_complete":true},{"open":235.71,"high":236.2,"low":235.4,"close":235.47,"volume":13291,"time":"2022-05-13T14:22:00.000Z","is_complete":true},{"open":235.1,"high":235.53,"low":235.1,"close":235.48,"volume":4269,"time":"2022-05-13T14:23:00.000Z","is_complete":true},{"open":235.43,"high":235.85,"low":235.4,"close":235.4,"volume":999,"time":"2022-05-13T14:24:00.000Z","is_complete":true},{"open":235.44,"high":235.79,"low":235.43,"close":235.7,"volume":893,"time":"2022-05-13T14:25:00.000Z","is_complete":true},{"open":235.7,"high":235.8,"low":235.54,"close":235.7,"volume":1200,"time":"2022-05-13T14:26:00.000Z","is_complete":true},{"open":235.76,"high":235.85,"low":235.55,"close":235.8,"volume":2485,"time":"2022-05-13T14:27:00.000Z","is_complete":true},{"open":235.8,"high":235.89,"low":235.48,"close":235.88,"volume":2903,"time":"2022-05-13T14:28:00.000Z","is_complete":true},{"open":235.89,"high":235.89,"low":235.7,"close":235.7,"volume":4620,"time":"2022-05-13T14:29:00.000Z","is_complete":true},{"open":235.7,"high":235.76,"low":235.51,"close":235.59,"volume":5711,"time":"2022-05-13T14:30:00.000Z","is_complete":true},{"open":235.52,"high":235.59,"low":235.51,"close":235.51,"volume":1516,"time":"2022-05-13T14:31:00.000Z","is_complete":true},{"open":235.59,"high":235.59,"low":235.51,"close":235.56,"volume":565,"time":"2022-05-13T14:32:00.000Z","is_complete":true},{"open":235.56,"high":235.59,"low":235.47,"close":235.56,"volume":1629,"time":"2022-05-13T14:33:00.000Z","is_complete":true},{"open":235.56,"high":235.59,"low":235.51,"close":235.55,"volume":675,"time":"2022-05-13T14:34:00.000Z","is_complete":true},{"open":235.58,"high":236.1,"low":235.55,"close":235.99,"volume":6834,"time":"2022-05-13T14:35:00.000Z","is_complete":true},{"open":235.99,"high":236.09,"low":235.6,"close":235.61,"volume":1841,"time":"2022-05-13T14:36:00.000Z","is_complete":true},{"open":235.63,"high":235.93,"low":235.63,"close":235.86,"volume":299,"time":"2022-05-13T14:37:00.000Z","is_complete":true},{"open":235.86,"high":235.97,"low":235.75,"close":235.94,"volume":433,"time":"2022-05-13T14:38:00.000Z","is_complete":true},{"open":235.93,"high":236,"low":235.77,"close":235.88,"volume":1499,"time":"2022-05-13T14:39:00.000Z","is_complete":true},{"open":235.93,"high":236.1,"low":235.83,"close":235.97,"volume":3192,"time":"2022-05-13T14:40:00.000Z","is_complete":true},{"open":235.96,"high":236.38,"low":235.88,"close":236.3,"volume":3179,"time":"2022-05-13T14:41:00.000Z","is_complete":true},{"open":236.36,"high":236.67,"low":236.25,"close":236.62,"volume":6570,"time":"2022-05-13T14:42:00.000Z","is_complete":true},{"open":236.63,"high":236.78,"low":236.55,"close":236.73,"volume":4101,"time":"2022-05-13T14:43:00.000Z","is_complete":true},{"open":236.73,"high":236.77,"low":236.5,"close":236.67,"volume":1799,"time":"2022-05-13T14:44:00.000Z","is_complete":true},{"open":236.66,"high":236.88,"low":236.54,"close":236.86,"volume":4802,"time":"2022-05-13T14:45:00.000Z","is_complete":true},{"open":236.87,"high":236.88,"low":236.73,"close":236.86,"volume":5406,"time":"2022-05-13T14:46:00.000Z","is_complete":true},{"open":236.83,"high":236.95,"low":236.83,"close":236.95,"volume":13886,"time":"2022-05-13T14:47:00.000Z","is_complete":true},{"open":236.94,"high":236.96,"low":236.87,"close":236.94,"volume":3829,"time":"2022-05-13T14:48:00.000Z","is_complete":true},{"open":236.93,"high":237.1,"low":236.93,"close":237.05,"volume":11683,"time":"2022-05-13T14:49:00.000Z","is_complete":true},{"open":237.05,"high":237.2,"low":237.04,"close":237.2,"volume":7211,"time":"2022-05-13T14:50:00.000Z","is_complete":true},{"open":237.2,"high":237.2,"low":237.1,"close":237.15,"volume":2896,"time":"2022-05-13T14:51:00.000Z","is_complete":true},{"open":237.1,"high":237.14,"low":236.51,"close":236.55,"volume":7977,"time":"2022-05-13T14:52:00.000Z","is_complete":true},{"open":236.61,"high":236.67,"low":236.5,"close":236.6,"volume":3408,"time":"2022-05-13T14:53:00.000Z","is_complete":true},{"open":236.63,"high":236.67,"low":236.37,"close":236.48,"volume":1465,"time":"2022-05-13T14:54:00.000Z","is_complete":true},{"open":236.41,"high":236.5,"low":235.91,"close":236.07,"volume":3675,"time":"2022-05-13T14:55:00.000Z","is_complete":true},{"open":236.03,"high":236.29,"low":236,"close":236.23,"volume":2483,"time":"2022-05-13T14:56:00.000Z","is_complete":true},{"open":236.24,"high":236.32,"low":236.08,"close":236.32,"volume":1440,"time":"2022-05-13T14:57:00.000Z","is_complete":true},{"open":236.32,"high":236.65,"low":236.32,"close":236.63,"volume":1094,"time":"2022-05-13T14:58:00.000Z","is_complete":true},{"open":236.63,"high":236.89,"low":236.58,"close":236.85,"volume":1619,"time":"2022-05-13T14:59:00.000Z","is_complete":true},{"open":236.84,"high":237,"low":236.84,"close":236.93,"volume":2425,"time":"2022-05-13T15:00:00.000Z","is_complete":true},{"open":236.93,"high":236.93,"low":236.66,"close":236.66,"volume":1236,"time":"2022-05-13T15:01:00.000Z","is_complete":true},{"open":236.84,"high":236.84,"low":236.39,"close":236.43,"volume":1915,"time":"2022-05-13T15:02:00.000Z","is_complete":true},{"open":236.5,"high":236.58,"low":236.16,"close":236.21,"volume":2579,"time":"2022-05-13T15:03:00.000Z","is_complete":true},{"open":236.21,"high":236.41,"low":236.2,"close":236.35,"volume":564,"time":"2022-05-13T15:04:00.000Z","is_complete":true},{"open":236.25,"high":236.4,"low":236.16,"close":236.2,"volume":1127,"time":"2022-05-13T15:05:00.000Z","is_complete":true},{"open":236.26,"high":236.33,"low":236.16,"close":236.33,"volume":523,"time":"2022-05-13T15:06:00.000Z","is_complete":true},{"open":236.24,"high":236.38,"low":236.2,"close":236.24,"volume":712,"time":"2022-05-13T15:07:00.000Z","is_complete":true},{"open":236.24,"high":236.34,"low":236.16,"close":236.16,"volume":529,"time":"2022-05-13T15:08:00.000Z","is_complete":true},{"open":236.16,"high":236.33,"low":236.03,"close":236.03,"volume":1189,"time":"2022-05-13T15:09:00.000Z","is_complete":true},{"open":236.1,"high":236.18,"low":235.91,"close":235.96,"volume":8573,"time":"2022-05-13T15:10:00.000Z","is_complete":true},{"open":235.96,"high":236.14,"low":235.93,"close":236.03,"volume":1974,"time":"2022-05-13T15:11:00.000Z","is_complete":true},{"open":236.04,"high":236.14,"low":236.01,"close":236.02,"volume":1748,"time":"2022-05-13T15:12:00.000Z","is_complete":true},{"open":236.02,"high":236.13,"low":236,"close":236.12,"volume":1338,"time":"2022-05-13T15:13:00.000Z","is_complete":true},{"open":236.03,"high":236.11,"low":236,"close":236,"volume":2662,"time":"2022-05-13T15:14:00.000Z","is_complete":true},{"open":235.99,"high":236,"low":235.88,"close":236,"volume":1034,"time":"2022-05-13T15:15:00.000Z","is_complete":true},{"open":235.99,"high":236,"low":235.7,"close":235.82,"volume":1840,"time":"2022-05-13T15:16:00.000Z","is_complete":true},{"open":235.73,"high":235.99,"low":235.7,"close":235.83,"volume":2586,"time":"2022-05-13T15:17:00.000Z","is_complete":true},{"open":235.83,"high":235.98,"low":235.83,"close":235.89,"volume":715,"time":"2022-05-13T15:18:00.000Z","is_complete":true},{"open":235.85,"high":236,"low":235.8,"close":235.96,"volume":2501,"time":"2022-05-13T15:19:00.000Z","is_complete":true},{"open":235.96,"high":236.3,"low":235.9,"close":236.18,"volume":2968,"time":"2022-05-13T15:20:00.000Z","is_complete":true},{"open":236.26,"high":236.49,"low":236.2,"close":236.48,"volume":2184,"time":"2022-05-13T15:21:00.000Z","is_complete":true},{"open":236.48,"high":236.69,"low":236.41,"close":236.67,"volume":2610,"time":"2022-05-13T15:22:00.000Z","is_complete":true},{"open":236.67,"high":236.7,"low":236.45,"close":236.58,"volume":2085,"time":"2022-05-13T15:23:00.000Z","is_complete":true},{"open":236.65,"high":236.76,"low":236.6,"close":236.6,"volume":1722,"time":"2022-05-13T15:24:00.000Z","is_complete":true},{"open":236.6,"high":236.8,"low":236.56,"close":236.8,"volume":2180,"time":"2022-05-13T15:25:00.000Z","is_complete":true},{"open":236.76,"high":236.99,"low":236.75,"close":236.96,"volume":3559,"time":"2022-05-13T15:26:00.000Z","is_complete":true},{"open":236.97,"high":237,"low":236.8,"close":236.89,"volume":2345,"time":"2022-05-13T15:27:00.000Z","is_complete":true},{"open":236.93,"high":237.1,"low":236.85,"close":237.01,"volume":5854,"time":"2022-05-13T15:28:00.000Z","is_complete":true},{"open":237.04,"high":237.1,"low":236.93,"close":236.98,"volume":4471,"time":"2022-05-13T15:29:00.000Z","is_complete":true},{"open":236.94,"high":237.15,"low":236.94,"close":237.15,"volume":4089,"time":"2022-05-13T15:30:00.000Z","is_complete":true},{"open":237.12,"high":237.15,"low":236.93,"close":236.93,"volume":3342,"time":"2022-05-13T15:31:00.000Z","is_complete":true},{"open":236.93,"high":237.07,"low":236.5,"close":236.75,"volume":4005,"time":"2022-05-13T15:32:00.000Z","is_complete":true},{"open":236.75,"high":236.77,"low":236.5,"close":236.53,"volume":1945,"time":"2022-05-13T15:33:00.000Z","is_complete":true},{"open":236.5,"high":236.51,"low":235.51,"close":235.85,"volume":17616,"time":"2022-05-13T15:34:00.000Z","is_complete":true},{"open":236.13,"high":236.35,"low":235.88,"close":236.35,"volume":3257,"time":"2022-05-13T15:35:00.000Z","is_complete":true},{"open":236.35,"high":236.44,"low":235.51,"close":235.83,"volume":13638,"time":"2022-05-13T15:36:00.000Z","is_complete":true},{"open":235.82,"high":236.16,"low":235.67,"close":236.16,"volume":3372,"time":"2022-05-13T15:37:00.000Z","is_complete":true},{"open":236.07,"high":236.31,"low":236.02,"close":236.29,"volume":4201,"time":"2022-05-13T15:38:00.000Z","is_complete":true},{"open":236.2,"high":236.44,"low":235.84,"close":236.03,"volume":5643,"time":"2022-05-13T15:39:00.000Z","is_complete":true},{"open":235.52,"high":235.52,"low":235.52,"close":235.52,"volume":7651,"time":"2022-05-13T15:45:00.000Z","is_complete":true},{"open":235.52,"high":235.52,"low":235.52,"close":235.52,"volume":1946,"time":"2022-05-13T15:46:00.000Z","is_complete":true},{"open":235.52,"high":235.52,"low":235.52,"close":235.52,"volume":344,"time":"2022-05-13T15:47:00.000Z","is_complete":true},{"open":235.52,"high":235.52,"low":235.52,"close":235.52,"volume":142,"time":"2022-05-13T15:48:00.000Z","is_complete":true},{"open":235.52,"high":235.52,"low":235.52,"close":235.52,"volume":166,"time":"2022-05-13T15:49:00.000Z","is_complete":true}]}