{"candles":[{"open":261.02,"high":264.44,"low":261,"close":264.03,"volume":129087,"time":"2022-05-18T07:00:00.000Z","is_complete":true},{"open":264.04,"high":264.84,"low":262.22,"close":262.61,"volume":88742,"time":"2022-05-18T07:01:00.000Z","is_complete":true},{"open":262.61,"high":263.25,"low":262.07,"close":263,"volume":45916,"time":"2022-05-18T07:02:00.000Z","is_complete":true},{"open":262.91,"high":263.46,"low":262.5,"close":263.11,"volume":50057,"time":"2022-05-18T07:03:00.000Z","is_complete":true},{"open":263.11,"high":263.5,"low":263.01,"close":263.3,"volume":32116,"time":"2022-05-18T07:04:00.000Z","is_complete":true},{"open":263.44,"high":265,"low":263.29,"close":265,"volume":54120,"time":"2022-05-18T07:05:00.000Z","is_complete":true},{"open":265,"high":265.83,"low":264.66,"close":265.44,"volume":69022,"time":"2022-05-18T07:06:00.000Z","is_complete":true},{"open":265.44,"high":265.5,"low":265.05,"close":265.41,"volume":57161,"time":"2022-05-18T07:07:00.000Z","is_complete":true},{"open":265.39,"high":266.29,"low":265.27,"close":266.1,"volume":60668,"time":"2022-05-18T07:08:00.000Z","is_complete":true},{"open":266.22,"high":266.91,"low":266,"close":266.72,"volume":56380,"time":"2022-05-18T07:09:00.000Z","is_complete":true},{"open":266.6,"high":266.85,"low":265.5,"close":265.97,"volume":78939,"time":"2022-05-18T07:10:00.000Z","is_complete":true},{"open":265.99,"high":266.28,"low":265.16,"close":265.22,"volume":41172,"time":"2022-05-18T07:11:00.000Z","is_complete":true},{"open":265.25,"high":265.47,"low":264.87,"close":265.04,"volume":43887,"time":"2022-05-18T07:12:00.000Z","is_complete":true},{"open":265.18,"high":265.9,"low":265,"close":265.6,"volume":26844,"time":"2022-05-18T07:13:00.000Z","is_complete":true},{"open":265.6,"high":265.94,"low":265.4,"close":265.6,"volume":17369,"time":"2022-05-18T07:14:00.000Z","is_complete":true},{"open":265.62,"high":266.5,"low":265.5,"close":266.5,"volume":28481,"time":"2022-05-18T07:15:00.000Z","is_complete":true},{"open":266.5,"high":267.72,"low":266.09,"close":267.72,"volume":56203,"time":"2022-05-18T07:16:00.000Z","is_complete":true},{"open":267.72,"high":267.95,"low":265.7,"close":266.37,"volume":63395,"time":"2022-05-18T07:17:00.000Z","is_complete":true},{"open":266.26,"high":266.97,"low":265.7,"close":266.2,"volume":27100,"time":"2022-05-18T07:18:00.000Z","is_complete":true},{"open":266.29,"high":266.46,"low":265.7,"close":265.78,"volume":19761,"time":"2022-05-18T07:19:00.000Z","is_complete":true},{"open":265.92,"high":266,"low":265.5,"close":265.9,"volume":18343,"time":"2022-05-18T07:20:00.000Z","is_complete":true},{"open":265.77,"high":266.6,"low":265.68,"close":266.43,"volume":14955,"time":"2022-05-18T07:21:00.000Z","is_complete":true},{"open":266.4,"high":266.49,"low":265.9,"close":266.15,"volume":13869,"time":"2022-05-18T07:22:00.000Z","is_complete":true},{"open":266.15,"high":266.25,"low":265.6,"close":265.7,"volume":10403,"time":"2022-05-18T07:23:00.000Z","is_complete":true},{"open":265.7,"high":265.92,"low":265.5,"close":265.91,"volume":15626,"time":"2022-05-18T07:24:00.000Z","is_complete":true},{"open":265.92,"high":265.96,"low":265.12,"close":265.37,"volume":32521,"time":"2022-05-18T07:25:00.000Z","is_complete":true},{"open":265.12,"high":265.5,"low":265.1,"close":265.32,"volume":12119,"time":"2022-05-18T07:26:00.000Z","is_complete":true},{"open":265.34,"high":265.4,"low":265.1,"close":265.2,"volume":14518,"time":"2022-05-18T07:27:00.000Z","is_complete":true},{"open":265.2,"high":265.36,"low":264.15,"close":264.34,"volume":56552,"time":"2022-05-18T07:28:00.000Z","is_complete":true},{"open":264.48,"high":264.75,"low":263.57,"close":264.61,"volume":43174,"time":"2022-05-18T07:29:00.000Z","is_complete":true},{"open":264.61,"high":265.5,"low":264.5,"close":265.45,"volume":30546,"time":"2022-05-18T07:30:00.000Z","is_complete":true},{"open":265.45,"high":265.5,"low":265.2,"close":265.21,"volume":7065,"time":"2022-05-18T07:31:00.000Z","is_complete":true},{"open":265.21,"high":265.3,"low":264.7,"close":264.95,"volume":14403,"time":"2022-05-18T07:32:00.000Z","is_complete":true},{"open":264.94,"high":265.17,"low":264.74,"close":265.09,"volume":9648,"time":"2022-05-18T07:33:00.000Z","is_complete":true},{"open":265.09,"high":265.2,"low":265,"close":265.12,"volume":10219,"time":"2022-05-18T07:34:00.000Z","is_complete":true},{"open":265.19,"high":265.2,"low":265,"close":265.09,"volume":7104,"time":"2022-05-18T07:35:00.000Z","is_complete":true},{"open":265.1,"high":265.2,"low":265,"close":265.13,"volume":11026,"time":"2022-05-18T07:36:00.000Z","is_complete":true},{"open":265.11,"high":265.2,"low":265,"close":265.2,"volume":13162,"time":"2022-05-18T07:37:00.000Z","is_complete":true},{"open":265.05,"high":265.5,"low":265.02,"close":265.49,"volume":26886,"time":"2022-05-18T07:38:00.000Z","is_complete":true},{"open":265.5,"high":265.5,"low":265.25,"close":265.47,"volume":13143,"time":"2022-05-18T07:39:00.000Z","is_complete":true},{"open":265.46,"high":265.5,"low":265.29,"close":265.46,"volume":10034,"time":"2022-05-18T07:40:00.000Z","is_complete":true},{"open":265.48,"high":265.49,"low":265,"close":265,"volume":15578,"time":"2022-05-18T07:41:00.000Z","is_complete":true},{"open":265.05,"high":265.19,"low":264.5,"close":264.5,"volume":22854,"time":"2022-05-18T07:42:00.000Z","is_complete":true},{"open":264.51,"high":264.66,"low":264,"close":264.39,"volume":26181,"time":"2022-05-18T07:43:00.000Z","is_complete":true},{"open":264.38,"high":264.85,"low":264.38,"close":264.74,"volume":7661,"time":"2022-05-18T07:44:00.000Z","is_complete":true},{"open":264.74,"high":265.5,"low":264.66,"close":265.44,"volume":29321,"time":"2022-05-18T07:45:00.000Z","is_complete":true},{"open":265.4,"high":266.29,"low":265.4,"close":266.27,"volume":33137,"time":"2022-05-18T07:46:00.000Z","is_complete":true},{"open":266.27,"high":266.3,"low":265.84,"close":266.25,"volume":15470,"time":"2022-05-18T07:47:00.000Z","is_complete":true},{"open":266.25,"high":266.25,"low":265.6,"close":266,"volume":10323,"time":"2022-05-18T07:48:00.000Z","is_complete":true},{"open":266,"high":266.32,"low":265.91,"close":266.3,"volume":16970,"time":"2022-05-18T07:49:00.000Z","is_complete":true},{"open":266.29,"high":266.49,"low":266.1,"close":266.3,"volume":8950,"time":"2022-05-18T07:50:00.000Z","is_complete":true},{"open":266.26,"high":266.45,"low":266.2,"close":266.3,"volume":6884,"time":"2022-05-18T07:51:00.000Z","is_complete":true},{"open":266.39,"high":266.45,"low":266.14,"close":266.45,"volume":8889,"time":"2022-05-18T07:52:00.000Z","is_complete":true},{"open":266.45,"high":267,"low":266.22,"close":266.88,"volume":29919,"time":"2022-05-18T07:53:00.000Z","is_complete":true},{"open":266.89,"high":267.5,"low":266.79,"close":267.39,"volume":37976,"time":"2022-05-18T07:54:00.000Z","is_complete":true},{"open":267.39,"high":267.45,"low":267.1,"close":267.39,"volume":14671,"time":"2022-05-18T07:55:00.000Z","is_complete":true},{"open":267.39,"high":267.43,"low":266.43,"close":267.26,"volume":24780,"time":"2022-05-18T07:56:00.000Z","is_complete":true},{"open":267.2,"high":267.3,"low":266.68,"close":267,"volume":11106,"time":"2022-05-18T07:57:00.000Z","is_complete":true},{"open":266.95,"high":267.75,"low":266.95,"close":267.74,"volume":21847,"time":"2022-05-18T07:58:00.000Z","is_complete":true},{"open":267.75,"high":268.8,"low":267.57,"close":268.55,"volume":55015,"time":"2022-05-18T07:59:00.000Z","is_complete":true},{"open":268.55,"high":268.88,"low":268.39,"close":268.6,"volume":27066,"time":"2022-05-18T08:00:00.000Z","is_complete":true},{"open":268.5,"high":268.64,"low":267.73,"close":268.07,"volume":25909,"time":"2022-05-18T08:01:00.000Z","is_complete":true},{"open":268.2,"high":268.2,"low":267.15,"close":267.25,"volume":24822,"time":"2022-05-18T08:02:00.000Z","is_complete":true},{"open":267.25,"high":267.7,"low":267.07,"close":267.1,"volume":20434,"time":"2022-05-18T08:03:00.000Z","is_complete":true},{"open":267.01,"high":267.49,"low":267,"close":267.32,"volume":12358,"time":"2022-05-18T08:04:00.000Z","is_complete":true},{"open":267.47,"high":268.09,"low":267.31,"close":268.01,"volume":13462,"time":"2022-05-18T08:05:00.000Z","is_complete":true},{"open":268.09,"high":268.2,"low":267.93,"close":268,"volume":11292,"time":"2022-05-18T08:06:00.000Z","is_complete":true},{"open":267.94,"high":268.5,"low":267.94,"close":268.07,"volume":28554,"time":"2022-05-18T08:07:00.000Z","is_complete":true},{"open":268.07,"high":268.3,"low":268,"close":268.2,"volume":6686,"time":"2022-05-18T08:08:00.000Z","is_complete":true},{"open":268.2,"high":268.7,"low":268.1,"close":268.57,"volume":14554,"time":"2022-05-18T08:09:00.000Z","is_complete":true},{"open":268.58,"high":268.7,"low":268.11,"close":268.5,"volume":21993,"time":"2022-05-18T08:10:00.000Z","is_complete":true},{"open":268.5,"high":268.52,"low":268.03,"close":268.25,"volume":13892,"time":"2022-05-18T08:11:00.000Z","is_complete":true},{"open":268.38,"high":268.6,"low":268.25,"close":268.4,"volume":9684,"time":"2022-05-18T08:12:00.000Z","is_complete":true},{"open":268.4,"high":268.49,"low":268.04,"close":268.08,"volume":10289,"time":"2022-05-18T08:13:00.000Z","is_complete":true},{"open":268.08,"high":268.45,"low":268.05,"close":268.31,"volume":10045,"time":"2022-05-18T08:14:00.000Z","is_complete":true},{"open":268.31,"high":268.5,"low":268.3,"close":268.42,"volume":5894,"time":"2022-05-18T08:15:00.000Z","is_complete":true},{"open":268.42,"high":268.8,"low":268.35,"close":268.61,"volume":29571,"time":"2022-05-18T08:16:00.000Z","is_complete":true},{"open":268.73,"high":269.3,"low":268.62,"close":268.8,"volume":57753,"time":"2022-05-18T08:17:00.000Z","is_complete":true},{"open":268.82,"high":269.15,"low":268.6,"close":268.75,"volume":32063,"time":"2022-05-18T08:18:00.000Z","is_complete":true},{"open":268.75,"high":268.89,"low":268.05,"close":268.3,"volume":35037,"time":"2022-05-18T08:19:00.000Z","is_complete":true},{"open":268.3,"high":268.48,"low":268.11,"close":268.19,"volume":11334,"time":"2022-05-18T08:20:00.000Z","is_complete":true},{"open":268.14,"high":268.19,"low":267.23,"close":267.8,"volume":26774,"time":"2022-05-18T08:21:00.000Z","is_complete":true},{"open":267.85,"high":268.23,"low":267.7,"close":268.21,"volume":13005,"time":"2022-05-18T08:22:00.000Z","is_complete":true},{"open":268.01,"high":268.35,"low":267.8,"close":268.28,"volume":3666,"time":"2022-05-18T08:23:00.000Z","is_complete":true},{"open":268.34,"high":268.47,"low":268.13,"close":268.43,"volume":4977,"time":"2022-05-18T08:24:00.000Z","is_complete":true},{"open":268.44,"high":268.47,"low":268.1,"close":268.22,"volume":2273,"time":"2022-05-18T08:25:00.000Z","is_complete":true},{"open":268.22,"high":268.23,"low":268,"close":268.02,"volume":6855,"time":"2022-05-18T08:26:00.000Z","is_complete":true},{"open":268.02,"high":268.68,"low":268,"close":268.52,"volume":20308,"time":"2022-05-18T08:27:00.000Z","is_complete":true},{"open":268.6,"high":268.84,"low":268.53,"close":268.84,"volume":6958,"time":"2022-05-18T08:28:00.000Z","is_complete":true},{"open":268.82,"high":268.9,"low":268.5,"close":268.9,"volume":7854,"time":"2022-05-18T08:29:00.000Z","is_complete":true},{"open":268.89,"high":269.42,"low":268.65,"close":269,"volume":31388,"time":"2022-05-18T08:30:00.000Z","is_complete":true},{"open":268.97,"high":269.01,"low":268.5,"close":268.75,"volume":31660,"time":"2022-05-18T08:31:00.000Z","is_complete":true},{"open":268.75,"high":269.22,"low":268.65,"close":269,"volume":10500,"time":"2022-05-18T08:32:00.000Z","is_complete":true},{"open":269,"high":269.2,"low":268.9,"close":269.02,"volume":9503,"time":"2022-05-18T08:33:00.000Z","is_complete":true},{"open":269.07,"high":269.27,"low":269,"close":269.24,"volume":4579,"time":"2022-05-18T08:34:00.000Z","is_complete":true},{"open":269.24,"high":269.3,"low":269.02,"close":269.3,"volume":6028,"time":"2022-05-18T08:35:00.000Z","is_complete":true},{"open":269.26,"high":269.33,"low":269.08,"close":269.26,"volume":5312,"time":"2022-05-18T08:36:00.000Z","is_complete":true},{"open":269.28,"high":269.33,"low":269.07,"close":269.31,"volume":8226,"time":"2022-05-18T08:37:00.000Z","is_complete":true},{"open":269.29,"high":269.34,"low":268.8,"close":269,"volume":30960,"time":"2022-05-18T08:38:00.000Z","is_complete":true},{"open":268.95,"high":268.95,"low":268.6,"close":268.71,"volume":8477,"time":"2022-05-18T08:39:00.000Z","is_complete":true},{"open":268.7,"high":269.08,"low":268.7,"close":269.04,"volume":4567,"time":"2022-05-18T08:40:00.000Z","is_complete":true},{"open":269.04,"high":269.08,"low":268.85,"close":269,"volume":1875,"time":"2022-05-18T08:41:00.000Z","is_complete":true},{"open":269,"high":269.08,"low":268.8,"close":269.07,"volume":4545,"time":"2022-05-18T08:42:00.000Z","is_complete":true},{"open":269.07,"high":269.08,"low":268.97,"close":269.07,"volume":5329,"time":"2022-05-18T08:43:00.000Z","is_complete":true},{"open":269.01,"high":269.08,"low":268.8,"close":269,"volume":4359,"time":"2022-05-18T08:44:00.000Z","is_complete":true},{"open":269,"high":269,"low":268.75,"close":268.8,"volume":5388,"time":"2022-05-18T08:45:00.000Z","is_complete":true},{"open":268.8,"high":268.81,"low":268.7,"close":268.8,"volume":3266,"time":"2022-05-18T08:46:00.000Z","is_complete":true},{"open":268.71,"high":268.81,"low":268.7,"close":268.71,"volume":5427,"time":"2022-05-18T08:47:00.000Z","is_complete":true},{"open":268.79,"high":268.8,"low":268.7,"close":268.71,"volume":9358,"time":"2022-05-18T08:48:00.000Z","is_complete":true},{"open":268.72,"high":268.8,"low":268.35,"close":268.39,"volume":10272,"time":"2022-05-18T08:49:00.000Z","is_complete":true},{"open":268.43,"high":268.7,"low":268.33,"close":268.4,"volume":3758,"time":"2022-05-18T08:50:00.000Z","is_complete":true},{"open":268.42,"high":268.48,"low":268.15,"close":268.15,"volume":12794,"time":"2022-05-18T08:51:00.000Z","is_complete":true},{"open":268.15,"high":268.28,"low":267.96,"close":267.96,"volume":21800,"time":"2022-05-18T08:52:00.000Z","is_complete":true},{"open":268,"high":268.15,"low":267.57,"close":267.65,"volume":14480,"time":"2022-05-18T08:53:00.000Z","is_complete":true},{"open":267.7,"high":267.93,"low":267.62,"close":267.76,"volume":4097,"time":"2022-05-18T08:54:00.000Z","is_complete":true},{"open":267.7,"high":268.45,"low":267.7,"close":268.2,"volume":10978,"time":"2022-05-18T08:55:00.000Z","is_complete":true},{"open":268.24,"high":268.49,"low":268.1,"close":268.3,"volume":3591,"time":"2022-05-18T08:56:00.000Z","is_complete":true},{"open":268.31,"high":268.41,"low":268.2,"close":268.32,"volume":2365,"time":"2022-05-18T08:57:00.000Z","is_complete":true},{"open":268.26,"high":268.49,"low":268.24,"close":268.49,"volume":2391,"time":"2022-05-18T08:58:00.000Z","is_complete":true},{"open":268.43,"high":268.7,"low":268.43,"close":268.66,"volume":5037,"time":"2022-05-18T08:59:00.000Z","is_complete":true},{"open":268.66,"high":268.77,"low":268.54,"close":268.6,"volume":4380,"time":"2022-05-18T09:00:00.000Z","is_complete":true},{"open":268.59,"high":268.81,"low":268.59,"close":268.76,"volume":8617,"time":"2022-05-18T09:01:00.000Z","is_complete":true},{"open":268.72,"high":268.86,"low":268.3,"close":268.3,"volume":8160,"time":"2022-05-18T09:02:00.000Z","is_complete":true},{"open":268.3,"high":268.32,"low":267.9,"close":267.91,"volume":7189,"time":"2022-05-18T09:03:00.000Z","is_complete":true},{"open":267.91,"high":268.2,"low":267.83,"close":268,"volume":4042,"time":"2022-05-18T09:04:00.000Z","is_complete":true},{"open":268,"high":268.11,"low":267.9,"close":267.95,"volume":2952,"time":"2022-05-18T09:05:00.000Z","is_complete":true},{"open":268.04,"high":268.2,"low":267.91,"close":268,"volume":4573,"time":"2022-05-18T09:06:00.000Z","is_complete":true},{"open":268,"high":268.2,"low":267.95,"close":268,"volume":2282,"time":"2022-05-18T09:07:00.000Z","is_complete":true},{"open":268.08,"high":268.15,"low":266.4,"close":266.99,"volume":71815,"time":"2022-05-18T09:08:00.000Z","is_complete":true},{"open":266.97,"high":267.2,"low":266.8,"close":267,"volume":15214,"time":"2022-05-18T09:09:00.000Z","is_complete":true},{"open":266.99,"high":267.2,"low":266.94,"close":267,"volume":12442,"time":"2022-05-18T09:10:00.000Z","is_complete":true},{"open":267,"high":267.2,"low":266.99,"close":267.2,"volume":4220,"time":"2022-05-18T09:11:00.000Z","is_complete":true},{"open":267.2,"high":267.7,"low":267.17,"close":267.4,"volume":7283,"time":"2022-05-18T09:12:00.000Z","is_complete":true},{"open":267.4,"high":267.47,"low":267.26,"close":267.47,"volume":2191,"time":"2022-05-18T09:13:00.000Z","is_complete":true},{"open":267.34,"high":267.57,"low":267.34,"close":267.46,"volume":4535,"time":"2022-05-18T09:14:00.000Z","is_complete":true},{"open":267.52,"high":267.55,"low":267.07,"close":267.07,"volume":7486,"time":"2022-05-18T09:15:00.000Z","is_complete":true},{"open":267.16,"high":267.24,"low":266.7,"close":266.7,"volume":6602,"time":"2022-05-18T09:16:00.000Z","is_complete":true},{"open":266.7,"high":266.86,"low":266.27,"close":266.68,"volume":15745,"time":"2022-05-18T09:17:00.000Z","is_complete":true},{"open":266.61,"high":266.85,"low":266.53,"close":266.65,"volume":4420,"time":"2022-05-18T09:18:00.000Z","is_complete":true},{"open":266.65,"high":266.91,"low":266.62,"close":266.79,"volume":5045,"time":"2022-05-18T09:19:00.000Z","is_complete":true},{"open":266.86,"high":266.91,"low":266.6,"close":266.7,"volume":5698,"time":"2022-05-18T09:20:00.000Z","is_complete":true},{"open":266.77,"high":266.8,"low":266.28,"close":266.28,"volume":10355,"time":"2022-05-18T09:21:00.000Z","is_complete":true},{"open":266.27,"high":266.6,"low":266.06,"close":266.52,"volume":12909,"time":"2022-05-18T09:22:00.000Z","is_complete":true},{"open":266.52,"high":266.52,"low":265.59,"close":265.68,"volume":21034,"time":"2022-05-18T09:23:00.000Z","is_complete":true},{"open":265.67,"high":265.9,"low":265.3,"close":265.72,"volume":17469,"time":"2022-05-18T09:24:00.000Z","is_complete":true},{"open":265.72,"high":266.17,"low":265.59,"close":266.13,"volume":7131,"time":"2022-05-18T09:25:00.000Z","is_complete":true},{"open":266.1,"high":266.23,"low":265.96,"close":266.2,"volume":8114,"time":"2022-05-18T09:26:00.000Z","is_complete":true},{"open":266.2,"high":266.23,"low":265.74,"close":265.75,"volume":10739,"time":"2022-05-18T09:27:00.000Z","is_complete":true},{"open":265.82,"high":265.94,"low":265.6,"close":265.66,"volume":9639,"time":"2022-05-18T09:28:00.000Z","is_complete":true},{"open":265.8,"high":265.85,"low":265.6,"close":265.7,"volume":2569,"time":"2022-05-18T09:29:00.000Z","is_complete":true},{"open":265.63,"high":265.7,"low":265,"close":265,"volume":76038,"time":"2022-05-18T09:30:00.000Z","is_complete":true},{"open":265,"high":265.43,"low":265,"close":265.02,"volume":36146,"time":"2022-05-18T09:31:00.000Z","is_complete":true},{"open":265.02,"high":265.4,"low":265.01,"close":265.21,"volume":17814,"time":"2022-05-18T09:32:00.000Z","is_complete":true},{"open":265.29,"high":265.7,"low":265.12,"close":265.56,"volume":11650,"time":"2022-05-18T09:33:00.000Z","is_complete":true},{"open":265.51,"high":265.9,"low":265.5,"close":265.81,"volume":8967,"time":"2022-05-18T09:34:00.000Z","is_complete":true},{"open":265.81,"high":265.99,"low":265.61,"close":265.92,"volume":10884,"time":"2022-05-18T09:35:00.000Z","is_complete":true},{"open":265.91,"high":266.31,"low":265.8,"close":266.22,"volume":17267,"time":"2022-05-18T09:36:00.000Z","is_complete":true},{"open":266.21,"high":266.21,"low":265.57,"close":265.79,"volume":9077,"time":"2022-05-18T09:37:00.000Z","is_complete":true},{"open":265.79,"high":265.8,"low":265.5,"close":265.65,"volume":4974,"time":"2022-05-18T09:38:00.000Z","is_complete":true},{"open":265.64,"high":265.97,"low":265.5,"close":265.96,"volume":3403,"time":"2022-05-18T09:39:00.000Z","is_complete":true},{"open":265.96,"high":266.2,"low":265.9,"close":266.13,"volume":5484,"time":"2022-05-18T09:40:00.000Z","is_complete":true},{"open":266.09,"high":266.31,"low":266.02,"close":266.31,"volume":4463,"time":"2022-05-18T09:41:00.000Z","is_complete":true},{"open":266.28,"high":266.4,"low":266.2,"close":266.4,"volume":5561,"time":"2022-05-18T09:42:00.000Z","is_complete":true},{"open":266.4,"high":266.74,"low":266.35,"close":266.7,"volume":9110,"time":"2022-05-18T09:43:00.000Z","is_complete":true},{"open":266.7,"high":266.84,"low":266.57,"close":266.75,"volume":5845,"time":"2022-05-18T09:44:00.000Z","is_complete":true},{"open":266.75,"high":266.85,"low":266.15,"close":266.3,"volume":8670,"time":"2022-05-18T09:45:00.000Z","is_complete":true},{"open":266.3,"high":266.33,"low":266.2,"close":266.22,"volume":1465,"time":"2022-05-18T09:46:00.000Z","is_complete":true},{"open":266.28,"high":266.64,"low":266.17,"close":266.49,"volume":3402,"time":"2022-05-18T09:47:00.000Z","is_complete":true},{"open":266.4,"high":266.63,"low":266.4,"close":266.59,"volume":2175,"time":"2022-05-18T09:48:00.000Z","is_complete":true},{"open":266.51,"high":266.6,"low":266.47,"close":266.49,"volume":4341,"time":"2022-05-18T09:49:00.000Z","is_complete":true},{"open":266.47,"high":266.58,"low":266.33,"close":266.34,"volume":1695,"time":"2022-05-18T09:50:00.000Z","is_complete":true},{"open":266.34,"high":266.6,"low":266.2,"close":266.2,"volume":5315,"time":"2022-05-18T09:51:00.000Z","is_complete":true},{"open":266.22,"high":266.32,"low":265.72,"close":265.95,"volume":4499,"time":"2022-05-18T09:52:00.000Z","is_complete":true},{"open":265.95,"high":265.95,"low":265.53,"close":265.8,"volume":4023,"time":"2022-05-18T09:53:00.000Z","is_complete":true},{"open":265.68,"high":266.32,"low":265.54,"close":266.1,"volume":3036,"time":"2022-05-18T09:54:00.000Z","is_complete":true},{"open":266.11,"high":266.22,"low":266,"close":266.03,"volume":1610,"time":"2022-05-18T09:55:00.000Z","is_complete":true},{"open":266.08,"high":266.1,"low":266,"close":266.1,"volume":1287,"time":"2022-05-18T09:56:00.000Z","is_complete":true},{"open":266.04,"high":266.2,"low":266,"close":266.2,"volume":2375,"time":"2022-05-18T09:57:00.000Z","is_complete":true},{"open":266.2,"high":266.46,"low":266.04,"close":266.41,"volume":2370,"time":"2022-05-18T09:58:00.000Z","is_complete":true},{"open":266.41,"high":266.5,"low":266.2,"close":266.35,"volume":4721,"time":"2022-05-18T09:59:00.000Z","is_complete":true},{"open":266.3,"high":266.44,"low":266.15,"close":266.21,"volume":2219,"time":"2022-05-18T10:00:00.000Z","is_complete":true},{"open":266.22,"high":266.43,"low":266.16,"close":266.32,"volume":1600,"time":"2022-05-18T10:01:00.000Z","is_complete":true},{"open":266.31,"high":266.5,"low":266.2,"close":266.36,"volume":1896,"time":"2022-05-18T10:02:00.000Z","is_complete":true},{"open":266.36,"high":266.5,"low":266.21,"close":266.48,"volume":1489,"time":"2022-05-18T10:03:00.000Z","is_complete":true},{"open":266.48,"high":266.5,"low":266.13,"close":266.29,"volume":2159,"time":"2022-05-18T10:04:00.000Z","is_complete":true},{"open":266.18,"high":266.36,"low":266.1,"close":266.2,"volume":1026,"time":"2022-05-18T10:05:00.000Z","is_complete":true},{"open":266.24,"high":266.4,"low":266.16,"close":266.2,"volume":925,"time":"2022-05-18T10:06:00.000Z","is_complete":true},{"open":266.2,"high":266.3,"low":266.1,"close":266.22,"volume":2904,"time":"2022-05-18T10:07:00.000Z","is_complete":true},{"open":266.25,"high":266.3,"low":266.11,"close":266.3,"volume":1690,"time":"2022-05-18T10:08:00.000Z","is_complete":true},{"open":266.23,"high":266.4,"low":266.12,"close":266.39,"volume":1340,"time":"2022-05-18T10:09:00.000Z","is_complete":true},{"open":266.37,"high":266.4,"low":266.23,"close":266.27,"volume":1035,"time":"2022-05-18T10:10:00.000Z","is_complete":true},{"open":266.27,"high":266.32,"low":266,"close":266.19,"volume":6376,"time":"2022-05-18T10:11:00.000Z","is_complete":true},{"open":266.15,"high":266.28,"low":266,"close":266.01,"volume":10074,"time":"2022-05-18T10:12:00.000Z","is_complete":true},{"open":266.01,"high":266.12,"low":266,"close":266.03,"volume":3065,"time":"2022-05-18T10:13:00.000Z","is_complete":true},{"open":266.1,"high":266.19,"low":266.01,"close":266.15,"volume":1507,"time":"2022-05-18T10:14:00.000Z","is_complete":true},{"open":266.16,"high":266.2,"low":266.11,"close":266.15,"volume":1555,"time":"2022-05-18T10:15:00.000Z","is_complete":true},{"open":266.15,"high":266.21,"low":266.11,"close":266.2,"volume":1935,"time":"2022-05-18T10:16:00.000Z","is_complete":true},{"open":266.12,"high":266.35,"low":266.12,"close":266.19,"volume":2407,"time":"2022-05-18T10:17:00.000Z","is_complete":true},{"open":266.29,"high":266.34,"low":266.12,"close":266.23,"volume":1141,"time":"2022-05-18T10:18:00.000Z","is_complete":true},{"open":266.23,"high":266.26,"low":266.2,"close":266.2,"volume":1114,"time":"2022-05-18T10:19:00.000Z","is_complete":true},{"open":266.26,"high":266.37,"low":266.2,"close":266.28,"volume":1210,"time":"2022-05-18T10:20:00.000Z","is_complete":true},{"open":266.28,"high":266.39,"low":266.2,"close":266.39,"volume":2478,"time":"2022-05-18T10:21:00.000Z","is_complete":true},{"open":266.39,"high":266.45,"low":266.3,"close":266.45,"volume":4194,"time":"2022-05-18T10:22:00.000Z","is_complete":true},{"open":266.44,"high":267.24,"low":266.39,"close":267.24,"volume":17539,"time":"2022-05-18T10:23:00.000Z","is_complete":true},{"open":267.19,"high":267.8,"low":266.76,"close":267.47,"volume":21642,"time":"2022-05-18T10:24:00.000Z","is_complete":true},{"open":267.47,"high":267.67,"low":267.34,"close":267.53,"volume":4623,"time":"2022-05-18T10:25:00.000Z","is_complete":true},{"open":267.53,"high":267.53,"low":267,"close":267.2,"volume":3433,"time":"2022-05-18T10:26:00.000Z","is_complete":true},{"open":267.2,"high":267.94,"low":267.2,"close":267.85,"volume":14401,"time":"2022-05-18T10:27:00.000Z","is_complete":true},{"open":267.84,"high":267.99,"low":267.7,"close":267.73,"volume":4770,"time":"2022-05-18T10:28:00.000Z","is_complete":true},{"open":267.73,"high":267.9,"low":267.68,"close":267.75,"volume":5105,"time":"2022-05-18T10:29:00.000Z","is_complete":true},{"open":267.85,"high":267.9,"low":267.5,"close":267.74,"volume":8776,"time":"2022-05-18T10:30:00.000Z","is_complete":true},{"open":267.74,"high":267.74,"low":267.21,"close":267.21,"volume":3120,"time":"2022-05-18T10:31:00.000Z","is_complete":true},{"open":267.31,"high":267.31,"low":266.86,"close":266.88,"volume":5656,"time":"2022-05-18T10:32:00.000Z","is_complete":true},{"open":266.88,"high":267.02,"low":266.85,"close":266.96,"volume":3874,"time":"2022-05-18T10:33:00.000Z","is_complete":true},{"open":266.96,"high":267.44,"low":266.85,"close":267.11,"volume":2484,"time":"2022-05-18T10:34:00.000Z","is_complete":true},{"open":267.11,"high":267.72,"low":267.11,"close":267.44,"volume":2410,"time":"2022-05-18T10:35:00.000Z","is_complete":true},{"open":267.6,"high":267.63,"low":267.24,"close":267.26,"volume":1175,"time":"2022-05-18T10:36:00.000Z","is_complete":true},{"open":267.27,"high":267.33,"low":266.7,"close":266.74,"volume":9084,"time":"2022-05-18T10:37:00.000Z","is_complete":true},{"open":266.7,"high":267.14,"low":266.7,"close":267,"volume":2708,"time":"2022-05-18T10:38:00.000Z","is_complete":true},{"open":266.91,"high":267,"low":266.65,"close":266.96,"volume":2853,"time":"2022-05-18T10:39:00.000Z","is_complete":true},{"open":266.96,"high":267.44,"low":266.9,"close":267.13,"volume":3947,"time":"2022-05-18T10:40:00.000Z","is_complete":true},{"open":267.28,"high":267.6,"low":267.18,"close":267.59,"volume":2347,"time":"2022-05-18T10:41:00.000Z","is_complete":true},{"open":267.59,"high":267.6,"low":267.23,"close":267.44,"volume":1442,"time":"2022-05-18T10:42:00.000Z","is_complete":true},{"open":267.44,"high":267.47,"low":267.19,"close":267.42,"volume":2173,"time":"2022-05-18T10:43:00.000Z","is_complete":true},{"open":267.42,"high":267.47,"low":267.26,"close":267.47,"volume":2203,"time":"2022-05-18T10:44:00.000Z","is_complete":true},{"open":267.45,"high":267.46,"low":267.18,"close":267.42,"volume":1408,"time":"2022-05-18T10:45:00.000Z","is_complete":true},{"open":267.42,"high":267.42,"low":267.23,"close":267.4,"volume":1541,"time":"2022-05-18T10:46:00.000Z","is_complete":true},{"open":267.4,"high":267.4,"low":267.21,"close":267.34,"volume":1959,"time":"2022-05-18T10:47:00.000Z","is_complete":true},{"open":267.39,"high":267.4,"low":267.35,"close":267.38,"volume":1007,"time":"2022-05-18T10:48:00.000Z","is_complete":true},{"open":267.38,"high":267.46,"low":267.34,"close":267.44,"volume":2360,"time":"2022-05-18T10:49:00.000Z","is_complete":true},{"open":267.45,"high":267.46,"low":267.4,"close":267.44,"volume":994,"time":"2022-05-18T10:50:00.000Z","is_complete":true},{"open":267.44,"high":267.83,"low":267.4,"close":267.68,"volume":8956,"time":"2022-05-18T10:51:00.000Z","is_complete":true},{"open":267.7,"high":267.87,"low":267.5,"close":267.79,"volume":4367,"time":"2022-05-18T10:52:00.000Z","is_complete":true},{"open":267.79,"high":267.87,"low":267.5,"close":267.56,"volume":4666,"time":"2022-05-18T10:53:00.000Z","is_complete":true},{"open":267.74,"high":267.8,"low":267.52,"close":267.71,"volume":1395,"time":"2022-05-18T10:54:00.000Z","is_complete":true},{"open":267.71,"high":267.8,"low":267.5,"close":267.75,"volume":24879,"time":"2022-05-18T10:55:00.000Z","is_complete":true},{"open":267.75,"high":267.75,"low":267.5,"close":267.66,"volume":2577,"time":"2022-05-18T10:56:00.000Z","is_complete":true},{"open":267.6,"high":267.87,"low":267.58,"close":267.74,"volume":3189,"time":"2022-05-18T10:57:00.000Z","is_complete":true},{"open":267.71,"high":267.74,"low":267.66,"close":267.68,"volume":1400,"time":"2022-05-18T10:58:00.000Z","is_complete":true},{"open":267.68,"high":267.74,"low":267.51,"close":267.62,"volume":1489,"time":"2022-05-18T10:59:00.000Z","is_complete":true},{"open":267.61,"high":267.61,"low":267.5,"close":267.55,"volume":817,"time":"2022-05-18T11:00:00.000Z","is_complete":true},{"open":267.53,"high":267.53,"low":267.25,"close":267.28,"volume":1282,"time":"2022-05-18T11:01:00.000Z","is_complete":true},{"open":267.28,"high":267.28,"low":267.22,"close":267.28,"volume":1401,"time":"2022-05-18T11:02:00.000Z","is_complete":true},{"open":267.28,"high":267.28,"low":266.66,"close":266.9,"volume":7209,"time":"2022-05-18T11:03:00.000Z","is_complete":true},{"open":266.96,"high":266.98,"low":266.77,"close":266.87,"volume":836,"time":"2022-05-18T11:04:00.000Z","is_complete":true},{"open":266.89,"high":267,"low":266.77,"close":266.77,"volume":2395,"time":"2022-05-18T11:05:00.000Z","is_complete":true},{"open":266.75,"high":266.75,"low":266.17,"close":266.48,"volume":8471,"time":"2022-05-18T11:06:00.000Z","is_complete":true},{"open":266.46,"high":266.9,"low":266.14,"close":266.77,"volume":4839,"time":"2022-05-18T11:07:00.000Z","is_complete":true},{"open":266.77,"high":266.9,"low":266.68,"close":266.82,"volume":2885,"time":"2022-05-18T11:08:00.000Z","is_complete":true},{"open":266.86,"high":266.9,"low":266.77,"close":266.88,"volume":1784,"time":"2022-05-18T11:09:00.000Z","is_complete":true},{"open":266.81,"high":267,"low":266.74,"close":266.88,"volume":2428,"time":"2022-05-18T11:10:00.000Z","is_complete":true},{"open":266.88,"high":266.9,"low":266.7,"close":266.85,"volume":718,"time":"2022-05-18T11:11:00.000Z","is_complete":true},{"open":266.83,"high":266.88,"low":266.7,"close":266.7,"volume":1737,"time":"2022-05-18T11:12:00.000Z","is_complete":true},{"open":266.7,"high":266.75,"low":266.5,"close":266.59,"volume":1860,"time":"2022-05-18T11:13:00.000Z","is_complete":true},{"open":266.6,"high":266.6,"low":266.17,"close":266.42,"volume":2572,"time":"2022-05-18T11:14:00.000Z","is_complete":true},{"open":266.34,"high":266.4,"low":266.11,"close":266.25,"volume":3624,"time":"2022-05-18T11:15:00.000Z","is_complete":true},{"open":266.15,"high":266.28,"low":266.03,"close":266.05,"volume":5652,"time":"2022-05-18T11:16:00.000Z","is_complete":true},{"open":266.05,"high":266.15,"low":265.51,"close":265.51,"volume":18178,"time":"2022-05-18T11:17:00.000Z","is_complete":true},{"open":265.62,"high":265.84,"low":265.51,"close":265.54,"volume":14542,"time":"2022-05-18T11:18:00.000Z","is_complete":true},{"open":265.68,"high":265.71,"low":265.16,"close":265.16,"volume":17899,"time":"2022-05-18T11:19:00.000Z","is_complete":true},{"open":265.17,"high":265.71,"low":265.15,"close":265.52,"volume":12039,"time":"2022-05-18T11:20:00.000Z","is_complete":true},{"open":265.51,"high":265.92,"low":265.4,"close":265.8,"volume":8751,"time":"2022-05-18T11:21:00.000Z","is_complete":true},{"open":265.8,"high":266.25,"low":265.61,"close":265.92,"volume":8469,"time":"2022-05-18T11:22:00.000Z","is_complete":true},{"open":265.93,"high":266.25,"low":265.8,"close":265.85,"volume":6817,"time":"2022-05-18T11:23:00.000Z","is_complete":true},{"open":265.85,"high":266.09,"low":265.8,"close":266,"volume":4981,"time":"2022-05-18T11:24:00.000Z","is_complete":true},{"open":266,"high":266.25,"low":265.86,"close":266.1,"volume":4866,"time":"2022-05-18T11:25:00.000Z","is_complete":true},{"open":266.12,"high":266.7,"low":266.11,"close":266.7,"volume":7745,"time":"2022-05-18T11:26:00.000Z","is_complete":true},{"open":266.7,"high":266.73,"low":266.11,"close":266.11,"volume":12895,"time":"2022-05-18T11:27:00.000Z","is_complete":true},{"open":266.11,"high":266.24,"low":266,"close":266.06,"volume":3362,"time":"2022-05-18T11:28:00.000Z","is_complete":true},{"open":266.06,"high":266.11,"low":266.06,"close":266.07,"volume":1262,"time":"2022-05-18T11:29:00.000Z","is_complete":true},{"open":266.07,"high":266.11,"low":266.06,"close":266.1,"volume":2627,"time":"2022-05-18T11:30:00.000Z","is_complete":true},{"open":266.07,"high":266.11,"low":266.06,"close":266.11,"volume":4803,"time":"2022-05-18T11:31:00.000Z","is_complete":true},{"open":266.07,"high":266.92,"low":266.06,"close":266.75,"volume":6192,"time":"2022-05-18T11:32:00.000Z","is_complete":true},{"open":266.65,"high":266.74,"low":266.2,"close":266.33,"volume":3329,"time":"2022-05-18T11:33:00.000Z","is_complete":true},{"open":266.31,"high":266.55,"low":266.16,"close":266.32,"volume":4249,"time":"2022-05-18T11:34:00.000Z","is_complete":true},{"open":266.32,"high":266.85,"low":266.32,"close":266.69,"volume":2033,"time":"2022-05-18T11:35:00.000Z","is_complete":true},{"open":266.66,"high":266.74,"low":266.34,"close":266.71,"volume":1298,"time":"2022-05-18T11:36:00.000Z","is_complete":true},{"open":266.71,"high":266.74,"low":266.34,"close":266.48,"volume":1227,"time":"2022-05-18T11:37:00.000Z","is_complete":true},{"open":266.5,"high":266.51,"low":266.33,"close":266.39,"volume":1042,"time":"2022-05-18T11:38:00.000Z","is_complete":true},{"open":266.33,"high":266.4,"low":266.27,"close":266.27,"volume":1046,"time":"2022-05-18T11:39:00.000Z","is_complete":true},{"open":266.26,"high":266.37,"low":266.06,"close":266.22,"volume":4734,"time":"2022-05-18T11:40:00.000Z","is_complete":true},{"open":266.22,"high":266.6,"low":266.09,"close":266.58,"volume":1114,"time":"2022-05-18T11:41:00.000Z","is_complete":true},{"open":266.58,"high":266.58,"low":266.21,"close":266.35,"volume":3621,"time":"2022-05-18T11:42:00.000Z","is_complete":true},{"open":266.3,"high":266.43,"low":266.14,"close":266.16,"volume":1552,"time":"2022-05-18T11:43:00.000Z","is_complete":true},{"open":266.27,"high":266.54,"low":266.11,"close":266.37,"volume":1085,"time":"2022-05-18T11:44:00.000Z","is_complete":true},{"open":266.35,"high":266.7,"low":266.35,"close":266.6,"volume":5584,"time":"2022-05-18T11:45:00.000Z","is_complete":true},{"open":266.65,"high":266.7,"low":266.17,"close":266.33,"volume":1078,"time":"2022-05-18T11:46:00.000Z","is_complete":true},{"open":266.33,"high":266.46,"low":266.16,"close":266.41,"volume":795,"time":"2022-05-18T11:47:00.000Z","is_complete":true},{"open":266.43,"high":266.5,"low":266.25,"close":266.48,"volume":970,"time":"2022-05-18T11:48:00.000Z","is_complete":true},{"open":266.44,"high":266.5,"low":266.09,"close":266.22,"volume":2877,"time":"2022-05-18T11:49:00.000Z","is_complete":true},{"open":266.24,"high":266.4,"low":266.06,"close":266.2,"volume":1810,"time":"2022-05-18T11:50:00.000Z","is_complete":true},{"open":266.34,"high":266.5,"low":266.2,"close":266.33,"volume":896,"time":"2022-05-18T11:51:00.000Z","is_complete":true},{"open":266.44,"high":266.48,"low":266.33,"close":266.33,"volume":1013,"time":"2022-05-18T11:52:00.000Z","is_complete":true},{"open":266.33,"high":266.35,"low":266.21,"close":266.25,"volume":1445,"time":"2022-05-18T11:53:00.000Z","is_complete":true},{"open":266.26,"high":266.33,"low":266.14,"close":266.27,"volume":2000,"time":"2022-05-18T11:54:00.000Z","is_complete":true},{"open":266.24,"high":266.3,"low":266.06,"close":266.06,"volume":11628,"time":"2022-05-18T11:55:00.000Z","is_complete":true},{"open":266.06,"high":266.12,"low":266.06,"close":266.06,"volume":2993,"time":"2022-05-18T11:56:00.000Z","is_complete":true},{"open":266.07,"high":266.1,"low":266.01,"close":266.01,"volume":1793,"time":"2022-05-18T11:57:00.000Z","is_complete":true},{"open":266.01,"high":266.08,"low":265.8,"close":265.8,"volume":5155,"time":"2022-05-18T11:58:00.000Z","is_complete":true},{"open":265.8,"high":266,"low":265.55,"close":266,"volume":3705,"time":"2022-05-18T11:59:00.000Z","is_complete":true},{"open":266,"high":266,"low":265.92,"close":265.92,"volume":1679,"time":"2022-05-18T12:00:00.000Z","is_complete":true},{"open":265.92,"high":265.96,"low":265.52,"close":265.52,"volume":3171,"time":"2022-05-18T12:01:00.000Z","is_complete":true},{"open":265.65,"high":265.99,"low":265.51,"close":265.7,"volume":5021,"time":"2022-05-18T12:02:00.000Z","is_complete":true},{"open":265.75,"high":265.75,"low":265.65,"close":265.65,"volume":2224,"time":"2022-05-18T12:03:00.000Z","is_complete":true},{"open":265.65,"high":265.7,"low":265.52,"close":265.56,"volume":3120,"time":"2022-05-18T12:04:00.000Z","is_complete":true},{"open":265.56,"high":265.69,"low":265.52,"close":265.54,"volume":1533,"time":"2022-05-18T12:05:00.000Z","is_complete":true},{"open":265.54,"high":265.75,"low":265.54,"close":265.72,"volume":1652,"time":"2022-05-18T12:06:00.000Z","is_complete":true},{"open":265.7,"high":265.8,"low":265.62,"close":265.78,"volume":2048,"time":"2022-05-18T12:07:00.000Z","is_complete":true},{"open":265.77,"high":265.8,"low":265.62,"close":265.8,"volume":1148,"time":"2022-05-18T12:08:00.000Z","is_complete":true},{"open":265.7,"high":265.9,"low":265.67,"close":265.68,"volume":1377,"time":"2022-05-18T12:09:00.000Z","is_complete":true},{"open":265.82,"high":265.96,"low":265.69,"close":265.84,"volume":1302,"time":"2022-05-18T12:10:00.000Z","is_complete":true},{"open":265.75,"high":265.97,"low":265.71,"close":265.81,"volume":1015,"time":"2022-05-18T12:11:00.000Z","is_complete":true},{"open":265.79,"high":265.79,"low":265.67,"close":265.77,"volume":730,"time":"2022-05-18T12:12:00.000Z","is_complete":true},{"open":265.77,"high":265.77,"low":265.64,"close":265.73,"volume":504,"time":"2022-05-18T12:13:00.000Z","is_complete":true},{"open":265.67,"high":265.79,"low":265.63,"close":265.7,"volume":697,"time":"2022-05-18T12:14:00.000Z","is_complete":true},{"open":265.7,"high":265.79,"low":265.61,"close":265.61,"volume":2213,"time":"2022-05-18T12:15:00.000Z","is_complete":true},{"open":265.63,"high":266,"low":265.61,"close":266,"volume":4876,"time":"2022-05-18T12:16:00.000Z","is_complete":true},{"open":265.93,"high":266.12,"low":265.84,"close":265.89,"volume":4036,"time":"2022-05-18T12:17:00.000Z","is_complete":true},{"open":265.89,"high":265.89,"low":265.68,"close":265.77,"volume":711,"time":"2022-05-18T12:18:00.000Z","is_complete":true},{"open":265.77,"high":265.95,"low":265.62,"close":265.83,"volume":1617,"time":"2022-05-18T12:19:00.000Z","is_complete":true},{"open":265.78,"high":265.94,"low":265.67,"close":265.88,"volume":1147,"time":"2022-05-18T12:20:00.000Z","is_complete":true},{"open":265.92,"high":265.94,"low":265.72,"close":265.81,"volume":651,"time":"2022-05-18T12:21:00.000Z","is_complete":true},{"open":265.81,"high":265.82,"low":265.64,"close":265.81,"volume":1905,"time":"2022-05-18T12:22:00.000Z","is_complete":true},{"open":265.8,"high":265.82,"low":265.65,"close":265.7,"volume":644,"time":"2022-05-18T12:23:00.000Z","is_complete":true},{"open":265.7,"high":266,"low":265.65,"close":265.74,"volume":2912,"time":"2022-05-18T12:24:00.000Z","is_complete":true},{"open":265.74,"high":265.95,"low":265.7,"close":265.78,"volume":1048,"time":"2022-05-18T12:25:00.000Z","is_complete":true},{"open":265.84,"high":265.87,"low":265.7,"close":265.83,"volume":601,"time":"2022-05-18T12:26:00.000Z","is_complete":true},{"open":265.86,"high":266,"low":265.78,"close":265.99,"volume":1781,"time":"2022-05-18T12:27:00.000Z","is_complete":true},{"open":265.94,"high":266.12,"low":265.86,"close":266,"volume":2442,"time":"2022-05-18T12:28:00.000Z","is_complete":true},{"open":266.11,"high":266.2,"low":266,"close":266.17,"volume":2550,"time":"2022-05-18T12:29:00.000Z","is_complete":true},{"open":266.2,"high":266.34,"low":266.12,"close":266.3,"volume":1812,"time":"2022-05-18T12:30:00.000Z","is_complete":true},{"open":266.31,"high":266.31,"low":265.8,"close":266.15,"volume":3495,"time":"2022-05-18T12:31:00.000Z","is_complete":true},{"open":266.16,"high":266.16,"low":266.02,"close":266.02,"volume":667,"time":"2022-05-18T12:32:00.000Z","is_complete":true},{"open":266.11,"high":266.15,"low":266.02,"close":266.04,"volume":1306,"time":"2022-05-18T12:33:00.000Z","is_complete":true},{"open":266.04,"high":266.29,"low":266.02,"close":266.11,"volume":1331,"time":"2022-05-18T12:34:00.000Z","is_complete":true},{"open":266.11,"high":266.43,"low":266.1,"close":266.36,"volume":3108,"time":"2022-05-18T12:35:00.000Z","is_complete":true},{"open":266.41,"high":266.65,"low":266.33,"close":266.64,"volume":5744,"time":"2022-05-18T12:36:00.000Z","is_complete":true},{"open":266.64,"high":266.74,"low":266.57,"close":266.7,"volume":4242,"time":"2022-05-18T12:37:00.000Z","is_complete":true},{"open":266.74,"high":266.98,"low":266.7,"close":266.9,"volume":6945,"time":"2022-05-18T12:38:00.000Z","is_complete":true},{"open":266.9,"high":267.17,"low":266.84,"close":267.15,"volume":16496,"time":"2022-05-18T12:39:00.000Z","is_complete":true},{"open":267.15,"high":267.17,"low":266.66,"close":266.79,"volume":6337,"time":"2022-05-18T12:40:00.000Z","is_complete":true},{"open":266.78,"high":266.9,"low":266.18,"close":266.58,"volume":3573,"time":"2022-05-18T12:41:00.000Z","is_complete":true},{"open":266.58,"high":266.89,"low":266.58,"close":266.84,"volume":2235,"time":"2022-05-18T12:42:00.000Z","is_complete":true},{"open":266.9,"high":267.18,"low":266.83,"close":267.11,"volume":3718,"time":"2022-05-18T12:43:00.000Z","is_complete":true},{"open":267.02,"high":267.11,"low":266.7,"close":266.82,"volume":2543,"time":"2022-05-18T12:44:00.000Z","is_complete":true},{"open":266.92,"high":266.98,"low":266.82,"close":266.82,"volume":1451,"time":"2022-05-18T12:45:00.000Z","is_complete":true},{"open":266.93,"high":267.28,"low":266.75,"close":267.25,"volume":7039,"time":"2022-05-18T12:46:00.000Z","is_complete":true},{"open":267.26,"high":267.5,"low":267.08,"close":267.5,"volume":6189,"time":"2022-05-18T12:47:00.000Z","is_complete":true},{"open":267.48,"high":267.5,"low":267.21,"close":267.27,"volume":5303,"time":"2022-05-18T12:48:00.000Z","is_complete":true},{"open":267.21,"high":267.3,"low":266.8,"close":266.9,"volume":3179,"time":"2022-05-18T12:49:00.000Z","is_complete":true},{"open":267,"high":267.07,"low":266.84,"close":266.98,"volume":1140,"time":"2022-05-18T12:50:00.000Z","is_complete":true},{"open":266.94,"high":267.24,"low":266.32,"close":266.6,"volume":6574,"time":"2022-05-18T12:51:00.000Z","is_complete":true},{"open":266.58,"high":266.63,"low":266.29,"close":266.36,"volume":2189,"time":"2022-05-18T12:52:00.000Z","is_complete":true},{"open":266.4,"high":266.73,"low":266.34,"close":266.66,"volume":1191,"time":"2022-05-18T12:53:00.000Z","is_complete":true},{"open":266.66,"high":266.7,"low":266.43,"close":266.51,"volume":789,"time":"2022-05-18T12:54:00.000Z","is_complete":true},{"open":266.46,"high":266.69,"low":266.44,"close":266.62,"volume":838,"time":"2022-05-18T12:55:00.000Z","is_complete":true},{"open":266.62,"high":266.67,"low":266.05,"close":266.3,"volume":4361,"time":"2022-05-18T12:56:00.000Z","is_complete":true},{"open":266.3,"high":266.62,"low":266.05,"close":266.45,"volume":3328,"time":"2022-05-18T12:57:00.000Z","is_complete":true},{"open":266.45,"high":266.58,"low":266.27,"close":266.27,"volume":1016,"time":"2022-05-18T12:58:00.000Z","is_complete":true},{"open":266.27,"high":266.45,"low":266.1,"close":266.12,"volume":1296,"time":"2022-05-18T12:59:00.000Z","is_complete":true},{"open":266.16,"high":266.31,"low":266.07,"close":266.26,"volume":1565,"time":"2022-05-18T13:00:00.000Z","is_complete":true},{"open":266.28,"high":266.37,"low":266.13,"close":266.29,"volume":633,"time":"2022-05-18T13:01:00.000Z","is_complete":true},{"open":266.2,"high":266.35,"low":266.17,"close":266.3,"volume":1173,"time":"2022-05-18T13:02:00.000Z","is_complete":true},{"open":266.3,"high":266.81,"low":266.25,"close":266.79,"volume":5105,"time":"2022-05-18T13:03:00.000Z","is_complete":true},{"open":266.79,"high":266.97,"low":266.53,"close":266.8,"volume":2392,"time":"2022-05-18T13:04:00.000Z","is_complete":true},{"open":266.8,"high":267,"low":266.74,"close":267,"volume":1807,"time":"2022-05-18T13:05:00.000Z","is_complete":true},{"open":267,"high":267.39,"low":266.92,"close":267.05,"volume":4894,"time":"2022-05-18T13:06:00.000Z","is_complete":true},{"open":267.09,"high":267.21,"low":266.4,"close":266.54,"volume":6266,"time":"2022-05-18T13:07:00.000Z","is_complete":true},{"open":266.51,"high":266.58,"low":266.31,"close":266.33,"volume":1670,"time":"2022-05-18T13:08:00.000Z","is_complete":true},{"open":266.48,"high":266.5,"low":266.22,"close":266.42,"volume":2176,"time":"2022-05-18T13:09:00.000Z","is_complete":true},{"open":266.32,"high":266.43,"low":266.23,"close":266.23,"volume":2590,"time":"2022-05-18T13:10:00.000Z","is_complete":true},{"open":266.22,"high":266.31,"low":266.05,"close":266.16,"volume":3935,"time":"2022-05-18T13:11:00.000Z","is_complete":true},{"open":266.15,"high":266.31,"low":266.13,"close":266.29,"volume":1038,"time":"2022-05-18T13:12:00.000Z","is_complete":true},{"open":266.29,"high":266.43,"low":266.28,"close":266.33,"volume":1377,"time":"2022-05-18T13:13:00.000Z","is_complete":true},{"open":266.37,"high":266.57,"low":266.29,"close":266.41,"volume":2655,"time":"2022-05-18T13:14:00.000Z","is_complete":true},{"open":266.31,"high":266.48,"low":265.72,"close":265.96,"volume":15924,"time":"2022-05-18T13:15:00.000Z","is_complete":true},{"open":265.95,"high":266.2,"low":265.52,"close":265.68,"volume":9695,"time":"2022-05-18T13:16:00.000Z","is_complete":true},{"open":265.85,"high":265.92,"low":265.63,"close":265.75,"volume":2076,"time":"2022-05-18T13:17:00.000Z","is_complete":true},{"open":265.75,"high":265.8,"low":265.56,"close":265.62,"volume":1618,"time":"2022-05-18T13:18:00.000Z","is_complete":true},{"open":265.66,"high":265.8,"low":265.61,"close":265.61,"volume":1894,"time":"2022-05-18T13:19:00.000Z","is_complete":true},{"open":265.63,"high":266.37,"low":265.6,"close":266.28,"volume":6866,"time":"2022-05-18T13:20:00.000Z","is_complete":true},{"open":266.19,"high":266.26,"low":265.82,"close":265.93,"volume":880,"time":"2022-05-18T13:21:00.000Z","is_complete":true},{"open":265.93,"high":266.05,"low":265.9,"close":265.95,"volume":1004,"time":"2022-05-18T13:22:00.000Z","is_complete":true},{"open":266.05,"high":266.05,"low":265.84,"close":265.99,"volume":694,"time":"2022-05-18T13:23:00.000Z","is_complete":true},{"open":266,"high":266.05,"low":265.72,"close":265.78,"volume":1389,"time":"2022-05-18T13:24:00.000Z","is_complete":true},{"open":265.76,"high":266,"low":265.72,"close":265.89,"volume":1316,"time":"2022-05-18T13:25:00.000Z","is_complete":true},{"open":265.89,"high":266.04,"low":265.8,"close":266.02,"volume":1713,"time":"2022-05-18T13:26:00.000Z","is_complete":true},{"open":266.02,"high":266.27,"low":265.9,"close":266.01,"volume":1522,"time":"2022-05-18T13:27:00.000Z","is_complete":true},{"open":266.11,"high":266.23,"low":266.01,"close":266.2,"volume":753,"time":"2022-05-18T13:28:00.000Z","is_complete":true},{"open":266.2,"high":266.28,"low":266,"close":266,"volume":3936,"time":"2022-05-18T13:29:00.000Z","is_complete":true},{"open":266.03,"high":266.08,"low":265.7,"close":265.85,"volume":5837,"time":"2022-05-18T13:30:00.000Z","is_complete":true},{"open":265.86,"high":265.99,"low":265.75,"close":265.96,"volume":879,"time":"2022-05-18T13:31:00.000Z","is_complete":true},{"open":265.98,"high":266,"low":265.85,"close":265.86,"volume":1781,"time":"2022-05-18T13:32:00.000Z","is_complete":true},{"open":265.95,"high":266,"low":265.85,"close":265.85,"volume":1431,"time":"2022-05-18T13:33:00.000Z","is_complete":true},{"open":265.88,"high":266.05,"low":265.86,"close":265.96,"volume":1406,"time":"2022-05-18T13:34:00.000Z","is_complete":true},{"open":265.96,"high":266.19,"low":265.95,"close":266.18,"volume":1005,"time":"2022-05-18T13:35:00.000Z","is_complete":true},{"open":266.16,"high":266.2,"low":266.05,"close":266.19,"volume":2333,"time":"2022-05-18T13:36:00.000Z","is_complete":true},{"open":266.19,"high":266.48,"low":266.1,"close":266.42,"volume":6039,"time":"2022-05-18T13:37:00.000Z","is_complete":true},{"open":266.43,"high":266.48,"low":266.27,"close":266.34,"volume":1654,"time":"2022-05-18T13:38:00.000Z","is_complete":true},{"open":266.35,"high":266.44,"low":266.1,"close":266.13,"volume":3002,"time":"2022-05-18T13:39:00.000Z","is_complete":true},{"open":266.11,"high":266.2,"low":265.8,"close":265.82,"volume":7429,"time":"2022-05-18T13:40:00.000Z","is_complete":true},{"open":265.98,"high":266.09,"low":265.78,"close":265.8,"volume":3606,"time":"2022-05-18T13:41:00.000Z","is_complete":true},{"open":265.81,"high":266.02,"low":265.81,"close":265.88,"volume":2070,"time":"2022-05-18T13:42:00.000Z","is_complete":true},{"open":265.88,"high":266.06,"low":265.8,"close":265.89,"volume":8452,"time":"2022-05-18T13:43:00.000Z","is_complete":true},{"open":265.99,"high":266,"low":265.8,"close":265.81,"volume":3159,"time":"2022-05-18T13:44:00.000Z","is_complete":true},{"open":265.9,"high":265.92,"low":265.5,"close":265.52,"volume":19855,"time":"2022-05-18T13:45:00.000Z","is_complete":true},{"open":265.52,"high":265.82,"low":265.51,"close":265.76,"volume":5767,"time":"2022-05-18T13:46:00.000Z","is_complete":true},{"open":265.7,"high":265.8,"low":265.55,"close":265.6,"volume":2986,"time":"2022-05-18T13:47:00.000Z","is_complete":true},{"open":265.6,"high":265.71,"low":265.56,"close":265.67,"volume":2170,"time":"2022-05-18T13:48:00.000Z","is_complete":true},{"open":265.65,"high":265.81,"low":265.6,"close":265.64,"volume":4506,"time":"2022-05-18T13:49:00.000Z","is_complete":true},{"open":265.64,"high":265.69,"low":265.5,"close":265.5,"volume":13750,"time":"2022-05-18T13:50:00.000Z","is_complete":true},{"open":265.5,"high":265.8,"low":265.05,"close":265.09,"volume":40001,"time":"2022-05-18T13:51:00.000Z","is_complete":true},{"open":265.08,"high":265.25,"low":265.05,"close":265.25,"volume":16733,"time":"2022-05-18T13:52:00.000Z","is_complete":true},{"open":265.27,"high":265.34,"low":265.05,"close":265.05,"volume":15947,"time":"2022-05-18T13:53:00.000Z","is_complete":true},{"open":265.06,"high":265.8,"low":265,"close":265.7,"volume":52452,"time":"2022-05-18T13:54:00.000Z","is_complete":true},{"open":265.7,"high":265.79,"low":265.27,"close":265.46,"volume":5431,"time":"2022-05-18T13:55:00.000Z","is_complete":true},{"open":265.5,"high":265.63,"low":265.06,"close":265.09,"volume":5220,"time":"2022-05-18T13:56:00.000Z","is_complete":true},{"open":265.08,"high":265.46,"low":265,"close":265.42,"volume":28085,"time":"2022-05-18T13:57:00.000Z","is_complete":true},{"open":265.29,"high":265.46,"low":265.11,"close":265.11,"volume":4207,"time":"2022-05-18T13:58:00.000Z","is_complete":true},{"open":265.11,"high":265.33,"low":265.1,"close":265.22,"volume":1765,"time":"2022-05-18T13:59:00.000Z","is_complete":true},{"open":265.26,"high":265.5,"low":265.2,"close":265.5,"volume":4394,"time":"2022-05-18T14:00:00.000Z","is_complete":true},{"open":265.5,"high":265.8,"low":265.45,"close":265.7,"volume":5630,"time":"2022-05-18T14:01:00.000Z","is_complete":true},{"open":265.55,"high":265.75,"low":265.41,"close":265.41,"volume":927,"time":"2022-05-18T14:02:00.000Z","is_complete":true},{"open":265.59,"high":265.7,"low":265.41,"close":265.65,"volume":1130,"time":"2022-05-18T14:03:00.000Z","is_complete":true},{"open":265.65,"high":265.7,"low":265.41,"close":265.41,"volume":2401,"time":"2022-05-18T14:04:00.000Z","is_complete":true},{"open":265.41,"high":265.5,"low":265.32,"close":265.32,"volume":2053,"time":"2022-05-18T14:05:00.000Z","is_complete":true},{"open":265.46,"high":265.46,"low":265.2,"close":265.2,"volume":1699,"time":"2022-05-18T14:06:00.000Z","is_complete":true},{"open":265.2,"high":265.26,"low":265.11,"close":265.15,"volume":1614,"time":"2022-05-18T14:07:00.000Z","is_complete":true},{"open":265.12,"high":265.2,"low":265.05,"close":265.08,"volume":4913,"time":"2022-05-18T14:08:00.000Z","is_complete":true},{"open":265.06,"high":265.19,"low":265,"close":265.19,"volume":35380,"time":"2022-05-18T14:09:00.000Z","is_complete":true},{"open":265.19,"high":265.19,"low":265.05,"close":265.18,"volume":2271,"time":"2022-05-18T14:10:00.000Z","is_complete":true},{"open":265.14,"high":265.19,"low":265,"close":265,"volume":16054,"time":"2022-05-18T14:11:00.000Z","is_complete":true},{"open":265,"high":265.45,"low":265,"close":265.22,"volume":13200,"time":"2022-05-18T14:12:00.000Z","is_complete":true},{"open":265.24,"high":265.36,"low":265.09,"close":265.23,"volume":3040,"time":"2022-05-18T14:13:00.000Z","is_complete":true},{"open":265.23,"high":265.24,"low":265.01,"close":265.03,"volume":5720,"time":"2022-05-18T14:14:00.000Z","is_complete":true},{"open":265.16,"high":265.17,"low":265.03,"close":265.15,"volume":993,"time":"2022-05-18T14:15:00.000Z","is_complete":true},{"open":265.12,"high":265.17,"low":265.03,"close":265.09,"volume":1393,"time":"2022-05-18T14:16:00.000Z","is_complete":true},{"open":265.09,"high":265.1,"low":265,"close":265.07,"volume":5080,"time":"2022-05-18T14:17:00.000Z","is_complete":true},{"open":265.04,"high":265.1,"low":265,"close":265.02,"volume":17581,"time":"2022-05-18T14:18:00.000Z","is_complete":true},{"open":265.02,"high":265.15,"low":265.02,"close":265.04,"volume":2974,"time":"2022-05-18T14:19:00.000Z","is_complete":true},{"open":265.08,"high":265.14,"low":262,"close":263.82,"volume":135783,"time":"2022-05-18T14:20:00.000Z","is_complete":true},{"open":263.82,"high":264.09,"low":263.56,"close":263.68,"volume":11230,"time":"2022-05-18T14:21:00.000Z","is_complete":true},{"open":263.72,"high":263.98,"low":263.5,"close":263.62,"volume":19327,"time":"2022-05-18T14:22:00.000Z","is_complete":true},{"open":263.62,"high":263.97,"low":263.52,"close":263.94,"volume":9069,"time":"2022-05-18T14:23:00.000Z","is_complete":true},{"open":263.84,"high":264.48,"low":263.8,"close":264.34,"volume":9634,"time":"2022-05-18T14:24:00.000Z","is_complete":true},{"open":264.34,"high":264.39,"low":264,"close":264.16,"volume":3120,"time":"2022-05-18T14:25:00.000Z","is_complete":true},{"open":264.1,"high":264.26,"low":263.2,"close":263.84,"volume":18710,"time":"2022-05-18T14:26:00.000Z","is_complete":true},{"open":263.52,"high":264.27,"low":263.01,"close":263.36,"volume":14875,"time":"2022-05-18T14:27:00.000Z","is_complete":true},{"open":263.36,"high":264.23,"low":262.53,"close":264,"volume":31498,"time":"2022-05-18T14:28:00.000Z","is_complete":true},{"open":264,"high":264.1,"low":263.54,"close":263.86,"volume":15568,"time":"2022-05-18T14:29:00.000Z","is_complete":true},{"open":263.86,"high":263.86,"low":263.18,"close":263.35,"volume":3160,"time":"2022-05-18T14:30:00.000Z","is_complete":true},{"open":263.19,"high":263.36,"low":262.74,"close":262.91,"volume":10150,"time":"2022-05-18T14:31:00.000Z","is_complete":true},{"open":262.94,"high":262.94,"low":262.32,"close":262.4,"volume":16726,"time":"2022-05-18T14:32:00.000Z","is_complete":true},{"open":262.4,"high":262.7,"low":262.3,"close":262.5,"volume":5517,"time":"2022-05-18T14:33:00.000Z","is_complete":true},{"open":262.42,"high":262.5,"low":262.21,"close":262.25,"volume":8252,"time":"2022-05-18T14:34:00.000Z","is_complete":true},{"open":262.25,"high":262.92,"low":262.21,"close":262.92,"volume":16427,"time":"2022-05-18T14:35:00.000Z","is_complete":true},{"open":262.92,"high":263.69,"low":262.86,"close":263.2,"volume":18922,"time":"2022-05-18T14:36:00.000Z","is_complete":true},{"open":263.19,"high":263.4,"low":263.01,"close":263.01,"volume":4792,"time":"2022-05-18T14:37:00.000Z","is_complete":true},{"open":263.01,"high":263.34,"low":263,"close":263.3,"volume":4527,"time":"2022-05-18T14:38:00.000Z","is_complete":true},{"open":263.2,"high":263.5,"low":263.13,"close":263.29,"volume":4511,"time":"2022-05-18T14:39:00.000Z","is_complete":true},{"open":263.29,"high":264.74,"low":263.2,"close":264.69,"volume":14291,"time":"2022-05-18T14:40:00.000Z","is_complete":true},{"open":264.68,"high":264.78,"low":264.02,"close":264.75,"volume":9631,"time":"2022-05-18T14:41:00.000Z","is_complete":true},{"open":264.65,"high":264.78,"low":264,"close":264.12,"volume":6954,"time":"2022-05-18T14:42:00.000Z","is_complete":true},{"open":264.03,"high":264.21,"low":264,"close":264.17,"volume":2795,"time":"2022-05-18T14:43:00.000Z","is_complete":true},{"open":264.1,"high":264.2,"low":264.01,"close":264.01,"volume":1628,"time":"2022-05-18T14:44:00.000Z","is_complete":true},{"open":264.15,"high":264.28,"low":264.01,"close":264.24,"volume":2658,"time":"2022-05-18T14:45:00.000Z","is_complete":true},{"open":264.17,"high":264.48,"low":264.14,"close":264.42,"volume":4693,"time":"2022-05-18T14:46:00.000Z","is_complete":true},{"open":264.42,"high":264.5,"low":264.31,"close":264.49,"volume":5542,"time":"2022-05-18T14:47:00.000Z","is_complete":true},{"open":264.45,"high":264.74,"low":264.43,"close":264.59,"volume":6706,"time":"2022-05-18T14:48:00.000Z","is_complete":true},{"open":264.59,"high":264.78,"low":264.5,"close":264.75,"volume":3418,"time":"2022-05-18T14:49:00.000Z","is_complete":true},{"open":264.75,"high":265,"low":264.75,"close":264.97,"volume":6307,"time":"2022-05-18T14:50:00.000Z","is_complete":true},{"open":264.97,"high":265.49,"low":264.97,"close":265.25,"volume":7920,"time":"2022-05-18T14:51:00.000Z","is_complete":true},{"open":265.25,"high":265.5,"low":265.01,"close":265.14,"volume":5909,"time":"2022-05-18T14:52:00.000Z","is_complete":true},{"open":265.12,"high":265.3,"low":264.65,"close":265.3,"volume":6705,"time":"2022-05-18T14:53:00.000Z","is_complete":true},{"open":265.17,"high":265.47,"low":265.03,"close":265.15,"volume":2837,"time":"2022-05-18T14:54:00.000Z","is_complete":true},{"open":265.16,"high":265.39,"low":264.6,"close":264.96,"volume":3979,"time":"2022-05-18T14:55:00.000Z","is_complete":true},{"open":264.96,"high":265,"low":264.5,"close":264.5,"volume":2471,"time":"2022-05-18T14:56:00.000Z","is_complete":true},{"open":264.5,"high":264.78,"low":264.5,"close":264.58,"volume":2219,"time":"2022-05-18T14:57:00.000Z","is_complete":true},{"open":264.59,"high":264.88,"low":264.58,"close":264.75,"volume":1889,"time":"2022-05-18T14:58:00.000Z","is_complete":true},{"open":264.74,"high":264.75,"low":264.57,"close":264.72,"volume":1719,"time":"2022-05-18T14:59:00.000Z","is_complete":true},{"open":264.74,"high":264.8,"low":264.56,"close":264.73,"volume":1542,"time":"2022-05-18T15:00:00.000Z","is_complete":true},{"open":264.71,"high":264.88,"low":264.65,"close":264.8,"volume":1462,"time":"2022-05-18T15:01:00.000Z","is_complete":true},{"open":264.8,"high":264.88,"low":264.66,"close":264.88,"volume":878,"time":"2022-05-18T15:02:00.000Z","is_complete":true},{"open":264.88,"high":264.88,"low":264.58,"close":264.58,"volume":1223,"time":"2022-05-18T15:03:00.000Z","is_complete":true},{"open":264.65,"high":264.99,"low":264.55,"close":264.73,"volume":1976,"time":"2022-05-18T15:04:00.000Z","is_complete":true},{"open":264.73,"high":265.18,"low":264.73,"close":265.01,"volume":3366,"time":"2022-05-18T15:05:00.000Z","is_complete":true},{"open":265.15,"high":265.18,"low":265,"close":265,"volume":3398,"time":"2022-05-18T15:06:00.000Z","is_complete":true},{"open":265,"high":265,"low":264.5,"close":264.5,"volume":2942,"time":"2022-05-18T15:07:00.000Z","is_complete":true},{"open":264.46,"high":264.5,"low":264.17,"close":264.2,"volume":4138,"time":"2022-05-18T15:08:00.000Z","is_complete":true},{"open":264.24,"high":264.3,"low":263.2,"close":263.6,"volume":19929,"time":"2022-05-18T15:09:00.000Z","is_complete":true},{"open":263.58,"high":263.6,"low":263.01,"close":263.01,"volume":9750,"time":"2022-05-18T15:10:00.000Z","is_complete":true},{"open":263.06,"high":264.35,"low":263,"close":263.89,"volume":15017,"time":"2022-05-18T15:11:00.000Z","is_complete":true},{"open":263.89,"high":264.8,"low":263.86,"close":264.39,"volume":10314,"time":"2022-05-18T15:12:00.000Z","is_complete":true},{"open":264.39,"high":264.6,"low":264.2,"close":264.49,"volume":1473,"time":"2022-05-18T15:13:00.000Z","is_complete":true},{"open":264.49,"high":264.5,"low":264,"close":264.05,"volume":3367,"time":"2022-05-18T15:14:00.000Z","is_complete":true},{"open":264,"high":264.05,"low":263,"close":263.34,"volume":20857,"time":"2022-05-18T15:15:00.000Z","is_complete":true},{"open":263.31,"high":263.34,"low":263,"close":263.18,"volume":7287,"time":"2022-05-18T15:16:00.000Z","is_complete":true},{"open":263.06,"high":263.2,"low":263,"close":263.05,"volume":4608,"time":"2022-05-18T15:17:00.000Z","is_complete":true},{"open":263.05,"high":263.34,"low":263.01,"close":263.33,"volume":3829,"time":"2022-05-18T15:18:00.000Z","is_complete":true},{"open":263.32,"high":263.51,"low":263.17,"close":263.17,"volume":3515,"time":"2022-05-18T15:19:00.000Z","is_complete":true},{"open":263.18,"high":264.5,"low":263.17,"close":264.05,"volume":20253,"time":"2022-05-18T15:20:00.000Z","is_complete":true},{"open":264,"high":264.35,"low":263.72,"close":263.83,"volume":3206,"time":"2022-05-18T15:21:00.000Z","is_complete":true},{"open":263.87,"high":264.41,"low":263.51,"close":263.59,"volume":2377,"time":"2022-05-18T15:22:00.000Z","is_complete":true},{"open":263.69,"high":263.91,"low":263.5,"close":263.8,"volume":823,"time":"2022-05-18T15:23:00.000Z","is_complete":true},{"open":263.7,"high":263.93,"low":263.6,"close":263.81,"volume":792,"time":"2022-05-18T15:24:00.000Z","is_complete":true},{"open":263.9,"high":264,"low":263.81,"close":263.9,"volume":2590,"time":"2022-05-18T15:25:00.000Z","is_complete":true},{"open":263.91,"high":263.93,"low":263.75,"close":263.77,"volume":1748,"time":"2022-05-18T15:26:00.000Z","is_complete":true},{"open":263.77,"high":264.15,"low":263.73,"close":263.89,"volume":5854,"time":"2022-05-18T15:27:00.000Z","is_complete":true},{"open":263.81,"high":264,"low":263.8,"close":263.95,"volume":2239,"time":"2022-05-18T15:28:00.000Z","is_complete":true},{"open":263.97,"high":264.34,"low":263.93,"close":264.3,"volume":7761,"time":"2022-05-18T15:29:00.000Z","is_complete":true},{"open":264.15,"high":264.28,"low":264,"close":264.12,"volume":2841,"time":"2022-05-18T15:30:00.000Z","is_complete":true},{"open":264.04,"high":264.05,"low":263.81,"close":263.99,"volume":2241,"time":"2022-05-18T15:31:00.000Z","is_complete":true},{"open":263.99,"high":264,"low":263.71,"close":263.96,"volume":3986,"time":"2022-05-18T15:32:00.000Z","is_complete":true},{"open":263.92,"high":264.2,"low":263.63,"close":264.11,"volume":9210,"time":"2022-05-18T15:33:00.000Z","is_complete":true},{"open":264.12,"high":264.24,"low":264,"close":264.12,"volume":2287,"time":"2022-05-18T15:34:00.000Z","is_complete":true},{"open":264.2,"high":264.62,"low":264,"close":264.49,"volume":19156,"time":"2022-05-18T15:35:00.000Z","is_complete":true},{"open":264.46,"high":265.05,"low":264.34,"close":265.04,"volume":12882,"time":"2022-05-18T15:36:00.000Z","is_complete":true},{"open":265,"high":265.2,"low":264.36,"close":265.1,"volume":21144,"time":"2022-05-18T15:37:00.000Z","is_complete":true},{"open":265.1,"high":265.47,"low":265.02,"close":265.4,"volume":17334,"time":"2022-05-18T15:38:00.000Z","is_complete":true},{"open":265.38,"high":265.5,"low":265.05,"close":265.48,"volume":11554,"time":"2022-05-18T15:39:00.000Z","is_complete":true},{"open":264.84,"high":264.84,"low":264.84,"close":264.84,"volume":8985,"time":"2022-05-18T15:45:00.000Z","is_complete":true},{"open":264.84,"high":264.84,"low":264.84,"close":264.84,"volume":595,"time":"2022-05-18T15:46:00.000Z","is_complete":true},{"open":264.84,"high":264.84,"low":264.84,"close":264.84,"volume":1836,"time":"2022-05-18T15:47:00.000Z","is_complete":true},{"open":264.84,"high":264.84,"low":264.84,"close":264.84,"volume":95,"time":"2022-05-18T15:48:00.000Z","is_complete":true},{"open":264.84,"high":264.84,"low":264.84,"close":264.84,"volume":557,"time":"2022-05-18T15:49:00.000Z","is_complete":true}]}