{
  "annotations": {
    "list": [
      {
        "builtIn": 1,
        "datasource": {
          "type": "grafana",
          "uid": "-- Grafana --"
        },
        "enable": true,
        "hide": true,
        "iconColor": "rgba(0, 211, 255, 1)",
        "name": "Annotations & Alerts",
        "target": {
          "limit": 100,
          "matchAny": false,
          "tags": [],
          "type": "dashboard"
        },
        "type": "dashboard"
      }
    ]
  },
  "editable": true,
  "fiscalYearStartMonth": 0,
  "graphTooltip": 0,
  "links": [],
  "liveNow": false,
  "panels": [
    {
      "datasource": {
        "type": "dashboard",
        "uid": "-- Dashboard --"
      },
      "gridPos": {
        "h": 8,
        "w": 3,
        "x": 0,
        "y": 0
      },
      "header_js": "{}",
      "method": "iframe",
      "mode": "html",
      "params_js": "{\n}",
      "request": "http",
      "responseType": "text",
      "showErrors": false,
      "showTime": false,
      "showTimeFormat": "LTS",
      "showTimeValue": "request",
      "skipSameURL": false,
      "targets": [
        {
          "datasource": {
            "type": "datasource",
            "uid": "-- Dashboard --"
          },
          "refId": "A"
        }
      ],
      "templateResponse": true,
      "transparent": true,
      "type": "ryantxu-ajax-panel",
      "url": "http://<host>:<port>/botcontrols?id=<bot_id>",
      "withCredentials": false
    },
    {
      "datasource": {
        "type": "dashboard",
        "uid": "-- Dashboard --"
      },
      "gridPos": {
        "h": 8,
        "w": 4,
        "x": 3,
        "y": 0
      },
      "header_js": "{}",
      "method": "iframe",
      "mode": "html",
      "params_js": "{\n}",
      "request": "http",
      "responseType": "text",
      "showErrors": false,
      "showTime": false,
      "showTimeFormat": "LTS",
      "showTimeValue": "request",
      "skipSameURL": false,
      "targets": [
        {
          "datasource": {
            "type": "datasource",
            "uid": "-- Dashboard --"
          },
          "refId": "A"
        }
      ],
      "templateResponse": true,
      "transparent": true,
      "type": "ryantxu-ajax-panel",
      "url": "http://<host>:<port>/botdesc?id=<bot_id>",
      "withCredentials": false
    },
    {
      "datasource": {
        "type": "dashboard",
        "uid": "-- Dashboard --"
      },
      "gridPos": {
        "h": 8,
        "w": 17,
        "x": 7,
        "y": 0
      },
      "header_js": "{}",
      "method": "iframe",
      "mode": "html",
      "params_js": "{\n}",
      "request": "http",
      "responseType": "text",
      "showErrors": false,
      "showTime": false,
      "showTimeFormat": "LTS",
      "showTimeValue": "request",
      "skipSameURL": false,
      "targets": [
        {
          "datasource": {
            "type": "datasource",
            "uid": "-- Dashboard --"
          },
          "refId": "A"
        }
      ],
      "templateResponse": true,
      "transparent": true,
      "type": "ryantxu-ajax-panel",
      "url": "http://<host>:<port>/botlog?id=<bot_id>",
      "withCredentials": false
    },
    {
      "gridPos": {
        "h": 15,
        "w": 17,
        "x": 0,
        "y": 8
      },
      "type": "candlestick",
      "title": "Candle chart",
      "datasource": {
        "type": "influxdb",
        "uid": "-- InfluxDB --"
      },
      "fieldConfig": {
        "defaults": {
          "custom": {
            "drawStyle": "line",
            "lineInterpolation": "smooth",
            "barAlignment": 0,
            "lineWidth": 2,
            "fillOpacity": 0,
            "gradientMode": "none",
            "spanNulls": false,
            "showPoints": "never",
            "pointSize": 5,
            "stacking": {
              "mode": "none",
              "group": "A"
            },
            "axisPlacement": "auto",
            "axisLabel": "",
            "axisColorMode": "text",
            "scaleDistribution": {
              "type": "linear"
            },
            "axisCenteredZero": false,
            "hideFrom": {
              "tooltip": false,
              "viz": false,
              "legend": false
            },
            "thresholdsStyle": {
              "mode": "off"
            },
            "lineStyle": {
              "fill": "solid"
            }
          },
          "color": {
            "mode": "palette-classic"
          },
          "mappings": [],
          "thresholds": {
            "mode": "absolute",
            "steps": [
              {
                "color": "green",
                "value": null
              },
              {
                "color": "red",
                "value": 80
              }
            ]
          },
          "decimals": 2
        },
        "overrides": []
      },
      "options": {
        "mode": "candles+volume",
        "candleStyle": "candles",
        "colorStrategy": "open-close",
        "colors": {
          "up": "green",
          "down": "red"
        },
        "includeAllFields": true,
        "legend": {
          "showLegend": false,
          "displayMode": "list",
          "placement": "bottom",
          "calcs": []
        },
        "fields": {
          "open": "open",
          "high": "high",
          "low": "low",
          "close": "close",
          "volume": "volume"
        }
      },
      "targets": [
        {
          "datasource": {
            "type": "influxdb",
            "uid": "-- InfluxDB --"
          },
          "query": "from(bucket:\"tinkoff-invest-contest\")\r\n    |> range(start: v.timeRangeStart, stop: v.timeRangeStop)\r\n    |> filter(\r\n        fn: (r) => r._measurement == \"bot_<bot_id>_candles\" or r._measurement == \"bot_<bot_id>_strategy_output\"\r\n    )",
          "refId": "A"
        }
      ]
    },
    {
      "datasource": {
        "type": "datasource",
        "uid": "-- Dashboard --"
      },
      "gridPos": {
        "h": 15,
        "w": 7,
        "x": 17,
        "y": 8
      },
      "options": {
        "limit": 12,
        "navigateAfter": "10m",
        "navigateBefore": "10m",
        "onlyFromThisDashboard": true,
        "onlyInTimeRange": true,
        "showTags": true,
        "showTime": true,
        "showUser": true
      },
      "targets": [
        {
          "datasource": {
            "type": "datasource",
            "uid": "-- Dashboard --"
          },
          "refId": "A"
        }
      ],
      "title": "Orders",
      "type": "annolist"
    }
  ],
  "refresh": "1s",
  "schemaVersion": 36,
  "style": "dark",
  "tags": [],
  "templating": {
    "list": []
  },
  "time": {
    "from": "now-1h",
    "to": "now"
  },
  "timepicker": {
    "refresh_intervals": [
      "1s",
      "5s",
      "10s",
      "30s",
      "1m",
      "5m",
      "15m",
      "30m",
      "1h",
      "2h",
      "1d"
    ]
  },
  "timezone": "",
  "title": "<bot_name>",
  "version": 9,
  "weekStart": ""
}
